session_date,as_of_utc,trade_code,trade_code_short,contract_codes,contract_months,spread_id,spread_name,family,structure_roots,quote_convention,calculation_unit,status,portfolio_action,portfolio_selected,portfolio_rank,portfolio_candidate_rank,daily_trade_limit,daily_trade_slots_remaining,signal_strategy_id,direction_evidence_validated,display_unit,display_current,display_buy_entry,display_sell_entry,display_fair_value,display_long_stop,display_short_stop,current_spread,buy_entry_ceiling,sell_entry_floor,fair_value_target,confidence,pattern_state,pattern_strength,pattern_agreement,pattern_components,advanced_risk_regime,regime,expected_edge_usd,round_trip_cost_usd,expected_edge_to_cost,relative_volume,liquidity_gate,package_volume_capacity,max_leg_bid_ask_ticks,heating_oil_cpg,gasoil_usd_mt,gasoil_usd_bbl,gasoil_cpg,hogo_cpg,conversion_method,earliest_risk_date,mandatory_last_exit_session,sessions_to_risk_date,oos_grade,demo_mode,bar_interval_minutes,strategy_count,untouched_lockbox_sessions,rolling_intraday_months,walk_forward_train_sessions,walk_forward_validation_sessions,walk_forward_test_sessions,walk_forward_embargo_sessions,lockbox_used_for_training,maximum_new_trades_per_session
2026-09-01,2026-09-01T18:15:00.000+0000,Nov26 HO/Brent/Gasoil Box,Nov HO/Brent/Gasoil Box,HOX6 Comdty | COX6 Comdty | QSX6 Comdty | COX6 Comdty,2026-11-01,HO_BRENT_VS_QS_BRENT,HO/Brent less QS/Brent Identity,Identity,HO|CO|QS,NORMALIZED_USD_BBL,USD/bbl,ANALYTIC ONLY,NOT_ACTIONABLE,false,,,3,3,REGIME_ENSEMBLE,false,USD/bbl,0.019124145029763895,0.21304090633630768,5.068447989079952,1.85324171744287,-0.17628551054122,0.21453380060074778,0.019124145029763895,0.21304090633630768,5.068447989079952,1.85324171744287,0.473964,ANALYTIC_ONLY,0.170755,0.14285714285714285,0 long / 1 short; top=FLOW_DIVERGENCE,NORMAL,TRENDING,0.0,410.2,0.0,1.0355006456375122,CAPACITY_BELOW_ONE_PACKAGE,14.174200057983398,2.049999952316284,207.3982126402968,648.806532471017,87.0881251638949,207.35267896165453,,Normalized USD/bbl package quote,2026-09-30,2026-09-24,21,DEMO ONLY - NOT VALIDATED,true,15,9,30,18,180,30,15,5,false,3
2026-09-01,2026-09-01T18:15:00.000+0000,Nov26/Dec26 HO/WTI/Gasoil/Brent Box,Nov/Dec HO/WTI/Gasoil/Brent Box,HOX6 Comdty | CLX6 Comdty | HOZ6 Comdty | CLZ6 Comdty | QSX6 Comdty | COX6 Comdty | QSZ6 Comdty | COZ6 Comdty,2026-11-01 | 2026-12-01,REL_CRACK_CURVE_BOX,US-Europe Crack Curve Box,Relative Box,HO|CL|QS|CO,NORMALIZED_USD_BBL,USD/bbl,ANALYTIC ONLY,NOT_ACTIONABLE,false,,,3,3,REGIME_ENSEMBLE,false,USD/bbl,-0.23784572051195596,-1.0489165914115308,1.0282484070268272,-0.06953547345474362,-0.5118647755804488,0.03617333455653693,-0.23784572051195596,-1.0489165914115308,1.0282484070268272,-0.06953547345474362,0.413434,ANALYTIC_ONLY,0.185731,0.14285714285714285,1 long / 0 short; top=ERROR_CORRECTION_RESIDUAL,NORMAL,MIXED,0.0,820.4,0.0,0.7153178453445435,CAPACITY_BELOW_ONE_PACKAGE,7.086953163146973,2.4000000953674316,207.3982126402968,648.806532471017,87.0881251638949,207.35267896165453,,Normalized USD/bbl package quote,2026-09-30,2026-09-24,21,DEMO ONLY - NOT VALIDATED,true,15,9,30,18,180,30,15,5,false,3
2026-09-01,2026-09-01T18:15:00.000+0000,Nov26 Gasoil/Brent/WTI Box,Nov Gasoil/Brent/WTI Box,QSX6 Comdty | COX6 Comdty | QSX6 Comdty | CLX6 Comdty,2026-11-01,QS_BRENT_VS_QS_WTI,QS/Brent less QS/WTI Identity,Identity,QS|CO|CL,NORMALIZED_USD_BBL,USD/bbl,ANALYTIC ONLY,NOT_ACTIONABLE,false,,,3,3,REGIME_ENSEMBLE,false,USD/bbl,-3.5588188795466777,-3.5906639314082267,-3.105877854785621,-3.415826225280761,-3.7137173442263958,-3.4039204148669597,-3.5588188795466777,-3.5906639314082267,-3.105877854785621,-3.415826225280761,0.365603,ANALYTIC_ONLY,0.0,0.0,0 long / 0 short; top=FLOW_DIVERGENCE,NORMAL,MIXED,0.0,590.0,0.0,1.0651601552963257,CAPACITY_BELOW_ONE_PACKAGE,14.58018684387207,2.049999952316284,,648.806532471017,87.0881251638949,207.35267896165453,,Normalized USD/bbl package quote,2026-09-30,2026-09-24,21,DEMO ONLY - NOT VALIDATED,true,15,9,30,18,180,30,15,5,false,3
2026-09-01,2026-09-01T18:15:00.000+0000,Nov26 HO/WTI/Brent Box,Nov HO/WTI/Brent Box,HOX6 Comdty | CLX6 Comdty | HOX6 Comdty | COX6 Comdty,2026-11-01,HO_WTI_VS_HO_BRENT,HO/WTI less HO/Brent Identity,Identity,HO|CL|CO,NORMALIZED_USD_BBL,USD/bbl,ANALYTIC ONLY,NOT_ACTIONABLE,false,,,3,3,REGIME_ENSEMBLE,false,USD/bbl,3.5588188795466777,3.105877854785621,3.5906639314082267,3.415826225280761,3.4039204148669597,3.7137173442263958,3.5588188795466777,3.105877854785621,3.5906639314082267,3.415826225280761,0.340788,ANALYTIC_ONLY,0.0,0.0,0 long / 0 short; top=FLOW_DIVERGENCE,IMPACT_STRESS,MIXED,0.0,76.8,0.0,0.651563823223114,CAPACITY_BELOW_ONE_PACKAGE,42.52259826660156,1.7000000476837158,207.3982126402968,,,,,Normalized USD/bbl package quote,2026-09-30,2026-09-24,21,DEMO ONLY - NOT VALIDATED,true,15,9,30,18,180,30,15,5,false,3
2026-09-01,2026-09-01T18:15:00.000+0000,Oct26/Nov26/Dec26/Jan27 HO/WTI Crack Condor,Oct26/Nov26/Dec26/Jan27 HO/WTI Crack Condor,HOV6 Comdty | CLV6 Comdty | HOX6 Comdty | CLX6 Comdty | HOZ6 Comdty | CLZ6 Comdty | HOF7 Comdty | CLF7 Comdty,2026-10-01 | 2026-11-01 | 2026-12-01 | 2027-01-01,HO_WTI_CRACK_CONDOR,HO/WTI Crack M1-M4 Condor,Crack Condor,HO|CL,CRACK_USD_BBL,USD/bbl,ANALYTIC ONLY,NOT_ACTIONABLE,false,,,3,3,REGIME_ENSEMBLE,false,USD/bbl,-0.23599649563635694,-0.35975596467554566,0.3450539165228605,-0.07532772291451693,-0.5884050090631376,0.11641201779042376,-0.23599649563635694,-0.35975596467554566,0.3450539165228605,-0.07532772291451693,0.332522,ANALYTIC_ONLY,0.0,0.0,0 long / 0 short; top=TREND_BREAKOUT,IMPACT_STRESS,MEAN_REVERTING,0.0,153.6,0.0,0.689653217792511,CAPACITY_BELOW_ONE_PACKAGE,23.809200286865234,2.4000000953674316,208.2453815070264,,,,,Crack USD/bbl; HO USD/gal x 42 and gasoil USD/MT / 7.45 before leg weighting,2026-09-22,2026-09-16,15,DEMO ONLY - NOT VALIDATED,true,15,9,30,18,180,30,15,5,false,3
2026-09-01,2026-09-01T18:15:00.000+0000,Nov26/Dec26/Jan27/Feb27 Gasoil/Brent Crack Condor,Nov26/Dec26/Jan27/Feb27 Gasoil/Brent Crack Condor,QSX6 Comdty | COX6 Comdty | QSZ6 Comdty | COZ6 Comdty | QSF7 Comdty | COF7 Comdty | QSG7 Comdty | COG7 Comdty,2026-11-01 | 2026-12-01 | 2027-01-01 | 2027-02-01,QS_BRENT_CRACK_CONDOR,QS/Brent Crack M1-M4 Condor,Crack Condor,QS|CO,CRACK_USD_BBL,USD/bbl,ANALYTIC ONLY,NOT_ACTIONABLE,false,,,3,3,REGIME_ENSEMBLE,false,USD/bbl,0.04109822749060754,-0.5911654678863287,0.5570139510315657,-0.0032792771235108376,-0.2631989440425002,0.3453953990237153,0.04109822749060754,-0.5911654678863287,0.5570139510315657,-0.0032792771235108376,0.302165,ANALYTIC_ONLY,0.0,0.0,0 long / 0 short; top=TREND_BREAKOUT,NORMAL,MIXED,0.0,1180.0,0.0,0.6216887831687927,CAPACITY_BELOW_ONE_PACKAGE,3.596538543701172,3.0999999046325684,,648.806532471017,87.0881251638949,207.35267896165453,,Crack USD/bbl; HO USD/gal x 42 and gasoil USD/MT / 7.45 before leg weighting,2026-09-30,2026-09-24,21,DEMO ONLY - NOT VALIDATED,true,15,9,30,18,180,30,15,5,false,3
2026-09-01,2026-09-01T18:15:00.000+0000,Jan27 Brent/WTI,Jan Brent/WTI,COF7 Comdty | CLF7 Comdty,2027-01-01,RV.CO_CL.M03,Brent/WTI Relative Value M3,Relative Value,CO|CL,NORMALIZED_USD_BBL,USD/bbl,FLAT,NOT_ACTIONABLE,false,,,3,3,REGIME_ENSEMBLE,false,USD/bbl,3.460725263171753,3.1182280647456646,3.640651596814394,3.403485727310181,3.350079475381335,3.5713710509621706,3.460725263171753,3.1182280647456646,3.640651596814394,3.403485727310181,0.462371,NO_PATTERN,0.0,0.0,0 long / 0 short; top=TREND_BREAKOUT,NORMAL,MIXED,0.0,50.0,0.0,1.1239086389541626,PASS,100.25414276123047,2.4000000953674316,,,,,,Normalized USD/bbl package quote,2026-11-30,2026-11-24,64,DEMO ONLY - NOT VALIDATED,true,15,9,30,18,180,30,15,5,false,3
2026-09-01,2026-09-01T18:15:00.000+0000,Dec26/Jan27 WTI Calendar,Dec26/Jan27 WTI Calendar,CLZ6 Comdty | CLF7 Comdty,2026-12-01 | 2027-01-01,CAL.CL.M03_M04,CL M3-M4 Calendar,Calendar,CL,NORMALIZED_USD_BBL,USD/bbl,FLAT,NOT_ACTIONABLE,false,,,3,3,REGIME_ENSEMBLE,false,USD/bbl,0.5150987744046631,0.16902460045635698,0.682870433856845,0.45488076508045194,0.3481850936724129,0.6820124551369133,0.5150987744046631,0.16902460045635698,0.682870433856845,0.45488076508045194,0.456625,NO_PATTERN,0.0,0.0,0 long / 0 short; top=ERROR_CORRECTION_RESIDUAL,IMPACT_STRESS,MEAN_REVERTING,0.0,50.0,0.0,0.9994915723800659,PASS,122.27398681640625,2.4000000953674316,,,,,,Normalized USD/bbl package quote,2026-11-20,2026-11-16,58,DEMO ONLY - NOT VALIDATED,true,15,9,30,18,180,30,15,5,false,3
2026-09-01,2026-09-01T18:15:00.000+0000,Oct26/Nov26 WTI Calendar,Oct/Nov WTI Calendar,CLV6 Comdty | CLX6 Comdty,2026-10-01 | 2026-11-01,CL1_CL2,WTI M1-M2 Calendar,Calendar,CL,NORMALIZED_USD_BBL,USD/bbl,FLAT,NOT_ACTIONABLE,false,,,3,3,REGIME_ENSEMBLE,false,USD/bbl,0.5273853502956456,0.18115265286147592,0.7051184066516161,0.4681696861982345,0.3644355647054738,0.6903351358858174,0.5273853502956456,0.18115265286147592,0.7051184066516161,0.4681696861982345,0.450289,NO_PATTERN,0.0,0.0,0 long / 0 short; top=ERROR_CORRECTION_RESIDUAL,NORMAL,MIXED,0.0,50.0,0.0,0.9142216444015503,PASS,196.12957763671875,1.7000000476837158,,,,,,Normalized USD/bbl package quote,2026-09-22,2026-09-16,15,DEMO ONLY - NOT VALIDATED,true,15,9,30,18,180,30,15,5,false,3
2026-09-01,2026-09-01T18:15:00.000+0000,Nov26/Dec26/Jan27 WTI Fly,Nov26/Dec26/Jan27 WTI Fly,CLX6 Comdty | CLZ6 Comdty | CLF7 Comdty,2026-11-01 | 2026-12-01 | 2027-01-01,FLY.CL.M02_M03_M04,CL M2-M3-M4 Fly,Fly,CL,NORMALIZED_USD_BBL,USD/bbl,FLAT,NOT_ACTIONABLE,false,,,3,3,REGIME_ENSEMBLE,false,USD/bbl,-0.07930496193723968,-0.39636009911239145,0.5508704779499769,0.036366322264075275,-0.35191665821032814,0.19330673433584877,-0.07930496193723968,-0.39636009911239145,0.5508704779499769,0.036366322264075275,0.42699,NO_PATTERN,0.0,0.0,0 long / 0 short; top=ROBUST_MEAN_REVERSION,NORMAL,MIXED,0.0,100.0,0.0,1.185375452041626,PASS,107.7922134399414,2.4000000953674316,,,,,,Normalized USD/bbl package quote,2026-10-20,2026-10-14,35,DEMO ONLY - NOT VALIDATED,true,15,9,30,18,180,30,15,5,false,3
2026-09-01,2026-09-01T18:15:00.000+0000,Oct26/Nov26/Dec26/Jan27 WTI Condor,Oct26/Nov26/Dec26/Jan27 WTI Condor,CLV6 Comdty | CLX6 Comdty | CLZ6 Comdty | CLF7 Comdty,2026-10-01 | 2026-11-01 | 2026-12-01 | 2027-01-01,CL_CONDOR_1234,WTI M1-M2-M3-M4 Condor,Condor,CL,NORMALIZED_USD_BBL,USD/bbl,FLAT,NOT_ACTIONABLE,false,,,3,3,REGIME_ENSEMBLE,false,USD/bbl,0.012286575890982476,-0.3842568144673109,0.3263941191607714,-0.020135176557232622,-0.25539657994369236,0.2799697317256573,0.012286575890982476,-0.3842568144673109,0.3263941191607714,-0.020135176557232622,0.365538,NO_PATTERN,0.0,0.0,0 long / 0 short; top=ERROR_CORRECTION_RESIDUAL,COMPOUND_STRESS,MIXED,0.0,100.0,0.0,0.9994915723800659,PASS,122.27398681640625,2.4000000953674316,,,,,,Normalized USD/bbl package quote,2026-09-22,2026-09-16,15,DEMO ONLY - NOT VALIDATED,true,15,9,30,18,180,30,15,5,false,3
2026-09-01,2026-09-01T18:15:00.000+0000,Oct26/Nov26 Gasoil Calendar,Oct/Nov Gasoil Calendar,QSV6 Comdty | QSX6 Comdty,2026-10-01 | 2026-11-01,CAL.QS.M02_M03,QS M2-M3 Calendar,Calendar,QS,NORMALIZED_USD_BBL,USD/bbl,NO TRADE,NOT_ACTIONABLE,false,,,3,3,REGIME_ENSEMBLE,false,USD/bbl,0.730119647952975,0.24573606694072483,0.7230532125201822,0.5568825274705886,0.5748742469877612,0.8853650489181888,0.730119647952975,0.24573606694072483,0.7230532125201822,0.5568825274705886,0.709909,BEARISH_CLUSTER,0.3233,0.2857142857142857,0 long / 2 short; top=ERROR_CORRECTION_RESIDUAL,NORMAL,MIXED,129.06165475937786,110.0,1.1732877705397988,1.341456651687622,CAPACITY_BELOW_ONE_PACKAGE,58.32074737548828,2.049999952316284,,654.2459238482667,87.81824481184788,209.09105907582827,,Normalized USD/bbl package quote,2026-10-12,2026-10-06,29,DEMO ONLY - NOT VALIDATED,true,15,9,30,18,180,30,15,5,false,3
2026-09-01,2026-09-01T18:15:00.000+0000,Dec26/Jan27 Brent Calendar,Dec26/Jan27 Brent Calendar,COZ6 Comdty | COF7 Comdty,2026-12-01 | 2027-01-01,CAL.CO.M02_M03,CO M2-M3 Calendar,Calendar,CO,NORMALIZED_USD_BBL,USD/bbl,NO TRADE,NOT_ACTIONABLE,false,,,3,3,REGIME_ENSEMBLE,false,USD/bbl,0.870246464301573,0.15092628046602008,0.7819788570728898,0.587178286910057,0.7286477795883286,1.0118451490148175,0.870246464301573,0.15092628046602008,0.7819788570728898,0.587178286910057,0.70436,BEARISH_CLUSTER,0.322846,0.2857142857142857,0 long / 2 short; top=ERROR_CORRECTION_RESIDUAL,NORMAL,MIXED,283.06817739151603,50.0,5.66136354783032,1.0488646030426025,CAPACITY_BELOW_ONE_PACKAGE,86.74261474609375,2.049999952316284,,,,,,Normalized USD/bbl package quote,2026-10-30,2026-10-26,43,DEMO ONLY - NOT VALIDATED,true,15,9,30,18,180,30,15,5,false,3
2026-09-01,2026-09-01T18:15:00.000+0000,Aug27 Gasoil/Brent Crack,Aug Gasoil/Brent Crack,QSQ7 Comdty | COQ7 Comdty,2027-08-01,CRK.QS_CO.M10,Gasoil/Brent Same-Month Crack M10,Crack,QS|CO,CRACK_USD_BBL,USD/bbl,NO TRADE,NOT_ACTIONABLE,false,,,3,3,REGIME_ENSEMBLE,false,USD/bbl,17.776609578746474,15.54029742573142,17.60247143413186,16.938893127441403,17.629962222295916,17.92325693519703,17.776609578746474,15.54029742573142,17.60247143413186,16.938893127441403,0.70304,MIXED_PATTERN,0.120952,0.2857142857142857,2 long / 1 short; top=STABILITY_REVERSION,NORMAL,MIXED,0.0,295.0,0.0,1.1155624389648438,CAPACITY_BELOW_ONE_PACKAGE,1.2402905225753784,5.199999809265137,,618.2097992234408,82.98118110381755,197.5742407233751,,Crack USD/bbl; HO USD/gal x 42 and gasoil USD/MT / 7.45 before leg weighting,2027-06-30,2027-06-24,216,DEMO ONLY - NOT VALIDATED,true,15,9,30,18,180,30,15,5,false,3
2026-09-01,2026-09-01T18:15:00.000+0000,Oct26/Nov26 Gasoil/Brent Crack,Oct/Nov Gasoil/Brent Crack,QSV6 Comdty | COX6 Comdty,2026-10-01 | 2026-11-01,QS1_CO2,QS M1 / Brent M+1 Crack,Crack,QS|CO,CRACK_USD_BBL,USD/bbl,NO TRADE,NOT_ACTIONABLE,false,,,3,3,REGIME_ENSEMBLE,false,USD/bbl,18.432774439886515,15.804595741610527,18.511154380459786,17.548133468627928,18.275656726643746,18.589892153129284,18.432774439886515,15.804595741610527,18.511154380459786,17.548133468627928,0.694378,BULLISH_CLUSTER,0.270358,0.2857142857142857,2 long / 0 short; top=STABILITY_REVERSION,NORMAL,MIXED,0.0,295.0,0.0,1.1526398658752441,CAPACITY_BELOW_ONE_PACKAGE,21.654329299926758,1.7000000476837158,,654.2459238482667,87.81824481184788,209.09105907582827,,Crack USD/bbl; HO USD/gal x 42 and gasoil USD/MT / 7.45 before leg weighting,2026-09-30,2026-09-24,21,DEMO ONLY - NOT VALIDATED,true,15,9,30,18,180,30,15,5,false,3
2026-09-01,2026-09-01T18:15:00.000+0000,Dec27/Jan28 HOGO Box,Dec27/Jan28 HOGO Box,HOZ7 Comdty | QSZ7 Comdty | HOF8 Comdty | QSF8 Comdty,2027-12-01 | 2028-01-01,BOX.CURVE.HO_QS.M15_M16,HO-Gasoil Curve Box M15-M16,Relative Box,HO|QS,HOGO_CPG,USD/bbl,NO TRADE,NOT_ACTIONABLE,false,,,3,3,REGIME_ENSEMBLE,false,cpg,-0.813876221255226,-0.7007212288791225,0.9501819586938335,-0.15179049933240527,-1.2896048838510883,-0.33814755865936347,-0.3418280129271949,-0.29430291612923143,0.3990764226514101,-0.06375200971961022,0.661167,BULLISH_CLUSTER,0.272671,0.2857142857142857,2 long / 0 short; top=TREND_BREAKOUT,IMPACT_STRESS,MEAN_REVERTING,1662.8944991813564,520.4,3.195416024560639,1.109787106513977,INSUFFICIENT_EXECUTABLE_CAPACITY,0.30389562249183655,6.949999809265137,192.1902050707185,603.7515971066175,81.04048283310303,192.9535305550072,-0.813876221255226,HO cpg minus gasoil cpg; gasoil cpg = USD/MT / 7.45 / 0.42,2027-11-30,2027-11-23,325,DEMO ONLY - NOT VALIDATED,true,15,9,30,18,180,30,15,5,false,3
2026-09-01,2026-09-01T18:15:00.000+0000,Apr27/May27/Jun27/Jul27 HO Condor,Apr/May/Jun/Jul HO Condor,HOJ7 Comdty | HOK7 Comdty | HOM7 Comdty | HON7 Comdty,2027-04-01 | 2027-05-01 | 2027-06-01 | 2027-07-01,CDR.HO.M07_M08_M09_M10,HO M7-M10 Condor,Condor,HO,HO_CPG,USD/bbl,NO TRADE,NOT_ACTIONABLE,false,,,3,3,ADAPTIVE_EXPERT_MIX,false,cpg,1.2080225109996385,-0.9725302456060335,0.9818712890705182,0.3603700094945019,0.7031114320612224,1.7129335899380547,0.5073694546198482,-0.4084627031545341,0.41238594140961765,0.1513554039876908,0.655319,BEARISH_CONSENSUS,0.345154,0.2857142857142857,0 long / 2 short; top=ERROR_CORRECTION_RESIDUAL,IMPACT_STRESS,MIXED,712.0281012643148,53.6,13.284106366871546,0.575400173664093,CAPACITY_BELOW_ONE_PACKAGE,4.1073760986328125,4.5,201.89873608127266,,,,,HO cpg = normalized USD/bbl / 0.42 = native USD/gal x 100,2027-03-31,2027-03-24,151,DEMO ONLY - NOT VALIDATED,true,15,9,30,18,180,30,15,5,false,3
2026-09-01,2026-09-01T18:15:00.000+0000,Sep27/Oct27 HO/WTI Crack Box,Sep/Oct HO/WTI Crack Box,HOU7 Comdty | CLU7 Comdty | HOV7 Comdty | CLV7 Comdty,2027-09-01 | 2027-10-01,BOX.CRKCAL.HO_CL.M12_M13,HO/WTI Crack Calendar Box M12-M13,Crack Curve,HO|CL,CRACK_USD_BBL,USD/bbl,NO TRADE,NOT_ACTIONABLE,false,,,3,3,REGIME_ENSEMBLE,false,USD/bbl,-0.32703934123946965,-0.3364039839947223,0.4295986400687694,-0.06844088099896907,-0.5252498749478036,-0.12882880753113568,-0.32703934123946965,-0.3364039839947223,0.4295986400687694,-0.06844088099896907,0.64015,BULLISH_CLUSTER,0.305465,0.2857142857142857,2 long / 0 short; top=ERROR_CORRECTION_RESIDUAL,NORMAL,MIXED,517.1969204810011,76.8,6.73433490209637,0.8887345790863037,CAPACITY_BELOW_ONE_PACKAGE,2.4891629219055176,5.550000190734863,195.81080955696467,,,,,Crack USD/bbl; HO USD/gal x 42 and gasoil USD/MT / 7.45 before leg weighting,2027-08-20,2027-08-16,253,DEMO ONLY - NOT VALIDATED,true,15,9,30,18,180,30,15,5,false,3
2026-09-01,2026-09-01T18:15:00.000+0000,Oct26 Gasoil/WTI Crack,Oct Gasoil/WTI Crack,QSV6 Comdty | CLV6 Comdty,2026-10-01,QS1_CL1,QS M1 / WTI Same-Month Crack,Crack,QS|CL,CRACK_USD_BBL,USD/bbl,NO TRADE,NOT_ACTIONABLE,false,,,3,3,REGIME_ENSEMBLE,false,USD/bbl,21.464207969137547,18.879894463940857,21.182742865160705,20.463765716552732,21.30890081217241,21.619515126102684,21.464207969137547,18.879894463940857,21.182742865160705,20.463765716552732,0.61716,MIXED_PATTERN,0.001044,0.14285714285714285,1 long / 1 short; top=STABILITY_REVERSION,NORMAL,MIXED,0.0,295.0,0.0,1.2904373407363892,CAPACITY_BELOW_ONE_PACKAGE,21.654329299926758,1.7000000476837158,,654.2459238482667,87.81824481184788,209.09105907582827,,Crack USD/bbl; HO USD/gal x 42 and gasoil USD/MT / 7.45 before leg weighting,2026-09-22,2026-09-16,15,DEMO ONLY - NOT VALIDATED,true,15,9,30,18,180,30,15,5,false,3
2026-09-01,2026-09-01T18:15:00.000+0000,Nov26 Gasoil/WTI Crack,Nov Gasoil/WTI Crack,QSX6 Comdty | CLX6 Comdty,2026-11-01,QS2_CL2,QS M2 / WTI Same-Month Crack,Crack,QS|CL,CRACK_USD_BBL,USD/bbl,NO TRADE,NOT_ACTIONABLE,false,,,3,3,REGIME_ENSEMBLE,false,USD/bbl,21.261473671480218,18.973862930345536,20.97291822810173,20.3636266708374,21.092902515961924,21.43004482699851,21.261473671480218,18.973862930345536,20.97291822810173,20.3636266708374,0.610572,BULLISH_FRAGMENT,0.158031,0.14285714285714285,1 long / 0 short; top=STABILITY_REVERSION,NORMAL,MIXED,0.0,295.0,0.0,1.1452515125274658,CAPACITY_BELOW_ONE_PACKAGE,14.58018684387207,2.049999952316284,,648.806532471017,87.0881251638949,207.35267896165453,,Crack USD/bbl; HO USD/gal x 42 and gasoil USD/MT / 7.45 before leg weighting,2026-10-20,2026-10-14,35,DEMO ONLY - NOT VALIDATED,true,15,9,30,18,180,30,15,5,false,3
2026-09-01,2026-09-01T18:15:00.000+0000,Jul27 Gasoil/Brent Crack,Jul Gasoil/Brent Crack,QSN7 Comdty | CON7 Comdty,2027-07-01,CRK.QS_CO.M09,Gasoil/Brent Same-Month Crack M9,Crack,QS|CO,CRACK_USD_BBL,USD/bbl,NO TRADE,NOT_ACTIONABLE,false,,,3,3,REGIME_ENSEMBLE,false,USD/bbl,17.56357929739086,15.770611306612492,17.348994711453916,16.866566467285153,17.40980605664579,17.717352538135927,17.56357929739086,15.770611306612492,17.348994711453916,16.866566467285153,0.609346,BULLISH_FRAGMENT,0.105482,0.14285714285714285,1 long / 0 short; top=STABILITY_REVERSION,NORMAL,MIXED,0.0,295.0,0.0,1.1382386684417725,CAPACITY_BELOW_ONE_PACKAGE,1.6706194877624512,4.849999904632568,,620.1839351595681,83.24616579323062,198.2051566505491,,Crack USD/bbl; HO USD/gal x 42 and gasoil USD/MT / 7.45 before leg weighting,2027-05-31,2027-05-25,194,DEMO ONLY - NOT VALIDATED,true,15,9,30,18,180,30,15,5,false,3
2026-09-01,2026-09-01T18:15:00.000+0000,Oct27 HOGO (HO-Gasoil),Oct HOGO (HO-Gasoil),HOV7 Comdty | QSV7 Comdty,2027-10-01,RV.HO_QS.M13,HO/Gasoil Relative Value M13,Relative Value,HO|QS,HOGO_CPG,USD/bbl,NO TRADE,NOT_ACTIONABLE,false,,,3,3,REGIME_ENSEMBLE,false,cpg,0.35196978618597674,1.340957869172096,11.493352662444114,4.58658395068986,-0.13807982363974788,0.8420193960117014,0.14782731019811024,0.5632023050522803,4.827208118226528,1.9263652592897413,0.60711,BEARISH_FRAGMENT,0.176882,0.14285714285714285,0 long / 1 short; top=TREND_BREAKOUT,NORMAL,MIXED,0.0,260.2,0.0,1.1626360416412354,INSUFFICIENT_EXECUTABLE_CAPACITY,0.8297209739685059,5.900000095367432,194.90403649885332,608.7534167439361,81.71186801932028,194.55206671266734,0.35196978618597674,HO cpg minus gasoil cpg; gasoil cpg = USD/MT / 7.45 / 0.42,2027-09-30,2027-09-24,282,DEMO ONLY - NOT VALIDATED,true,15,9,30,18,180,30,15,5,false,3
2026-09-01,2026-09-01T18:15:00.000+0000,Aug27 HOGO (HO-Gasoil),Aug HOGO (HO-Gasoil),HOQ7 Comdty | QSQ7 Comdty,2027-08-01,RV.HO_QS.M11,HO/Gasoil Relative Value M11,Relative Value,HO|QS,HOGO_CPG,USD/bbl,NO TRADE,NOT_ACTIONABLE,false,,,3,3,REGIME_ENSEMBLE,false,cpg,-0.2971666992619267,1.0525221344629927,12.226637729326884,4.544315756786436,-0.7906857961189522,0.19635239759509882,-0.12481001369000921,0.44205929647445696,5.135187846317291,1.9086126178503033,0.606529,BEARISH_FRAGMENT,0.140363,0.14285714285714285,0 long / 1 short; top=TREND_BREAKOUT,NORMAL,TRENDING,0.0,260.2,0.0,1.1155624389648438,CAPACITY_BELOW_ONE_PACKAGE,1.2402905225753784,5.199999809265137,197.27707402411318,618.2097992234408,82.98118110381755,197.5742407233751,-0.2971666992619267,HO cpg minus gasoil cpg; gasoil cpg = USD/MT / 7.45 / 0.42,2027-07-30,2027-07-26,238,DEMO ONLY - NOT VALIDATED,true,15,9,30,18,180,30,15,5,false,3
2026-09-01,2026-09-01T18:15:00.000+0000,Oct26 HOGO (HO-Gasoil),Oct HOGO (HO-Gasoil),HOV6 Comdty | QSV6 Comdty,2026-10-01,HOGO1,HO M1 - QS M1,HOGO,HO|QS,HOGO_CPG,USD/bbl,NO TRADE,NOT_ACTIONABLE,false,,,3,3,REGIME_ENSEMBLE,false,cpg,-0.8456775688018968,-0.2534454741364431,12.211709643375304,3.9220500276202244,-1.3902784227644545,-0.3010767148393392,-0.35518457889679667,-0.1064470991373061,5.128918050217628,1.6472610116004942,0.603094,BEARISH_FRAGMENT,0.170317,0.14285714285714285,0 long / 1 short; top=STABILITY_REVERSION,NORMAL,TRENDING,0.0,260.2,0.0,1.1755410432815552,CAPACITY_BELOW_ONE_PACKAGE,21.580249786376953,1.7000000476837158,208.2453815070264,654.2459238482667,87.81824481184788,209.09105907582827,-0.8456775688018968,HO cpg minus gasoil cpg; gasoil cpg = USD/MT / 7.45 / 0.42,2026-09-30,2026-09-24,21,DEMO ONLY - NOT VALIDATED,true,15,9,30,18,180,30,15,5,false,3
2026-09-01,2026-09-01T18:15:00.000+0000,Dec27 Gasoil/Brent Crack,Dec Gasoil/Brent Crack,QSZ7 Comdty | COZ7 Comdty,2027-12-01,CRK.QS_CO.M14,Gasoil/Brent Same-Month Crack M14,Crack,QS|CO,CRACK_USD_BBL,USD/bbl,NO TRADE,NOT_ACTIONABLE,false,,,3,3,REGIME_ENSEMBLE,false,USD/bbl,17.802215317487594,15.469342487500906,17.368815166307687,16.838091659545896,17.650289876609918,17.95414075836527,17.802215317487594,15.469342487500906,17.368815166307687,16.838091659545896,0.601565,BEARISH_FRAGMENT,0.157372,0.14285714285714285,0 long / 1 short; top=STABILITY_REVERSION,NORMAL,MIXED,0.0,295.0,0.0,0.8610187768936157,INSUFFICIENT_EXECUTABLE_CAPACITY,0.30956387519836426,6.599999904632568,,603.7515971066175,81.04048283310303,192.9535305550072,,Crack USD/bbl; HO USD/gal x 42 and gasoil USD/MT / 7.45 before leg weighting,2027-10-29,2027-10-25,303,DEMO ONLY - NOT VALIDATED,true,15,9,30,18,180,30,15,5,false,3
2026-09-01,2026-09-01T18:15:00.000+0000,Jan28 Gasoil/Brent Crack,Jan Gasoil/Brent Crack,QSF8 Comdty | COF8 Comdty,2028-01-01,CRK.QS_CO.M15,Gasoil/Brent Same-Month Crack M15,Crack,QS|CO,CRACK_USD_BBL,USD/bbl,NO TRADE,NOT_ACTIONABLE,false,,,3,3,REGIME_ENSEMBLE,false,USD/bbl,17.739476544073767,15.615028105639219,17.68445614729047,16.982798385620118,17.605206781289525,17.87374630685801,17.739476544073767,15.615028105639219,17.68445614729047,16.982798385620118,0.59714,BULLISH_FRAGMENT,0.111089,0.14285714285714285,1 long / 0 short; top=STABILITY_REVERSION,NORMAL,TRENDING,0.0,295.0,0.0,1.109787106513977,INSUFFICIENT_EXECUTABLE_CAPACITY,0.30389562249183655,6.949999809265137,,599.4934985914032,80.46892598542324,191.5926809176744,,Crack USD/bbl; HO USD/gal x 42 and gasoil USD/MT / 7.45 before leg weighting,2027-11-30,2027-11-24,325,DEMO ONLY - NOT VALIDATED,true,15,9,30,18,180,30,15,5,false,3
2026-09-01,2026-09-01T18:15:00.000+0000,Feb27 HO/WTI Crack,Feb HO/WTI Crack,HOG7 Comdty | CLG7 Comdty,2027-02-01,CRK.HO_CL.M05,HO/WTI Same-Month Crack M5,Crack,HO|CL,CRACK_USD_BBL,USD/bbl,NO TRADE,NOT_ACTIONABLE,false,,,3,3,REGIME_ENSEMBLE,false,USD/bbl,21.163314883779506,20.63625944575548,24.30833589115858,22.073952865600585,20.973395412038784,21.35323435552023,21.163314883779506,20.63625944575548,24.30833589115858,22.073952865600585,0.596869,BEARISH_FRAGMENT,0.109804,0.14285714285714285,0 long / 1 short; top=STABILITY_REVERSION,NORMAL,MIXED,0.0,38.4,0.0,1.3774627447128296,CAPACITY_BELOW_ONE_PACKAGE,35.41294479370117,2.75,203.94107089726802,,,,,Crack USD/bbl; HO USD/gal x 42 and gasoil USD/MT / 7.45 before leg weighting,2027-01-20,2027-01-13,101,DEMO ONLY - NOT VALIDATED,true,15,9,30,18,180,30,15,5,false,3
2026-09-01,2026-09-01T18:15:00.000+0000,Nov26 HOGO (HO-Gasoil),Nov HOGO (HO-Gasoil),HOX6 Comdty | QSX6 Comdty,2026-11-01,RV.HO_QS.M02,HO/Gasoil Relative Value M2,Relative Value,HO|QS,HOGO_CPG,USD/bbl,NO TRADE,NOT_ACTIONABLE,false,,,3,3,REGIME_ENSEMBLE,false,cpg,0.04553367864229499,0.507240253181685,12.067733307333219,4.408555855930206,-0.4197274060505238,0.5107947633351138,0.019124145029763895,0.21304090633630768,5.068447989079952,1.8515934594906864,0.593964,BEARISH_FRAGMENT,0.194961,0.14285714285714285,0 long / 1 short; top=TREND_BREAKOUT,NORMAL,TRENDING,0.0,260.2,0.0,1.0355006456375122,CAPACITY_BELOW_ONE_PACKAGE,14.174200057983398,2.049999952316284,207.3982126402968,648.806532471017,87.0881251638949,207.35267896165453,0.04553367864229499,HO cpg minus gasoil cpg; gasoil cpg = USD/MT / 7.45 / 0.42,2026-10-30,2026-10-26,43,DEMO ONLY - NOT VALIDATED,true,15,9,30,18,180,30,15,5,false,3
2026-09-01,2026-09-01T18:15:00.000+0000,Feb28 Gasoil/Brent Crack,Feb Gasoil/Brent Crack,QSG8 Comdty | COG8 Comdty,2028-02-01,CRK.QS_CO.M16,Gasoil/Brent Same-Month Crack M16,Crack,QS|CO,CRACK_USD_BBL,USD/bbl,NO TRADE,NOT_ACTIONABLE,false,,,3,3,REGIME_ENSEMBLE,false,USD/bbl,17.907146156235818,15.488751872292758,17.469847218283416,16.908759689331056,17.749783486529473,18.064508825942163,17.907146156235818,15.488751872292758,17.469847218283416,16.908759689331056,0.591062,BEARISH_FRAGMENT,0.157372,0.14285714285714285,0 long / 1 short; top=STABILITY_REVERSION,IMPACT_STRESS,MIXED,0.0,295.0,0.0,0.6978484392166138,INSUFFICIENT_EXECUTABLE_CAPACITY,0.16685763001441956,7.300000190734863,,597.8251907208613,80.24499204306863,191.05950486444914,,Crack USD/bbl; HO USD/gal x 42 and gasoil USD/MT / 7.45 before leg weighting,2027-12-31,2027-12-23,348,DEMO ONLY - NOT VALIDATED,true,15,9,30,18,180,30,15,5,false,3
2026-09-01,2026-09-01T18:15:00.000+0000,Oct27 Gasoil/Brent Crack,Oct Gasoil/Brent Crack,QSV7 Comdty | COV7 Comdty,2027-10-01,CRK.QS_CO.M12,Gasoil/Brent Same-Month Crack M12,Crack,QS|CO,CRACK_USD_BBL,USD/bbl,NO TRADE,NOT_ACTIONABLE,false,,,3,3,REGIME_ENSEMBLE,false,USD/bbl,17.363361742452128,15.737792808873653,17.677765052454472,16.91406383514404,17.195985995337708,17.530737489566548,17.363361742452128,15.737792808873653,17.677765052454472,16.91406383514404,0.590644,BULLISH_FRAGMENT,0.105482,0.14285714285714285,1 long / 0 short; top=STABILITY_REVERSION,NORMAL,MIXED,0.0,295.0,0.0,1.3033770322799683,INSUFFICIENT_EXECUTABLE_CAPACITY,0.9601842164993286,5.900000095367432,,608.7534167439361,81.71186801932028,194.55206671266734,,Crack USD/bbl; HO USD/gal x 42 and gasoil USD/MT / 7.45 before leg weighting,2027-08-31,2027-08-24,260,DEMO ONLY - NOT VALIDATED,true,15,9,30,18,180,30,15,5,false,3
2026-09-01,2026-09-01T18:15:00.000+0000,Dec27/Jan28 HO Calendar,Dec27/Jan28 HO Calendar,HOZ7 Comdty | HOF8 Comdty,2027-12-01 | 2028-01-01,CAL.HO.M15_M16,HO M15-M16 Calendar,Calendar,HO,HO_CPG,USD/bbl,NO TRADE,NOT_ACTIONABLE,false,,,3,3,REGIME_ENSEMBLE,false,cpg,0.5469734160776002,0.5229570823396956,1.8268657794679914,0.9844266942569186,0.24270498693309286,0.8512418452221076,0.2297288347525921,0.21964197458267215,0.7672836273765564,0.41345921158790583,0.586927,BULLISH_FRAGMENT,0.168027,0.14285714285714285,1 long / 0 short; top=ERROR_CORRECTION_RESIDUAL,NORMAL,MIXED,0.0,26.8,0.0,1.0115904808044434,CAPACITY_BELOW_ONE_PACKAGE,1.2115172147750854,6.599999904632568,192.1902050707185,,,,,HO cpg = normalized USD/bbl / 0.42 = native USD/gal x 100,2027-11-30,2027-11-23,325,DEMO ONLY - NOT VALIDATED,true,15,9,30,18,180,30,15,5,false,3
2026-09-01,2026-09-01T18:15:00.000+0000,Mar27 Gasoil/Brent Crack,Mar Gasoil/Brent Crack,QSH7 Comdty | COH7 Comdty,2027-03-01,CRK.QS_CO.M05,Gasoil/Brent Same-Month Crack M5,Crack,QS|CO,CRACK_USD_BBL,USD/bbl,NO TRADE,NOT_ACTIONABLE,false,,,3,3,REGIME_ENSEMBLE,false,USD/bbl,17.564081632523838,15.791548863239289,17.330864772014618,16.86960277557373,17.38412844854504,17.744034816502634,17.564081632523838,15.791548863239289,17.330864772014618,16.86960277557373,0.586019,MIXED_PATTERN,0.039045,0.14285714285714285,1 long / 1 short; top=STABILITY_REVERSION,NORMAL,MIXED,0.0,295.0,0.0,0.7245696187019348,CAPACITY_BELOW_ONE_PACKAGE,3.590714931488037,3.450000047683716,,634.2355249005069,85.13228522154455,202.69591719415368,,Crack USD/bbl; HO USD/gal x 42 and gasoil USD/MT / 7.45 before leg weighting,2027-01-29,2027-01-25,108,DEMO ONLY - NOT VALIDATED,true,15,9,30,18,180,30,15,5,false,3
2026-09-01,2026-09-01T18:15:00.000+0000,Nov27 HOGO (HO-Gasoil),Nov HOGO (HO-Gasoil),HOX7 Comdty | QSX7 Comdty,2027-11-01,RV.HO_QS.M14,HO/Gasoil Relative Value M14,Relative Value,HO|QS,HOGO_CPG,USD/bbl,NO TRADE,NOT_ACTIONABLE,false,,,3,3,REGIME_ENSEMBLE,false,cpg,-0.05175507038002603,-1.0188142121178763,13.173611357416425,4.23201241530478,-0.5433898799251343,0.4398797391650822,-0.021737129559610935,-0.42790196908950806,5.532916770114898,1.7774452144280075,0.58437,BEARISH_FRAGMENT,0.176882,0.14285714285714285,0 long / 1 short; top=TREND_BREAKOUT,NORMAL,TRENDING,0.0,260.2,0.0,1.0485183000564575,INSUFFICIENT_EXECUTABLE_CAPACITY,0.49344608187675476,6.25,193.55169383679996,605.7851916305661,81.31344854101559,193.60344890717997,-0.05175507038002603,HO cpg minus gasoil cpg; gasoil cpg = USD/MT / 7.45 / 0.42,2027-10-29,2027-10-25,303,DEMO ONLY - NOT VALIDATED,true,15,9,30,18,180,30,15,5,false,3
2026-09-01,2026-09-01T18:15:00.000+0000,Nov27/Dec27 Gasoil Calendar,Nov/Dec Gasoil Calendar,QSX7 Comdty | QSZ7 Comdty,2027-11-01 | 2027-12-01,CAL.QS.M15_M16,QS M15-M16 Calendar,Calendar,QS,NORMALIZED_USD_BBL,USD/bbl,NO TRADE,NOT_ACTIONABLE,false,,,3,3,REGIME_ENSEMBLE,false,USD/bbl,0.2729657079125616,0.24723047615319493,0.7747650682803988,0.43702226877212524,0.11369002713215082,0.43224138869297235,0.2729657079125616,0.24723047615319493,0.7747650682803988,0.43702226877212524,0.58411,BULLISH_FRAGMENT,0.168027,0.14285714285714285,1 long / 0 short; top=ERROR_CORRECTION_RESIDUAL,NORMAL,MEAN_REVERTING,0.0,110.0,0.0,1.0132288932800293,CAPACITY_BELOW_ONE_PACKAGE,1.238255500793457,6.599999904632568,,605.7851916305661,81.31344854101559,193.60344890717997,,Normalized USD/bbl package quote,2027-11-10,2027-11-04,311,DEMO ONLY - NOT VALIDATED,true,15,9,30,18,180,30,15,5,false,3
2026-09-01,2026-09-01T18:15:00.000+0000,Nov27 Gasoil/Brent Crack,Nov Gasoil/Brent Crack,QSX7 Comdty | COX7 Comdty,2027-11-01,CRK.QS_CO.M13,Gasoil/Brent Same-Month Crack M13,Crack,QS|CO,CRACK_USD_BBL,USD/bbl,NO TRADE,NOT_ACTIONABLE,false,,,3,3,REGIME_ENSEMBLE,false,USD/bbl,17.56780623096079,15.280386600788832,17.726643886271717,16.830357360839844,17.407882331041996,17.727730130879586,17.56780623096079,15.280386600788832,17.726643886271717,16.830357360839844,0.583058,BULLISH_FRAGMENT,0.111089,0.14285714285714285,1 long / 0 short; top=STABILITY_REVERSION,NORMAL,MIXED,0.0,295.0,0.0,1.0215229988098145,INSUFFICIENT_EXECUTABLE_CAPACITY,0.49344608187675476,6.25,,605.7851916305661,81.31344854101559,193.60344890717997,,Crack USD/bbl; HO USD/gal x 42 and gasoil USD/MT / 7.45 before leg weighting,2027-09-30,2027-09-24,282,DEMO ONLY - NOT VALIDATED,true,15,9,30,18,180,30,15,5,false,3
2026-09-01,2026-09-01T18:15:00.000+0000,Nov27/Dec27 WTI Calendar,Nov/Dec WTI Calendar,CLX7 Comdty | CLZ7 Comdty,2027-11-01 | 2027-12-01,CAL.CL.M14_M15,CL M14-M15 Calendar,Calendar,CL,NORMALIZED_USD_BBL,USD/bbl,NO TRADE,NOT_ACTIONABLE,false,,,3,3,REGIME_ENSEMBLE,false,USD/bbl,0.24519541032277914,0.1511418523213267,0.7287026939967275,0.3777453243732452,0.05576544172727438,0.4346253789182839,0.24519541032277914,0.1511418523213267,0.7287026939967275,0.3777453243732452,0.582698,BEARISH_FRAGMENT,0.070114,0.14285714285714285,0 long / 1 short; top=ERROR_CORRECTION_RESIDUAL,NORMAL,MEAN_REVERTING,0.0,50.0,0.0,1.17218017578125,CAPACITY_BELOW_ONE_PACKAGE,7.074624061584473,6.25,,,,,,Normalized USD/bbl package quote,2027-10-20,2027-10-14,296,DEMO ONLY - NOT VALIDATED,true,15,9,30,18,180,30,15,5,false,3
2026-09-01,2026-09-01T18:15:00.000+0000,May27 Gasoil/Brent Crack,May Gasoil/Brent Crack,QSK7 Comdty | COK7 Comdty,2027-05-01,CRK.QS_CO.M07,Gasoil/Brent Same-Month Crack M7,Crack,QS|CO,CRACK_USD_BBL,USD/bbl,NO TRADE,NOT_ACTIONABLE,false,,,3,3,REGIME_ENSEMBLE,false,USD/bbl,17.517214477116525,15.639753826117516,17.405679218316077,16.826767730712888,17.377823064158022,17.656605890075028,17.517214477116525,15.639753826117516,17.405679218316077,16.826767730712888,0.579976,BULLISH_FRAGMENT,0.109804,0.14285714285714285,1 long / 0 short; top=STABILITY_REVERSION,IMPACT_STRESS,MIXED,0.0,295.0,0.0,0.7652108669281006,CAPACITY_BELOW_ONE_PACKAGE,2.078563928604126,4.150000095367432,,627.4163201110251,84.21695571960069,200.5165612371445,,Crack USD/bbl; HO USD/gal x 42 and gasoil USD/MT / 7.45 before leg weighting,2027-03-31,2027-03-23,151,DEMO ONLY - NOT VALIDATED,true,15,9,30,18,180,30,15,5,false,3
2026-09-01,2026-09-01T18:15:00.000+0000,Apr27 Gasoil/Brent Crack,Apr Gasoil/Brent Crack,QSJ7 Comdty | COJ7 Comdty,2027-04-01,CRK.QS_CO.M06,Gasoil/Brent Same-Month Crack M6,Crack,QS|CO,CRACK_USD_BBL,USD/bbl,NO TRADE,NOT_ACTIONABLE,false,,,3,3,REGIME_ENSEMBLE,false,USD/bbl,17.720195639682828,15.277010152190924,17.699998667389153,16.86482219696045,17.548312496198236,17.89207878316742,17.720195639682828,15.277010152190924,17.699998667389153,16.86482219696045,0.579921,BULLISH_FRAGMENT,0.109804,0.14285714285714285,1 long / 0 short; top=STABILITY_REVERSION,NORMAL,MIXED,0.0,295.0,0.0,0.8520081043243408,CAPACITY_BELOW_ONE_PACKAGE,2.9723424911499023,3.799999952316284,,631.819530263043,84.80799063933463,201.92378723651103,,Crack USD/bbl; HO USD/gal x 42 and gasoil USD/MT / 7.45 before leg weighting,2027-02-26,2027-02-22,128,DEMO ONLY - NOT VALIDATED,true,15,9,30,18,180,30,15,5,false,3
2026-09-01,2026-09-01T18:15:00.000+0000,Sep27 HOGO (HO-Gasoil),Sep HOGO (HO-Gasoil),HOU7 Comdty | QSU7 Comdty,2027-09-01,RV.HO_QS.M12,HO/Gasoil Relative Value M12,Relative Value,HO|QS,HOGO_CPG,USD/bbl,NO TRADE,NOT_ACTIONABLE,false,,,3,3,REGIME_ENSEMBLE,false,cpg,-0.14068872937150173,-0.6118981752395627,12.92979406452179,4.253091918570655,-0.6922663424839741,0.4108888837409706,-0.05908926633603073,-0.2569972336006163,5.4305135070991515,1.7862986057996748,0.576742,BEARISH_FRAGMENT,0.140363,0.14285714285714285,0 long / 1 short; top=TREND_BREAKOUT,NORMAL,TRENDING,0.0,260.2,0.0,0.8680375814437866,INSUFFICIENT_EXECUTABLE_CAPACITY,0.7644556760787964,5.550000190734863,195.81080955696467,613.1322381379458,82.29962928026119,195.95149828633615,-0.14068872937150173,HO cpg minus gasoil cpg; gasoil cpg = USD/MT / 7.45 / 0.42,2027-08-31,2027-08-25,260,DEMO ONLY - NOT VALIDATED,true,15,9,30,18,180,30,15,5,false,3
2026-09-01,2026-09-01T18:15:00.000+0000,Sep27 HO/WTI Crack,Sep HO/WTI Crack,HOU7 Comdty | CLU7 Comdty,2027-09-01,CRK.HO_CL.M12,HO/WTI Same-Month Crack M12,Crack,HO|CL,CRACK_USD_BBL,USD/bbl,NO TRADE,NOT_ACTIONABLE,false,,,3,3,REGIME_ENSEMBLE,false,USD/bbl,20.9216503619705,20.370879833841325,24.632511432027815,22.034724617004393,20.744691417321995,21.098609306619004,20.9216503619705,20.370879833841325,24.632511432027815,22.034724617004393,0.576554,MIXED_PATTERN,0.068369,0.14285714285714285,1 long / 1 short; top=STABILITY_REVERSION,IMPACT_STRESS,MIXED,0.0,38.4,0.0,1.0160146951675415,CAPACITY_BELOW_ONE_PACKAGE,3.9413232803344727,5.199999809265137,195.81080955696467,,,,,Crack USD/bbl; HO USD/gal x 42 and gasoil USD/MT / 7.45 before leg weighting,2027-08-20,2027-08-16,253,DEMO ONLY - NOT VALIDATED,true,15,9,30,18,180,30,15,5,false,3
2026-09-01,2026-09-01T18:15:00.000+0000,Dec26 HO/WTI Crack,Dec HO/WTI Crack,HOZ6 Comdty | CLZ6 Comdty,2026-12-01,CRK.HO_CL.M03,HO/WTI Same-Month Crack M3,Crack,HO|CL,CRACK_USD_BBL,USD/bbl,NO TRADE,NOT_ACTIONABLE,false,,,3,3,REGIME_ENSEMBLE,false,USD/bbl,21.168037784826737,21.289608718944788,23.834655044482947,22.14983215332031,20.975647458416205,21.36042811123727,21.168037784826737,21.289608718944788,23.834655044482947,22.14983215332031,0.575427,BULLISH_FRAGMENT,0.112327,0.14285714285714285,1 long / 0 short; top=STABILITY_REVERSION,NORMAL,MIXED,0.0,38.4,0.0,0.7140269875526428,CAPACITY_BELOW_ONE_PACKAGE,33.53203201293945,2.049999952316284,206.0926082494619,,,,,Crack USD/bbl; HO USD/gal x 42 and gasoil USD/MT / 7.45 before leg weighting,2026-11-20,2026-11-16,58,DEMO ONLY - NOT VALIDATED,true,15,9,30,18,180,30,15,5,false,3
2026-09-01,2026-09-01T18:15:00.000+0000,Sep27/Oct27 WTI Calendar,Sep/Oct WTI Calendar,CLU7 Comdty | CLV7 Comdty,2027-09-01 | 2027-10-01,CAL.CL.M12_M13,CL M12-M13 Calendar,Calendar,CL,NORMALIZED_USD_BBL,USD/bbl,NO TRADE,NOT_ACTIONABLE,false,,,3,3,REGIME_ENSEMBLE,false,USD/bbl,0.7078840256462371,-0.08989620193839076,0.8435611127316952,0.48064176738262177,0.5671859205494201,0.8485821307430541,0.7078840256462371,-0.08989620193839076,0.8435611127316952,0.48064176738262177,0.574944,BULLISH_FRAGMENT,0.207082,0.14285714285714285,1 long / 0 short; top=ERROR_CORRECTION_RESIDUAL,IMPACT_STRESS,MIXED,0.0,50.0,0.0,1.0149662494659424,CAPACITY_BELOW_ONE_PACKAGE,10.054718017578125,5.550000190734863,,,,,,Normalized USD/bbl package quote,2027-08-20,2027-08-16,253,DEMO ONLY - NOT VALIDATED,true,15,9,30,18,180,30,15,5,false,3
2026-09-01,2026-09-01T18:15:00.000+0000,Jan28 HO/WTI Crack,Jan HO/WTI Crack,HOF8 Comdty | CLF8 Comdty,2028-01-01,CRK.HO_CL.M16,HO/WTI Same-Month Crack M16,Crack,HO|CL,CRACK_USD_BBL,USD/bbl,NO TRADE,NOT_ACTIONABLE,false,,,3,3,REGIME_ENSEMBLE,false,USD/bbl,21.30642879198934,20.65706394825697,24.67440272654772,22.265851593017576,21.10996299799229,21.50289458598639,21.30642879198934,20.65706394825697,24.67440272654772,22.265851593017576,0.574207,BULLISH_FRAGMENT,0.111089,0.14285714285714285,1 long / 0 short; top=STABILITY_REVERSION,IMPACT_STRESS,MIXED,0.0,38.4,0.0,1.028742790222168,CAPACITY_BELOW_ONE_PACKAGE,1.2115172147750854,6.599999904632568,191.64323165464089,,,,,Crack USD/bbl; HO USD/gal x 42 and gasoil USD/MT / 7.45 before leg weighting,2027-12-21,2027-12-15,340,DEMO ONLY - NOT VALIDATED,true,15,9,30,18,180,30,15,5,false,3
2026-09-01,2026-09-01T18:15:00.000+0000,Sep26/Oct26/Nov26 Gasoil Fly,Sep/Oct/Nov Gasoil Fly,QSU6 Comdty | QSV6 Comdty | QSX6 Comdty,2026-09-01 | 2026-10-01 | 2026-11-01,QS_FLY_123,QS M1-M2-M3 Fly,Fly,QS,NORMALIZED_USD_BBL,USD/bbl,NO TRADE,NOT_ACTIONABLE,false,,,3,3,REGIME_ENSEMBLE,false,USD/bbl,-0.5367237010769372,-0.6002410527896881,0.5369608428907394,-0.18020065501332283,-0.7977559843830591,-0.2756914177708154,-0.5367237010769372,-0.6002410527896881,0.5369608428907394,-0.18020065501332283,0.573712,BULLISH_FRAGMENT,0.161901,0.14285714285714285,1 long / 0 short; top=ROBUST_MEAN_REVERSION,NORMAL,MIXED,0.0,220.0,0.0,1.5179035663604736,CAPACITY_BELOW_ONE_PACKAGE,43.308658599853516,2.049999952316284,,655.6867236524931,88.01164075872391,209.55152561600931,,Normalized USD/bbl package quote,2026-09-10,2026-09-04,7,DEMO ONLY - NOT VALIDATED,true,15,9,30,18,180,30,15,5,false,3
2026-09-01,2026-09-01T18:15:00.000+0000,Aug27 HO/WTI Crack,Aug HO/WTI Crack,HOQ7 Comdty | CLQ7 Comdty,2027-08-01,CRK.HO_CL.M11,HO/WTI Same-Month Crack M11,Crack,HO|CL,CRACK_USD_BBL,USD/bbl,NO TRADE,NOT_ACTIONABLE,false,,,3,3,REGIME_ENSEMBLE,false,USD/bbl,21.20435846516547,21.110924168040754,24.246089534351825,22.24263744354248,21.028158045501087,21.380558884829853,21.20435846516547,21.110924168040754,24.246089534351825,22.24263744354248,0.572039,BULLISH_FRAGMENT,0.105482,0.14285714285714285,1 long / 0 short; top=STABILITY_REVERSION,NORMAL,MIXED,0.0,38.4,0.0,0.7816585302352905,CAPACITY_BELOW_ONE_PACKAGE,4.266279697418213,4.849999904632568,197.27707402411318,,,,,Crack USD/bbl; HO USD/gal x 42 and gasoil USD/MT / 7.45 before leg weighting,2027-07-20,2027-07-14,230,DEMO ONLY - NOT VALIDATED,true,15,9,30,18,180,30,15,5,false,3
2026-09-01,2026-09-01T18:15:00.000+0000,Oct27 HO/WTI Crack,Oct HO/WTI Crack,HOV7 Comdty | CLV7 Comdty,2027-10-01,CRK.HO_CL.M13,HO/WTI Same-Month Crack M13,Crack,HO|CL,CRACK_USD_BBL,USD/bbl,NO TRADE,NOT_ACTIONABLE,false,,,3,3,REGIME_ENSEMBLE,false,USD/bbl,21.24868970320997,20.92096271272898,23.992138483560083,22.100311470031738,21.074721756889197,21.42265764953074,21.24868970320997,20.92096271272898,23.992138483560083,22.100311470031738,0.57028,BULLISH_FRAGMENT,0.111089,0.14285714285714285,1 long / 0 short; top=STABILITY_REVERSION,NORMAL,MIXED,0.0,38.4,0.0,0.8754113912582397,CAPACITY_BELOW_ONE_PACKAGE,2.4891629219055176,5.550000190734863,194.90403649885332,,,,,Crack USD/bbl; HO USD/gal x 42 and gasoil USD/MT / 7.45 before leg weighting,2027-09-21,2027-09-15,275,DEMO ONLY - NOT VALIDATED,true,15,9,30,18,180,30,15,5,false,3
2026-09-01,2026-09-01T18:15:00.000+0000,Jun27 Gasoil/Brent Crack,Jun Gasoil/Brent Crack,QSM7 Comdty | COM7 Comdty,2027-06-01,CRK.QS_CO.M08,Gasoil/Brent Same-Month Crack M8,Crack,QS|CO,CRACK_USD_BBL,USD/bbl,NO TRADE,NOT_ACTIONABLE,false,,,3,3,REGIME_ENSEMBLE,false,USD/bbl,17.759448565143273,15.377320815943479,17.755590866185425,16.93215980529785,17.613739404427932,17.905157725858615,17.759448565143273,15.377320815943479,17.755590866185425,16.93215980529785,0.568393,BULLISH_FRAGMENT,0.109804,0.14285714285714285,1 long / 0 short; top=STABILITY_REVERSION,NORMAL,MIXED,0.0,295.0,0.0,0.6706129312515259,CAPACITY_BELOW_ONE_PACKAGE,1.4555257558822632,4.5,,624.4341228795072,83.8166607891956,199.5634780695133,,Crack USD/bbl; HO USD/gal x 42 and gasoil USD/MT / 7.45 before leg weighting,2027-04-30,2027-04-26,173,DEMO ONLY - NOT VALIDATED,true,15,9,30,18,180,30,15,5,false,3
2026-09-01,2026-09-01T18:15:00.000+0000,Apr27 HO/WTI Crack,Apr HO/WTI Crack,HOJ7 Comdty | CLJ7 Comdty,2027-04-01,CRK.HO_CL.M07,HO/WTI Same-Month Crack M7,Crack,HO|CL,CRACK_USD_BBL,USD/bbl,NO TRADE,NOT_ACTIONABLE,false,,,3,3,REGIME_ENSEMBLE,false,USD/bbl,21.284616274910334,20.867561070551872,24.29229763306141,22.197124481201172,21.131076209398273,21.438156340422395,21.284616274910334,20.867561070551872,24.29229763306141,22.197124481201172,0.565387,BULLISH_FRAGMENT,0.109804,0.14285714285714285,1 long / 0 short; top=STABILITY_REVERSION,NORMAL,MIXED,0.0,38.4,0.0,0.8179534077644348,CAPACITY_BELOW_ONE_PACKAGE,11.143938064575195,3.450000047683716,201.89873608127266,,,,,Crack USD/bbl; HO USD/gal x 42 and gasoil USD/MT / 7.45 before leg weighting,2027-03-22,2027-03-16,144,DEMO ONLY - NOT VALIDATED,true,15,9,30,18,180,30,15,5,false,3
2026-09-01,2026-09-01T18:15:00.000+0000,Aug27 Brent/WTI,Aug Brent/WTI,COQ7 Comdty | CLQ7 Comdty,2027-08-01,RV.CO_CL.M10,Brent/WTI Relative Value M10,Relative Value,CO|CL,NORMALIZED_USD_BBL,USD/bbl,NO TRADE,NOT_ACTIONABLE,false,,,3,3,REGIME_ENSEMBLE,false,USD/bbl,3.5525589001090054,3.125362792443335,3.6835180135259034,3.4536201715469357,3.4121212859363084,3.6929965142817025,3.5525589001090054,3.125362792443335,3.6835180135259034,3.4536201715469357,0.56293,BULLISH_FRAGMENT,0.140363,0.14285714285714285,1 long / 0 short; top=TREND_BREAKOUT,NORMAL,MIXED,0.0,50.0,0.0,0.9575762748718262,CAPACITY_BELOW_ONE_PACKAGE,13.729813575744629,4.849999904632568,,,,,,Normalized USD/bbl package quote,2027-06-30,2027-06-24,216,DEMO ONLY - NOT VALIDATED,true,15,9,30,18,180,30,15,5,false,3
2026-09-01,2026-09-01T18:15:00.000+0000,Jun27/Jul27 HO Calendar,Jun/Jul HO Calendar,HOM7 Comdty | HON7 Comdty,2027-06-01 | 2027-07-01,CAL.HO.M09_M10,HO M9-M10 Calendar,Calendar,HO,HO_CPG,USD/bbl,NO TRADE,NOT_ACTIONABLE,false,,,3,3,REGIME_ENSEMBLE,false,cpg,0.517395632596907,0.45005749507745096,1.6962382113536199,0.9046475979543867,0.1933244693740037,0.8414667958198103,0.21730616569070094,0.18902414793252942,0.7124200487685204,0.3799519911408424,0.557337,BULLISH_FRAGMENT,0.164852,0.14285714285714285,1 long / 0 short; top=ERROR_CORRECTION_RESIDUAL,NORMAL,MEAN_REVERTING,0.0,26.8,0.0,0.575400173664093,CAPACITY_BELOW_ONE_PACKAGE,4.1073760986328125,4.5,198.73585480109512,,,,,HO cpg = normalized USD/bbl / 0.42 = native USD/gal x 100,2027-05-31,2027-05-25,194,DEMO ONLY - NOT VALIDATED,true,15,9,30,18,180,30,15,5,false,3
2026-09-01,2026-09-01T18:15:00.000+0000,Dec26 Gasoil/Brent Crack,Dec Gasoil/Brent Crack,QSZ6 Comdty | COZ6 Comdty,2026-12-01,QS2_CO2,QS M2 / Brent Same-Month Crack,Crack,QS|CO,CRACK_USD_BBL,USD/bbl,NO TRADE,NOT_ACTIONABLE,false,,,3,3,REGIME_ENSEMBLE,false,USD/bbl,17.35224903973834,15.577318120242357,17.641569208859206,16.837451744079587,17.206483524694008,17.49801455478267,17.35224903973834,15.577318120242357,17.641569208859206,16.837451744079587,0.555641,BULLISH_FRAGMENT,0.112327,0.14285714285714285,1 long / 0 short; top=STABILITY_REVERSION,NORMAL,MIXED,0.0,295.0,0.0,0.6849381327629089,CAPACITY_BELOW_ONE_PACKAGE,7.086953163146973,2.4000000953674316,,644.8643985620192,86.55897967275426,206.092808744653,,Crack USD/bbl; HO USD/gal x 42 and gasoil USD/MT / 7.45 before leg weighting,2026-10-30,2026-10-26,43,DEMO ONLY - NOT VALIDATED,true,15,9,30,18,180,30,15,5,false,3
2026-09-01,2026-09-01T18:15:00.000+0000,Sep27/Oct27 Brent/WTI Box,Sep/Oct Brent/WTI Box,COU7 Comdty | CLU7 Comdty | COV7 Comdty | CLV7 Comdty,2027-09-01 | 2027-10-01,BOX.CURVE.CO_CL.M11_M12,Brent-WTI Curve Box M11-M12,Relative Box,CO|CL,NORMALIZED_USD_BBL,USD/bbl,NO TRADE,NOT_ACTIONABLE,false,,,3,3,REGIME_ENSEMBLE,false,USD/bbl,-0.31937499229229616,-0.29698286647617816,0.4462199925881624,-0.04501294344663619,-0.5118504602125995,-0.1268995243719928,-0.31937499229229616,-0.29698286647617816,0.4462199925881624,-0.04501294344663619,0.547238,BULLISH_FRAGMENT,0.154253,0.14285714285714285,1 long / 0 short; top=TREND_BREAKOUT,NORMAL,MIXED,0.0,100.0,0.0,0.9391010403633118,CAPACITY_BELOW_ONE_PACKAGE,7.04519510269165,5.550000190734863,,,,,,Normalized USD/bbl package quote,2027-07-30,2027-07-26,238,DEMO ONLY - NOT VALIDATED,true,15,9,30,18,180,30,15,5,false,3
2026-09-01,2026-09-01T18:15:00.000+0000,Aug27/Sep27/Oct27/Nov27 Gasoil Condor,Aug/Sep/Oct/Nov Gasoil Condor,QSQ7 Comdty | QSU7 Comdty | QSV7 Comdty | QSX7 Comdty,2027-08-01 | 2027-09-01 | 2027-10-01 | 2027-11-01,CDR.QS.M12_M13_M14_M15,QS M12-M15 Condor,Condor,QS,NORMALIZED_USD_BBL,USD/bbl,NO TRADE,NOT_ACTIONABLE,false,,,3,3,REGIME_ENSEMBLE,false,USD/bbl,0.28313234525167275,-0.32248128267109394,0.21114437343657017,0.04326656274497509,0.07037514897429276,0.49588954152905274,0.28313234525167275,-0.32248128267109394,0.21114437343657017,0.04326656274497509,0.537576,BEARISH_FRAGMENT,0.157136,0.14285714285714285,0 long / 1 short; top=ERROR_CORRECTION_RESIDUAL,NORMAL,MIXED,0.0,220.0,0.0,1.277091145515442,CAPACITY_BELOW_ONE_PACKAGE,1.973784327507019,6.25,,618.2097992234408,82.98118110381755,197.5742407233751,,Normalized USD/bbl package quote,2027-08-11,2027-08-05,246,DEMO ONLY - NOT VALIDATED,true,15,9,30,18,180,30,15,5,false,3
2026-09-01,2026-09-01T18:15:00.000+0000,Jun27/Jul27/Aug27 HOGO Fly,Jun/Jul/Aug HOGO Fly,HOM7 Comdty | HON7 Comdty | HOQ7 Comdty | QSM7 Comdty | QSN7 Comdty | QSQ7 Comdty,2027-06-01 | 2027-07-01 | 2027-08-01,FLY.HOGO.M09_M10_M11,HOGO Relative Fly M9-M11,HOGO Fly,HO|QS,HOGO_CPG,USD/bbl,NO TRADE,NOT_ACTIONABLE,false,,,3,3,REGIME_ENSEMBLE,false,cpg,-1.1380924856292534,3.1321453418958756,10.627513108276187,4.453767211664291,-1.8890599201036533,-0.3871250511548532,-0.4779988439642864,1.3155010435962677,4.463555505475998,1.8705822288990022,0.535969,MIXED_PATTERN,0.009197,0.14285714285714285,1 long / 1 short; top=STABILITY_REVERSION,NORMAL,MIXED,0.0,1040.8,0.0,0.9328225255012512,INSUFFICIENT_EXECUTABLE_CAPACITY,0.6845626831054688,5.199999809265137,198.73585480109512,624.4341228795072,83.8166607891956,199.5634780695133,-1.1380924856292534,HO cpg minus gasoil cpg; gasoil cpg = USD/MT / 7.45 / 0.42,2027-05-31,2027-05-25,194,DEMO ONLY - NOT VALIDATED,true,15,9,30,18,180,30,15,5,false,3
2026-09-01,2026-09-01T18:15:00.000+0000,Nov27/Dec27 HO/WTI Crack Box,Nov/Dec HO/WTI Crack Box,HOX7 Comdty | CLX7 Comdty | HOZ7 Comdty | CLZ7 Comdty,2027-11-01 | 2027-12-01,BOX.CRKCAL.HO_CL.M14_M15,HO/WTI Crack Calendar Box M14-M15,Crack Curve,HO|CL,CRACK_USD_BBL,USD/bbl,NO TRADE,NOT_ACTIONABLE,false,,,3,3,REGIME_ENSEMBLE,false,USD/bbl,0.32662987143143596,-0.33662601913690565,0.37714634071469305,0.11289712283760309,0.11690416738733234,0.5363555754755396,0.32662987143143596,-0.33662601913690565,0.37714634071469305,0.11289712283760309,0.531909,BEARISH_FRAGMENT,0.131823,0.14285714285714285,0 long / 1 short; top=ERROR_CORRECTION_RESIDUAL,NORMAL,MIXED,0.0,76.8,0.0,0.845050036907196,CAPACITY_BELOW_ONE_PACKAGE,1.319187879562378,6.25,193.55169383679996,,,,,Crack USD/bbl; HO USD/gal x 42 and gasoil USD/MT / 7.45 before leg weighting,2027-10-20,2027-10-14,296,DEMO ONLY - NOT VALIDATED,true,15,9,30,18,180,30,15,5,false,3
2026-09-01,2026-09-01T18:15:00.000+0000,Apr27/May27 HO/WTI Crack Box,Apr/May HO/WTI Crack Box,HOJ7 Comdty | CLJ7 Comdty | HOK7 Comdty | CLK7 Comdty,2027-04-01 | 2027-05-01,BOX.CRKCAL.HO_CL.M07_M08,HO/WTI Crack Calendar Box M7-M8,Crack Curve,HO|CL,CRACK_USD_BBL,USD/bbl,NO TRADE,NOT_ACTIONABLE,false,,,3,3,REGIME_ENSEMBLE,false,USD/bbl,0.2483711513804252,-0.42070421524584295,0.30428450502693655,0.035454382374882694,0.044359632872229326,0.4523826698886211,0.2483711513804252,-0.42070421524584295,0.30428450502693655,0.035454382374882694,0.530682,BEARISH_FRAGMENT,0.141053,0.14285714285714285,0 long / 1 short; top=ERROR_CORRECTION_RESIDUAL,IMPACT_STRESS,MIXED,0.0,76.8,0.0,0.8347692489624023,CAPACITY_BELOW_ONE_PACKAGE,9.587576866149902,3.799999952316284,201.89873608127266,,,,,Crack USD/bbl; HO USD/gal x 42 and gasoil USD/MT / 7.45 before leg weighting,2027-03-22,2027-03-16,144,DEMO ONLY - NOT VALIDATED,true,15,9,30,18,180,30,15,5,false,3
2026-09-01,2026-09-01T18:15:00.000+0000,Nov27/Dec27 HOGO Box,Nov/Dec HOGO Box,HOX7 Comdty | QSX7 Comdty | HOZ7 Comdty | QSZ7 Comdty,2027-11-01 | 2027-12-01,BOX.CURVE.HO_QS.M14_M15,HO-Gasoil Curve Box M14-M15,Relative Box,HO|QS,HOGO_CPG,USD/bbl,NO TRADE,NOT_ACTIONABLE,false,,,3,3,REGIME_ENSEMBLE,false,cpg,0.7115704139086988,-1.011286825648376,0.9180751130666052,0.1810511015355587,0.23588800700070897,1.1872528208166886,0.2988595738416535,-0.4247404667723179,0.3855915474879742,0.07604146264493465,0.530112,BEARISH_FRAGMENT,0.161227,0.14285714285714285,0 long / 1 short; top=TREND_BREAKOUT,NORMAL,MEAN_REVERTING,0.0,520.4,0.0,0.8731223940849304,INSUFFICIENT_EXECUTABLE_CAPACITY,0.30956387519836426,6.599999904632568,193.55169383679996,605.7851916305661,81.31344854101559,193.60344890717997,0.7115704139086988,HO cpg minus gasoil cpg; gasoil cpg = USD/MT / 7.45 / 0.42,2027-10-29,2027-10-25,303,DEMO ONLY - NOT VALIDATED,true,15,9,30,18,180,30,15,5,false,3
2026-09-01,2026-09-01T18:15:00.000+0000,Jul27/Aug27/Sep27/Oct27 Gasoil Condor,Jul/Aug/Sep/Oct Gasoil Condor,QSN7 Comdty | QSQ7 Comdty | QSU7 Comdty | QSV7 Comdty,2027-07-01 | 2027-08-01 | 2027-09-01 | 2027-10-01,CDR.QS.M11_M12_M13_M14,QS M11-M14 Condor,Condor,QS,NORMALIZED_USD_BBL,USD/bbl,NO TRADE,NOT_ACTIONABLE,false,,,3,3,REGIME_ENSEMBLE,false,USD/bbl,-0.32277657152783945,-0.32497114567190405,0.3454907990071177,-0.09331799866631627,-0.5387340901948221,-0.1068190528608568,-0.32277657152783945,-0.32497114567190405,0.3454907990071177,-0.09331799866631627,0.528637,BULLISH_FRAGMENT,0.157136,0.14285714285714285,1 long / 0 short; top=ERROR_CORRECTION_RESIDUAL,NORMAL,MEAN_REVERTING,0.0,220.0,0.0,1.3491847515106201,CAPACITY_BELOW_ONE_PACKAGE,3.0578227043151855,5.900000095367432,,620.1839351595681,83.24616579323062,198.2051566505491,,Normalized USD/bbl package quote,2027-07-12,2027-07-06,224,DEMO ONLY - NOT VALIDATED,true,15,9,30,18,180,30,15,5,false,3
2026-09-01,2026-09-01T18:15:00.000+0000,Sep27/Oct27/Nov27/Dec27 WTI Condor,Sep/Oct/Nov/Dec WTI Condor,CLU7 Comdty | CLV7 Comdty | CLX7 Comdty | CLZ7 Comdty,2027-09-01 | 2027-10-01 | 2027-11-01 | 2027-12-01,CDR.CL.M12_M13_M14_M15,CL M12-M15 Condor,Condor,CL,NORMALIZED_USD_BBL,USD/bbl,NO TRADE,NOT_ACTIONABLE,false,,,3,3,REGIME_ENSEMBLE,false,USD/bbl,0.46268861532345795,-0.4874605475848913,0.3799879117792845,0.10168971605598925,0.21637793421879792,0.708999296428118,0.46268861532345795,-0.4874605475848913,0.3799879117792845,0.10168971605598925,0.527483,BEARISH_FRAGMENT,0.157136,0.14285714285714285,0 long / 1 short; top=ERROR_CORRECTION_RESIDUAL,NORMAL,MIXED,0.0,100.0,0.0,1.17218017578125,CAPACITY_BELOW_ONE_PACKAGE,7.074624061584473,6.25,,,,,,Normalized USD/bbl package quote,2027-08-20,2027-08-16,253,DEMO ONLY - NOT VALIDATED,true,15,9,30,18,180,30,15,5,false,3
2026-09-01,2026-09-01T18:15:00.000+0000,Mar27/Apr27/May27 HO Fly,Mar/Apr/May HO Fly,HOH7 Comdty | HOJ7 Comdty | HOK7 Comdty,2027-03-01 | 2027-04-01 | 2027-05-01,FLY.HO.M06_M07_M08,HO M6-M7-M8 Fly,Fly,HO,HO_CPG,USD/bbl,NO TRADE,NOT_ACTIONABLE,false,,,3,3,REGIME_ENSEMBLE,false,cpg,-0.9946579081006321,-1.1053394556811877,0.9316793008276393,-0.3526113554835319,-1.4940038468200865,-0.49531196938117783,-0.4177563214022655,-0.4642425713860988,0.3913053063476085,-0.1480967693030834,0.525114,BULLISH_FRAGMENT,0.157708,0.14285714285714285,1 long / 0 short; top=ERROR_CORRECTION_RESIDUAL,IMPACT_STRESS,MIXED,0.0,53.6,0.0,0.7054973840713501,CAPACITY_BELOW_ONE_PACKAGE,5.571969032287598,3.799999952316284,202.62949631676855,,,,,HO cpg = normalized USD/bbl / 0.42 = native USD/gal x 100,2027-02-26,2027-02-22,128,DEMO ONLY - NOT VALIDATED,true,15,9,30,18,180,30,15,5,false,3
2026-09-01,2026-09-01T18:15:00.000+0000,Dec26/Jan27 Gasoil/Brent Crack Box,Dec26/Jan27 Gasoil/Brent Crack Box,QSZ6 Comdty | COZ6 Comdty | QSF7 Comdty | COF7 Comdty,2026-12-01 | 2027-01-01,BOX.CRKCAL.QS_CO.M02_M03,Gasoil/Brent Crack Calendar Box M2-M3,Crack Curve,QS|CO,CRACK_USD_BBL,USD/bbl,NO TRADE,NOT_ACTIONABLE,false,,,3,3,REGIME_ENSEMBLE,false,USD/bbl,-0.32692465276510063,-0.32968692545115946,0.447392956058383,-0.0576067790389061,-0.527183127562111,-0.1266661779680902,-0.32692465276510063,-0.32968692545115946,0.447392956058383,-0.0576067790389061,0.523754,BULLISH_FRAGMENT,0.135057,0.14285714285714285,1 long / 0 short; top=ERROR_CORRECTION_RESIDUAL,NORMAL,MIXED,0.0,590.0,0.0,0.6015923023223877,CAPACITY_BELOW_ONE_PACKAGE,4.950032711029053,2.75,,644.8643985620192,86.55897967275426,206.092808744653,,Crack USD/bbl; HO USD/gal x 42 and gasoil USD/MT / 7.45 before leg weighting,2026-10-30,2026-10-26,43,DEMO ONLY - NOT VALIDATED,true,15,9,30,18,180,30,15,5,false,3
2026-09-01,2026-09-01T18:15:00.000+0000,Dec27/Jan28 Brent/WTI Box,Dec27/Jan28 Brent/WTI Box,COZ7 Comdty | CLZ7 Comdty | COF8 Comdty | CLF8 Comdty,2027-12-01 | 2028-01-01,BOX.CURVE.CO_CL.M14_M15,Brent-WTI Curve Box M14-M15,Relative Box,CO|CL,NORMALIZED_USD_BBL,USD/bbl,NO TRADE,NOT_ACTIONABLE,false,,,3,3,REGIME_ENSEMBLE,false,USD/bbl,-0.06851284278442904,-0.29275789868712426,0.4251450003373623,0.03175583779811859,-0.23670394418647334,0.09967825861761526,-0.06851284278442904,-0.29275789868712426,0.4251450003373623,0.03175583779811859,0.520605,BULLISH_FRAGMENT,0.149987,0.14285714285714285,1 long / 0 short; top=TREND_BREAKOUT,NORMAL,MIXED,0.0,100.0,0.0,1.0431989431381226,CAPACITY_BELOW_ONE_PACKAGE,2.991971254348755,6.599999904632568,,,,,,Normalized USD/bbl package quote,2027-10-29,2027-10-25,303,DEMO ONLY - NOT VALIDATED,true,15,9,30,18,180,30,15,5,false,3
2026-09-01,2026-09-01T18:15:00.000+0000,Sep27/Oct27/Nov27/Dec27 Gasoil Condor,Sep/Oct/Nov/Dec Gasoil Condor,QSU7 Comdty | QSV7 Comdty | QSX7 Comdty | QSZ7 Comdty,2027-09-01 | 2027-10-01 | 2027-11-01 | 2027-12-01,CDR.QS.M13_M14_M15_M16,QS M13-M16 Condor,Condor,QS,NORMALIZED_USD_BBL,USD/bbl,NO TRADE,NOT_ACTIONABLE,false,,,3,3,REGIME_ENSEMBLE,false,USD/bbl,0.31479555302834683,-0.4302551550543308,0.3036930216228962,0.05526517108082772,0.09233766356086903,0.5372534424958246,0.31479555302834683,-0.4302551550543308,0.3036930216228962,0.05526517108082772,0.510246,BEARISH_FRAGMENT,0.136184,0.14285714285714285,0 long / 1 short; top=ERROR_CORRECTION_RESIDUAL,NORMAL,MIXED,0.0,220.0,0.0,1.0132288932800293,CAPACITY_BELOW_ONE_PACKAGE,1.238255500793457,6.599999904632568,,613.1322381379458,82.29962928026119,195.95149828633615,,Normalized USD/bbl package quote,2027-09-10,2027-09-06,268,DEMO ONLY - NOT VALIDATED,true,15,9,30,18,180,30,15,5,false,3
2026-09-01,2026-09-01T18:15:00.000+0000,Aug27/Sep27/Oct27 Brent Fly,Aug/Sep/Oct Brent Fly,COQ7 Comdty | COU7 Comdty | COV7 Comdty,2027-08-01 | 2027-09-01 | 2027-10-01,FLY.CO.M10_M11_M12,CO M10-M11-M12 Fly,Fly,CO,NORMALIZED_USD_BBL,USD/bbl,NO TRADE,NOT_ACTIONABLE,false,,,3,3,REGIME_ENSEMBLE,false,USD/bbl,0.0790471814950422,-1.0988915569972992,1.1864292330932618,0.06391244009137154,-0.172724812440066,0.3308191754301504,0.0790471814950422,-1.0988915569972992,1.1864292330932618,0.06391244009137154,0.508368,BULLISH_FRAGMENT,0.162456,0.14285714285714285,1 long / 0 short; top=ROBUST_MEAN_REVERSION,IMPACT_STRESS,MIXED,0.0,100.0,0.0,1.1147708892822266,CAPACITY_BELOW_ONE_PACKAGE,5.682892322540283,5.199999809265137,,,,,,Normalized USD/bbl package quote,2027-06-30,2027-06-24,216,DEMO ONLY - NOT VALIDATED,true,15,9,30,18,180,30,15,5,false,3
2026-09-01,2026-09-01T18:15:00.000+0000,Oct27/Nov27/Dec27/Jan28 HO Condor,Oct27/Nov27/Dec27/Jan28 HO Condor,HOV7 Comdty | HOX7 Comdty | HOZ7 Comdty | HOF8 Comdty,2027-10-01 | 2027-11-01 | 2027-12-01 | 2028-01-01,CDR.HO.M13_M14_M15_M16,HO M13-M16 Condor,Condor,HO,HO_CPG,USD/bbl,NO TRADE,NOT_ACTIONABLE,false,,,3,3,REGIME_ENSEMBLE,false,cpg,0.8053692459757569,-0.6909662610895576,0.8660244286947306,0.30220702113140196,0.2953080418971053,1.3154304500544085,0.3382550833098179,-0.2902058296576142,0.3637302600517869,0.12692694887518882,0.504956,BEARISH_FRAGMENT,0.136184,0.14285714285714285,0 long / 1 short; top=ERROR_CORRECTION_RESIDUAL,NORMAL,MIXED,0.0,53.6,0.0,1.0115904808044434,CAPACITY_BELOW_ONE_PACKAGE,1.2115172147750854,6.599999904632568,194.90403649885332,,,,,HO cpg = normalized USD/bbl / 0.42 = native USD/gal x 100,2027-09-30,2027-09-24,282,DEMO ONLY - NOT VALIDATED,true,15,9,30,18,180,30,15,5,false,3
2026-09-01,2026-09-01T18:15:00.000+0000,Jul27 Brent/WTI,Jul Brent/WTI,CON7 Comdty | CLN7 Comdty,2027-07-01,RV.CO_CL.M09,Brent/WTI Relative Value M9,Relative Value,CO|CL,NORMALIZED_USD_BBL,USD/bbl,NO TRADE,NOT_ACTIONABLE,false,,,3,3,REGIME_ENSEMBLE,false,USD/bbl,3.4683892709886663,2.593533223385811,4.116493994479179,3.3914874315261834,3.3067712394272917,3.630007302550041,3.4683892709886663,2.593533223385811,4.116493994479179,3.3914874315261834,0.50288,NO_PATTERN,0.0,0.0,0 long / 0 short; top=TREND_BREAKOUT,NORMAL,MIXED,0.0,50.0,0.0,1.9288901090621948,CAPACITY_BELOW_ONE_PACKAGE,29.578489303588867,4.5,,,,,,Normalized USD/bbl package quote,2027-05-31,2027-05-25,194,DEMO ONLY - NOT VALIDATED,true,15,9,30,18,180,30,15,5,false,3
2026-09-01,2026-09-01T18:15:00.000+0000,May27 HO/WTI/Gasoil/Brent Box,May HO/WTI/Gasoil/Brent Box,HOK7 Comdty | CLK7 Comdty | QSK7 Comdty | COK7 Comdty,2027-05-01,BOX.CRACK.TRANSATL.M07,US-Europe Crack Relative Box M7,Relative Box,HO|CL|QS|CO,NORMALIZED_USD_BBL,USD/bbl,NO TRADE,NOT_ACTIONABLE,false,,,3,3,REGIME_ENSEMBLE,false,USD/bbl,3.519030646413384,3.869248410089016,8.2282285491395,5.297994470596313,3.2651929231284242,3.772868369698344,3.519030646413384,3.869248410089016,8.2282285491395,5.297994470596313,0.501626,BULLISH_FRAGMENT,0.146715,0.14285714285714285,1 long / 0 short; top=FLOW_DIVERGENCE,NORMAL,TRENDING,0.0,410.2,0.0,0.7652108669281006,CAPACITY_BELOW_ONE_PACKAGE,2.078563928604126,4.150000095367432,200.17331793767613,627.4163201110251,84.21695571960069,200.5165612371445,,Normalized USD/bbl package quote,2027-03-31,2027-03-23,151,DEMO ONLY - NOT VALIDATED,true,15,9,30,18,180,30,15,5,false,3
2026-09-01,2026-09-01T18:15:00.000+0000,Dec27/Jan28/Feb28 Brent Fly,Dec27/Jan28/Feb28 Brent Fly,COZ7 Comdty | COF8 Comdty | COG8 Comdty,2027-12-01 | 2028-01-01 | 2028-02-01,FLY.CO.M14_M15_M16,CO M14-M15-M16 Fly,Fly,CO,NORMALIZED_USD_BBL,USD/bbl,NO TRADE,NOT_ACTIONABLE,false,,,3,3,REGIME_ENSEMBLE,false,USD/bbl,0.11721451974930375,-0.938144185589552,1.195096888588667,0.13288122266530988,-0.13007760771093757,0.36450664720954506,0.11721451974930375,-0.938144185589552,1.195096888588667,0.13288122266530988,0.500876,BULLISH_FRAGMENT,0.20279,0.14285714285714285,1 long / 0 short; top=ERROR_CORRECTION_RESIDUAL,NORMAL,MIXED,0.0,100.0,0.0,1.0061564445495605,CAPACITY_BELOW_ONE_PACKAGE,1.4959856271743774,6.599999904632568,,,,,,Normalized USD/bbl package quote,2027-10-29,2027-10-25,303,DEMO ONLY - NOT VALIDATED,true,15,9,30,18,180,30,15,5,false,3
2026-09-01,2026-09-01T18:15:00.000+0000,Nov27 HO/WTI Crack,Nov HO/WTI Crack,HOX7 Comdty | CLX7 Comdty,2027-11-01,CRK.HO_CL.M14,HO/WTI Same-Month Crack M14,Crack,HO|CL,CRACK_USD_BBL,USD/bbl,NO TRADE,NOT_ACTIONABLE,false,,,3,3,REGIME_ENSEMBLE,false,USD/bbl,21.28545658112298,20.76591403464079,24.1808976413846,22.121146965026853,21.099249752320155,21.471663409925803,21.28545658112298,20.76591403464079,24.1808976413846,22.121146965026853,0.499991,NO_PATTERN,0.0,0.0,0 long / 0 short; top=STABILITY_REVERSION,NORMAL,MIXED,0.0,38.4,0.0,1.4432653188705444,CAPACITY_BELOW_ONE_PACKAGE,3.076538324356079,5.900000095367432,193.55169383679996,,,,,Crack USD/bbl; HO USD/gal x 42 and gasoil USD/MT / 7.45 before leg weighting,2027-10-20,2027-10-14,296,DEMO ONLY - NOT VALIDATED,true,15,9,30,18,180,30,15,5,false,3
2026-09-01,2026-09-01T18:15:00.000+0000,Oct26 HO/WTI Crack,Oct HO/WTI Crack,HOV6 Comdty | CLV6 Comdty,2026-10-01,HO1_CL1,HO M1 / WTI Same-Month Crack,Crack,HO|CL,CRACK_USD_BBL,USD/bbl,NO TRADE,NOT_ACTIONABLE,false,,,3,3,REGIME_ENSEMBLE,false,USD/bbl,21.10902339024075,21.530680313785076,23.719743117611408,22.174277877807615,20.922676471896253,21.295370308585248,21.10902339024075,21.530680313785076,23.719743117611408,22.174277877807615,0.496863,NO_PATTERN,0.0,0.0,0 long / 0 short; top=STABILITY_REVERSION,NORMAL,MIXED,0.0,38.4,0.0,0.8395187854766846,CAPACITY_BELOW_ONE_PACKAGE,64.7407455444336,1.350000023841858,208.2453815070264,,,,,Crack USD/bbl; HO USD/gal x 42 and gasoil USD/MT / 7.45 before leg weighting,2026-09-22,2026-09-16,15,DEMO ONLY - NOT VALIDATED,true,15,9,30,18,180,30,15,5,false,3
2026-09-01,2026-09-01T18:15:00.000+0000,Sep26/Oct26 Gasoil Calendar,Sep/Oct Gasoil Calendar,QSU6 Comdty | QSV6 Comdty,2026-09-01 | 2026-10-01,QS1_QS2,QS M1-M2 Calendar,Calendar,QS,NORMALIZED_USD_BBL,USD/bbl,NO TRADE,NOT_ACTIONABLE,false,,,3,3,REGIME_ENSEMBLE,false,USD/bbl,0.19339594687603778,0.09737110420346262,0.8213496775996685,0.38016693592071527,0.03709761123441524,0.3496942825176603,0.19339594687603778,0.09737110420346262,0.8213496775996685,0.38016693592071527,0.496816,NO_PATTERN,0.0,0.0,0 long / 0 short; top=ERROR_CORRECTION_RESIDUAL,NORMAL,MIXED,0.0,110.0,0.0,1.3591562509536743,CAPACITY_BELOW_ONE_PACKAGE,74.98890686035156,1.7000000476837158,,655.6867236524931,88.01164075872391,209.55152561600931,,Normalized USD/bbl package quote,2026-09-10,2026-09-04,7,DEMO ONLY - NOT VALIDATED,true,15,9,30,18,180,30,15,5,false,3
2026-09-01,2026-09-01T18:15:00.000+0000,Dec27 HOGO (HO-Gasoil),Dec HOGO (HO-Gasoil),HOZ7 Comdty | QSZ7 Comdty,2027-12-01,RV.HO_QS.M15,HO/Gasoil Relative Value M15,Relative Value,HO|QS,HOGO_CPG,USD/bbl,NO TRADE,NOT_ACTIONABLE,false,,,3,3,REGIME_ENSEMBLE,false,cpg,-0.7633254842887248,1.086790149444626,12.08263018369107,4.374575664599736,-1.275185116607653,-0.25146585196979676,-0.32059670340126445,0.4564518627667429,5.074704677150249,1.8373217791318892,0.495814,NO_PATTERN,0.0,0.0,0 long / 0 short; top=TREND_BREAKOUT,IMPACT_STRESS,TRENDING,0.0,260.2,0.0,0.8610187768936157,INSUFFICIENT_EXECUTABLE_CAPACITY,0.30956387519836426,6.599999904632568,192.1902050707185,603.7515971066175,81.04048283310303,192.9535305550072,-0.7633254842887248,HO cpg minus gasoil cpg; gasoil cpg = USD/MT / 7.45 / 0.42,2027-11-30,2027-11-23,325,DEMO ONLY - NOT VALIDATED,true,15,9,30,18,180,30,15,5,false,3
2026-09-01,2026-09-01T18:15:00.000+0000,Mar27 HO/WTI Crack,Mar HO/WTI Crack,HOH7 Comdty | CLH7 Comdty,2027-03-01,CRK.HO_CL.M06,HO/WTI Same-Month Crack M6,Crack,HO|CL,CRACK_USD_BBL,USD/bbl,NO TRADE,NOT_ACTIONABLE,false,,,3,3,REGIME_ENSEMBLE,false,USD/bbl,21.050225961349724,20.826387706422807,24.194833454465865,22.07289924621582,20.861433855585574,21.239018067113875,21.050225961349724,20.826387706422807,24.194833454465865,22.07289924621582,0.495473,NO_PATTERN,0.0,0.0,0 long / 0 short; top=STABILITY_REVERSION,NORMAL,MIXED,0.0,38.4,0.0,1.2308778762817383,CAPACITY_BELOW_ONE_PACKAGE,24.393070220947266,3.0999999046325684,202.62949631676855,,,,,Crack USD/bbl; HO USD/gal x 42 and gasoil USD/MT / 7.45 before leg weighting,2027-02-22,2027-02-16,124,DEMO ONLY - NOT VALIDATED,true,15,9,30,18,180,30,15,5,false,3
2026-09-01,2026-09-01T18:15:00.000+0000,Sep27 Gasoil/Brent Crack,Sep Gasoil/Brent Crack,QSU7 Comdty | COU7 Comdty,2027-09-01,CRK.QS_CO.M11,Gasoil/Brent Same-Month Crack M11,Crack,QS|CO,CRACK_USD_BBL,USD/bbl,NO TRADE,NOT_ACTIONABLE,false,,,3,3,REGIME_ENSEMBLE,false,USD/bbl,17.562613970039095,15.639493088474273,17.340704818019866,16.815705680847167,17.396441920099463,17.728786019978727,17.562613970039095,15.639493088474273,17.340704818019866,16.815705680847167,0.492605,NO_PATTERN,0.0,0.0,0 long / 0 short; top=STABILITY_REVERSION,IMPACT_STRESS,MIXED,0.0,295.0,0.0,0.8680375814437866,INSUFFICIENT_EXECUTABLE_CAPACITY,0.7644556760787964,5.550000190734863,,613.1322381379458,82.29962928026119,195.95149828633615,,Crack USD/bbl; HO USD/gal x 42 and gasoil USD/MT / 7.45 before leg weighting,2027-07-30,2027-07-26,238,DEMO ONLY - NOT VALIDATED,true,15,9,30,18,180,30,15,5,false,3
2026-09-01,2026-09-01T18:15:00.000+0000,Sep26/Oct26/Nov26/Dec26 Gasoil Condor,Sep/Oct/Nov/Dec Gasoil Condor,QSU6 Comdty | QSV6 Comdty | QSX6 Comdty | QSZ6 Comdty,2026-09-01 | 2026-10-01 | 2026-11-01 | 2026-12-01,QS_CONDOR_1234,QS M1-M2-M3-M4 Condor,Condor,QS,NORMALIZED_USD_BBL,USD/bbl,NO TRADE,NOT_ACTIONABLE,false,,,3,3,REGIME_ENSEMBLE,false,USD/bbl,-0.33574954426460124,-0.374594568567276,0.34073862369537355,-0.11556749194860458,-0.5479999520497785,-0.12349913647942401,-0.33574954426460124,-0.374594568567276,0.34073862369537355,-0.11556749194860458,0.490809,BULLISH_FRAGMENT,0.15028,0.14285714285714285,1 long / 0 short; top=ERROR_CORRECTION_RESIDUAL,NORMAL,MIXED,0.0,220.0,0.0,0.800376832485199,CAPACITY_BELOW_ONE_PACKAGE,28.34781265258789,2.4000000953674316,,655.6867236524931,88.01164075872391,209.55152561600931,,Normalized USD/bbl package quote,2026-09-10,2026-09-04,7,DEMO ONLY - NOT VALIDATED,true,15,9,30,18,180,30,15,5,false,3
2026-09-01,2026-09-01T18:15:00.000+0000,Jul27/Aug27 Gasoil Calendar,Jul/Aug Gasoil Calendar,QSN7 Comdty | QSQ7 Comdty,2027-07-01 | 2027-08-01,CAL.QS.M11_M12,QS M11-M12 Calendar,Calendar,QS,NORMALIZED_USD_BBL,USD/bbl,NO TRADE,NOT_ACTIONABLE,false,,,3,3,REGIME_ENSEMBLE,false,USD/bbl,0.26498468941306896,0.1250238284662366,0.7295354142591357,0.3758740842342377,0.11736228479301758,0.41260709403312035,0.26498468941306896,0.1250238284662366,0.7295354142591357,0.3758740842342377,0.489967,NO_PATTERN,0.0,0.0,0 long / 0 short; top=ERROR_CORRECTION_RESIDUAL,NORMAL,MIXED,0.0,110.0,0.0,1.4032275676727295,CAPACITY_BELOW_ONE_PACKAGE,4.961162090301514,5.199999809265137,,620.1839351595681,83.24616579323062,198.2051566505491,,Normalized USD/bbl package quote,2027-07-12,2027-07-06,224,DEMO ONLY - NOT VALIDATED,true,15,9,30,18,180,30,15,5,false,3
2026-09-01,2026-09-01T18:15:00.000+0000,Sep27/Oct27 Gasoil Calendar,Sep/Oct Gasoil Calendar,QSU7 Comdty | QSV7 Comdty,2027-09-01 | 2027-10-01,CAL.QS.M13_M14,QS M13-M14 Calendar,Calendar,QS,NORMALIZED_USD_BBL,USD/bbl,NO TRADE,NOT_ACTIONABLE,false,,,3,3,REGIME_ENSEMBLE,false,USD/bbl,0.5877612609409084,0.2898722465386987,0.665052575314939,0.5130448997020721,0.43502837270426653,0.7404941491775503,0.5877612609409084,0.2898722465386987,0.665052575314939,0.5130448997020721,0.489174,NO_PATTERN,0.0,0.0,0 long / 0 short; top=ERROR_CORRECTION_RESIDUAL,NORMAL,MEAN_REVERTING,0.0,110.0,0.0,1.3491847515106201,CAPACITY_BELOW_ONE_PACKAGE,3.0578227043151855,5.900000095367432,,613.1322381379458,82.29962928026119,195.95149828633615,,Normalized USD/bbl package quote,2027-09-10,2027-09-06,268,DEMO ONLY - NOT VALIDATED,true,15,9,30,18,180,30,15,5,false,3
2026-09-01,2026-09-01T18:15:00.000+0000,Jun27 HO/WTI Crack,Jun HO/WTI Crack,HOM7 Comdty | CLM7 Comdty,2027-06-01,CRK.HO_CL.M09,HO/WTI Same-Month Crack M9,Crack,HO|CL,CRACK_USD_BBL,USD/bbl,NO TRADE,NOT_ACTIONABLE,false,,,3,3,REGIME_ENSEMBLE,false,USD/bbl,20.765678294895864,20.759437614719868,24.30424875612974,22.00154685974121,20.555171416102624,20.976185173689103,20.765678294895864,20.759437614719868,24.30424875612974,22.00154685974121,0.487666,NO_PATTERN,0.0,0.0,0 long / 0 short; top=STABILITY_REVERSION,NORMAL,MIXED,0.0,38.4,0.0,0.9972574710845947,CAPACITY_BELOW_ONE_PACKAGE,8.36109733581543,4.150000095367432,198.73585480109512,,,,,Crack USD/bbl; HO USD/gal x 42 and gasoil USD/MT / 7.45 before leg weighting,2027-05-20,2027-05-14,187,DEMO ONLY - NOT VALIDATED,true,15,9,30,18,180,30,15,5,false,3
2026-09-01,2026-09-01T18:15:00.000+0000,Oct27/Nov27 Brent Calendar,Oct/Nov Brent Calendar,COV7 Comdty | COX7 Comdty,2027-10-01 | 2027-11-01,CAL.CO.M12_M13,CO M12-M13 Calendar,Calendar,CO,NORMALIZED_USD_BBL,USD/bbl,NO TRADE,NOT_ACTIONABLE,false,,,3,3,REGIME_ENSEMBLE,false,USD/bbl,0.6028639668133522,0.1484470300412178,0.6808345980906487,0.46748642027378073,0.4344705635216499,0.7712573701050545,0.6028639668133522,0.1484470300412178,0.6808345980906487,0.46748642027378073,0.486719,NO_PATTERN,0.0,0.0,0 long / 0 short; top=ERROR_CORRECTION_RESIDUAL,NORMAL,MIXED,0.0,50.0,0.0,1.2129805088043213,CAPACITY_BELOW_ONE_PACKAGE,7.04519510269165,5.550000190734863,,,,,,Normalized USD/bbl package quote,2027-08-31,2027-08-24,260,DEMO ONLY - NOT VALIDATED,true,15,9,30,18,180,30,15,5,false,3
2026-09-01,2026-09-01T18:15:00.000+0000,Oct26/Nov26/Dec26 HO Fly,Oct/Nov/Dec HO Fly,HOV6 Comdty | HOX6 Comdty | HOZ6 Comdty,2026-10-01 | 2026-11-01 | 2026-12-01,HO_FLY_123,HO M1-M2-M3 Fly,Fly,HO,HO_CPG,USD/bbl,NO TRADE,NOT_ACTIONABLE,false,,,3,3,REGIME_ENSEMBLE,false,cpg,-0.45843552410536587,-1.7300730028351146,1.2335876701871553,-0.29113705314341043,-0.873432774656635,-0.04343827355409671,-0.19254292012425367,-0.7266306611907482,0.5181068214786052,-0.12227756232023239,0.485902,BULLISH_FRAGMENT,0.166576,0.14285714285714285,1 long / 0 short; top=ROBUST_MEAN_REVERSION,NORMAL,MIXED,0.0,53.6,0.0,0.651563823223114,CAPACITY_BELOW_ONE_PACKAGE,21.26129913330078,2.049999952316284,208.2453815070264,,,,,HO cpg = normalized USD/bbl / 0.42 = native USD/gal x 100,2026-09-30,2026-09-24,21,DEMO ONLY - NOT VALIDATED,true,15,9,30,18,180,30,15,5,false,3
2026-09-01,2026-09-01T18:15:00.000+0000,Jun27/Jul27 Brent Calendar,Jun/Jul Brent Calendar,COM7 Comdty | CON7 Comdty,2027-06-01 | 2027-07-01,CAL.CO.M08_M09,CO M8-M9 Calendar,Calendar,CO,NORMALIZED_USD_BBL,USD/bbl,NO TRADE,NOT_ACTIONABLE,false,,,3,3,REGIME_ENSEMBLE,false,USD/bbl,0.374625728212564,0.1217730523169041,0.9020691632211209,0.4688407093286514,0.20037514411684754,0.5488763123082805,0.374625728212564,0.1217730523169041,0.9020691632211209,0.4688407093286514,0.485193,NO_PATTERN,0.0,0.0,0 long / 0 short; top=ROBUST_MEAN_REVERSION,NORMAL,MIXED,0.0,50.0,0.0,1.4716979265213013,CAPACITY_BELOW_ONE_PACKAGE,22.203983306884766,4.150000095367432,,,,,,Normalized USD/bbl package quote,2027-04-30,2027-04-26,173,DEMO ONLY - NOT VALIDATED,true,15,9,30,18,180,30,15,5,false,3
2026-09-01,2026-09-01T18:15:00.000+0000,Jan28 HOGO (HO-Gasoil),Jan HOGO (HO-Gasoil),HOF8 Comdty | QSF8 Comdty,2028-01-01,RV.HO_QS.M16,HO/Gasoil Relative Value M16,Relative Value,HO|QS,HOGO_CPG,USD/bbl,NO TRADE,NOT_ACTIONABLE,false,,,3,3,REGIME_ENSEMBLE,false,cpg,0.05055073696650105,-1.5356327148619158,13.240851892834618,4.105063278582834,-0.4421121196549006,0.5432135935879027,0.021231309525930442,-0.6449657402420046,5.56115779499054,1.7241265770047902,0.484282,NO_PATTERN,0.0,0.0,0 long / 0 short; top=TREND_BREAKOUT,NORMAL,TRENDING,0.0,260.2,0.0,1.109787106513977,INSUFFICIENT_EXECUTABLE_CAPACITY,0.30389562249183655,6.949999809265137,191.64323165464089,599.4934985914032,80.46892598542324,191.5926809176744,0.05055073696650105,HO cpg minus gasoil cpg; gasoil cpg = USD/MT / 7.45 / 0.42,2027-12-31,2027-12-27,348,DEMO ONLY - NOT VALIDATED,true,15,9,30,18,180,30,15,5,false,3
2026-09-01,2026-09-01T18:15:00.000+0000,Oct26/Nov26 HO/Brent Crack,Oct/Nov HO/Brent Crack,HOV6 Comdty | COX6 Comdty,2026-10-01 | 2026-11-01,HO1_CO2,HO M1 / Brent M+1 Crack,Crack,HO|CO,CRACK_USD_BBL,USD/bbl,NO TRADE,NOT_ACTIONABLE,false,,,3,3,REGIME_ENSEMBLE,false,USD/bbl,18.07758986098972,18.26720065347433,21.148437316496373,19.22047061920166,17.896876196249394,18.258303525730042,18.07758986098972,18.26720065347433,21.148437316496373,19.22047061920166,0.484185,NO_PATTERN,0.0,0.0,0 long / 0 short; top=STABILITY_REVERSION,NORMAL,MIXED,0.0,38.4,0.0,0.8311159014701843,CAPACITY_BELOW_ONE_PACKAGE,64.7407455444336,1.350000023841858,208.2453815070264,,,,,Crack USD/bbl; HO USD/gal x 42 and gasoil USD/MT / 7.45 before leg weighting,2026-09-30,2026-09-24,21,DEMO ONLY - NOT VALIDATED,true,15,9,30,18,180,30,15,5,false,3
2026-09-01,2026-09-01T18:15:00.000+0000,Oct27/Nov27 Gasoil Calendar,Oct/Nov Gasoil Calendar,QSV7 Comdty | QSX7 Comdty,2027-10-01 | 2027-11-01,CAL.QS.M14_M15,QS M14-M15 Calendar,Calendar,QS,NORMALIZED_USD_BBL,USD/bbl,NO TRADE,NOT_ACTIONABLE,false,,,3,3,REGIME_ENSEMBLE,false,USD/bbl,0.3984194783046888,0.33573069533869626,0.6289130214734375,0.46093075871467587,0.24528798400611151,0.5515509726032661,0.3984194783046888,0.33573069533869626,0.6289130214734375,0.46093075871467587,0.484099,NO_PATTERN,0.0,0.0,0 long / 0 short; top=ERROR_CORRECTION_RESIDUAL,NORMAL,MEAN_REVERTING,0.0,110.0,0.0,1.277091145515442,CAPACITY_BELOW_ONE_PACKAGE,1.973784327507019,6.25,,608.7534167439361,81.71186801932028,194.55206671266734,,Normalized USD/bbl package quote,2027-10-12,2027-10-06,290,DEMO ONLY - NOT VALIDATED,true,15,9,30,18,180,30,15,5,false,3
2026-09-01,2026-09-01T18:15:00.000+0000,Nov27 Brent/WTI,Nov Brent/WTI,COX7 Comdty | CLX7 Comdty,2027-11-01,RV.CO_CL.M13,Brent/WTI Relative Value M13,Relative Value,CO|CL,NORMALIZED_USD_BBL,USD/bbl,NO TRADE,NOT_ACTIONABLE,false,,,3,3,REGIME_ENSEMBLE,false,USD/bbl,3.739387479721799,3.0885671597450974,3.8585554141074416,3.551566863059997,3.5923147789381886,3.8864601805054093,3.739387479721799,3.0885671597450974,3.8585554141074416,3.551566863059997,0.48364,NO_PATTERN,0.0,0.0,0 long / 0 short; top=TREND_BREAKOUT,NORMAL,MIXED,0.0,50.0,0.0,1.1749539375305176,CAPACITY_BELOW_ONE_PACKAGE,7.155328750610352,5.900000095367432,,,,,,Normalized USD/bbl package quote,2027-09-30,2027-09-24,282,DEMO ONLY - NOT VALIDATED,true,15,9,30,18,180,30,15,5,false,3
2026-09-01,2026-09-01T18:15:00.000+0000,Dec26 HO/WTI/Gasoil/Brent Box,Dec HO/WTI/Gasoil/Brent Box,HOZ6 Comdty | CLZ6 Comdty | QSZ6 Comdty | COZ6 Comdty,2026-12-01,BOX.CRACK.TRANSATL.M02,US-Europe Crack Relative Box M2,Relative Box,HO|CL|QS|CO,NORMALIZED_USD_BBL,USD/bbl,NO TRADE,NOT_ACTIONABLE,false,,,3,3,REGIME_ENSEMBLE,false,USD/bbl,3.8157887450883976,3.5247659161543847,8.459523253157139,5.3300354957580565,3.5627073674927345,4.068870122684061,3.8157887450883976,3.5247659161543847,8.459523253157139,5.3300354957580565,0.483435,BEARISH_FRAGMENT,0.185731,0.14285714285714285,0 long / 1 short; top=ERROR_CORRECTION_RESIDUAL,NORMAL,MIXED,0.0,410.2,0.0,0.6849381327629089,CAPACITY_BELOW_ONE_PACKAGE,7.086953163146973,2.4000000953674316,206.0926082494619,644.8643985620192,86.55897967275426,206.092808744653,,Normalized USD/bbl package quote,2026-10-30,2026-10-26,43,DEMO ONLY - NOT VALIDATED,true,15,9,30,18,180,30,15,5,false,3
2026-09-01,2026-09-01T18:15:00.000+0000,Jun27 HOGO (HO-Gasoil),Jun HOGO (HO-Gasoil),HOM7 Comdty | QSM7 Comdty,2027-06-01,RV.HO_QS.M09,HO/Gasoil Relative Value M9,Relative Value,HO|QS,HOGO_CPG,USD/bbl,NO TRADE,NOT_ACTIONABLE,false,,,3,3,REGIME_ENSEMBLE,false,cpg,-0.8276232684182326,0.7681849876585463,12.277138475054786,4.317146270048051,-1.3866960769138224,-0.26855045992264304,-0.34760177273565773,0.32263769481658944,5.15639815952301,1.8132014334201811,0.482396,NO_PATTERN,0.0,0.0,0 long / 0 short; top=TREND_BREAKOUT,NORMAL,MIXED,0.0,260.2,0.0,0.6847526431083679,CAPACITY_BELOW_ONE_PACKAGE,1.4555257558822632,4.5,198.73585480109512,624.4341228795072,83.8166607891956,199.5634780695133,-0.8276232684182326,HO cpg minus gasoil cpg; gasoil cpg = USD/MT / 7.45 / 0.42,2027-05-31,2027-05-25,194,DEMO ONLY - NOT VALIDATED,true,15,9,30,18,180,30,15,5,false,3
2026-09-01,2026-09-01T18:15:00.000+0000,Dec27 HO/WTI Crack,Dec HO/WTI Crack,HOZ7 Comdty | CLZ7 Comdty,2027-12-01,CRK.HO_CL.M15,HO/WTI Same-Month Crack M15,Crack,HO|CL,CRACK_USD_BBL,USD/bbl,NO TRADE,NOT_ACTIONABLE,false,,,3,3,REGIME_ENSEMBLE,false,USD/bbl,20.958826709691543,21.212807799010278,23.917597627015112,22.0844575881958,20.770056713525314,21.147596705857772,20.958826709691543,21.212807799010278,23.917597627015112,22.0844575881958,0.481679,NO_PATTERN,0.0,0.0,0 long / 0 short; top=STABILITY_REVERSION,NORMAL,MIXED,0.0,38.4,0.0,0.7444168925285339,CAPACITY_BELOW_ONE_PACKAGE,1.319187879562378,6.25,192.1902050707185,,,,,Crack USD/bbl; HO USD/gal x 42 and gasoil USD/MT / 7.45 before leg weighting,2027-11-22,2027-11-16,319,DEMO ONLY - NOT VALIDATED,true,15,9,30,18,180,30,15,5,false,3
2026-09-01,2026-09-01T18:15:00.000+0000,May27 HOGO (HO-Gasoil),May HOGO (HO-Gasoil),HOK7 Comdty | QSK7 Comdty,2027-05-01,RV.HO_QS.M08,HO/Gasoil Relative Value M8,Relative Value,HO|QS,HOGO_CPG,USD/bbl,NO TRADE,NOT_ACTIONABLE,false,,,3,3,REGIME_ENSEMBLE,false,cpg,-0.34324329946838494,0.5981432640438991,12.471487540472122,4.470143162068866,-0.8813060472136718,0.1948194482769019,-0.14416218577672169,0.2512201708984376,5.238024766998291,1.8774601280689238,0.481524,NO_PATTERN,0.0,0.0,0 long / 0 short; top=STABILITY_REVERSION,NORMAL,TRENDING,0.0,260.2,0.0,0.7652108669281006,CAPACITY_BELOW_ONE_PACKAGE,2.078563928604126,4.150000095367432,200.17331793767613,627.4163201110251,84.21695571960069,200.5165612371445,-0.34324329946838494,HO cpg minus gasoil cpg; gasoil cpg = USD/MT / 7.45 / 0.42,2027-04-30,2027-04-26,173,DEMO ONLY - NOT VALIDATED,true,15,9,30,18,180,30,15,5,false,3
2026-09-01,2026-09-01T18:15:00.000+0000,Nov26 Gasoil/Brent Crack,Nov Gasoil/Brent Crack,QSX6 Comdty | COX6 Comdty,2026-11-01,QS1_CO1,QS M1 / Brent Same-Month Crack,Crack,QS|CO,CRACK_USD_BBL,USD/bbl,NO TRADE,NOT_ACTIONABLE,false,,,3,3,REGIME_ENSEMBLE,false,USD/bbl,17.70265479193354,15.279915390515328,18.014850081896782,16.966933822631834,17.524475982350353,17.880833601516727,17.70265479193354,15.279915390515328,18.014850081896782,16.966933822631834,0.480951,NO_PATTERN,0.0,0.0,0 long / 0 short; top=STABILITY_REVERSION,NORMAL,MIXED,0.0,295.0,0.0,1.0651601552963257,CAPACITY_BELOW_ONE_PACKAGE,14.58018684387207,2.049999952316284,,648.806532471017,87.0881251638949,207.35267896165453,,Crack USD/bbl; HO USD/gal x 42 and gasoil USD/MT / 7.45 before leg weighting,2026-09-30,2026-09-24,21,DEMO ONLY - NOT VALIDATED,true,15,9,30,18,180,30,15,5,false,3
2026-09-01,2026-09-01T18:15:00.000+0000,May27 HO/WTI Crack,May HO/WTI Crack,HOK7 Comdty | CLK7 Comdty,2027-05-01,CRK.HO_CL.M08,HO/WTI Same-Month Crack M8,Crack,HO|CL,CRACK_USD_BBL,USD/bbl,NO TRADE,NOT_ACTIONABLE,false,,,3,3,REGIME_ENSEMBLE,false,USD/bbl,21.03624512352991,21.17109048127651,23.99835837126255,22.118184852600095,20.82964985542941,21.24284039163041,21.03624512352991,21.17109048127651,23.99835837126255,22.118184852600095,0.480187,NO_PATTERN,0.0,0.0,0 long / 0 short; top=STABILITY_REVERSION,IMPACT_STRESS,MIXED,0.0,38.4,0.0,0.7934800982475281,CAPACITY_BELOW_ONE_PACKAGE,9.587576866149902,3.799999952316284,200.17331793767613,,,,,Crack USD/bbl; HO USD/gal x 42 and gasoil USD/MT / 7.45 before leg weighting,2027-04-20,2027-04-14,165,DEMO ONLY - NOT VALIDATED,true,15,9,30,18,180,30,15,5,false,3
2026-09-01,2026-09-01T18:15:00.000+0000,Jul27 HOGO (HO-Gasoil),Jul HOGO (HO-Gasoil),HON7 Comdty | QSN7 Comdty,2027-07-01,RV.HO_QS.M10,HO/Gasoil Relative Value M10,Relative Value,HO|QS,HOGO_CPG,USD/bbl,NO TRADE,NOT_ACTIONABLE,false,,,3,3,REGIME_ENSEMBLE,false,cpg,0.013302517949093888,-0.5525114257903321,12.928754018011546,4.3326877976679015,-0.46189914911561825,0.48850418501380605,0.005587057538619433,-0.23205479883193947,5.430076687564849,1.8197288750205187,0.47994,NO_PATTERN,0.0,0.0,0 long / 0 short; top=TREND_BREAKOUT,NORMAL,TRENDING,0.0,260.2,0.0,0.9328225255012512,CAPACITY_BELOW_ONE_PACKAGE,1.3691253662109375,4.849999904632568,198.21845916849819,620.1839351595681,83.24616579323062,198.2051566505491,0.013302517949093888,HO cpg minus gasoil cpg; gasoil cpg = USD/MT / 7.45 / 0.42,2027-06-30,2027-06-24,216,DEMO ONLY - NOT VALIDATED,true,15,9,30,18,180,30,15,5,false,3
2026-09-01,2026-09-01T18:15:00.000+0000,Dec26/Jan27/Feb27/Mar27 HO Condor,Dec26/Jan27/Feb27/Mar27 HO Condor,HOZ6 Comdty | HOF7 Comdty | HOG7 Comdty | HOH7 Comdty,2026-12-01 | 2027-01-01 | 2027-02-01 | 2027-03-01,CDR.HO.M03_M04_M05_M06,HO M3-M6 Condor,Condor,HO,HO_CPG,USD/bbl,NO TRADE,NOT_ACTIONABLE,false,,,3,3,REGIME_ENSEMBLE,false,cpg,0.06823695229052246,-1.0972602198634829,0.6998461443867002,-0.1349749243152993,-0.4465657037128846,0.5830396082939295,0.02865951996201943,-0.4608492923426628,0.2939353806424141,-0.05668946821242571,0.478469,BEARISH_FRAGMENT,0.167618,0.14285714285714285,0 long / 1 short; top=ERROR_CORRECTION_RESIDUAL,NORMAL,MEAN_REVERTING,0.0,53.6,0.0,1.0701491832733154,CAPACITY_BELOW_ONE_PACKAGE,23.809200286865234,3.0999999046325684,206.0926082494619,,,,,HO cpg = normalized USD/bbl / 0.42 = native USD/gal x 100,2026-11-30,2026-11-23,64,DEMO ONLY - NOT VALIDATED,true,15,9,30,18,180,30,15,5,false,3
2026-09-01,2026-09-01T18:15:00.000+0000,Apr27 HOGO (HO-Gasoil),Apr HOGO (HO-Gasoil),HOJ7 Comdty | QSJ7 Comdty,2027-04-01,RV.HO_QS.M07,HO/Gasoil Relative Value M7,Relative Value,HO|QS,HOGO_CPG,USD/bbl,NO TRADE,NOT_ACTIONABLE,false,,,3,3,REGIME_ENSEMBLE,false,cpg,-0.02505115523837005,-0.11464229138692225,13.034100044886273,4.505073866762576,-0.5261646998557504,0.47606238937901035,-0.010521485200115421,-0.048149762382507344,5.474322018852234,1.8921310240402818,0.478466,NO_PATTERN,0.0,0.0,0 long / 0 short; top=STABILITY_REVERSION,NORMAL,MIXED,0.0,260.2,0.0,0.8520081043243408,CAPACITY_BELOW_ONE_PACKAGE,2.9723424911499023,3.799999952316284,201.89873608127266,631.819530263043,84.80799063933463,201.92378723651103,-0.02505115523837005,HO cpg minus gasoil cpg; gasoil cpg = USD/MT / 7.45 / 0.42,2027-03-31,2027-03-24,151,DEMO ONLY - NOT VALIDATED,true,15,9,30,18,180,30,15,5,false,3
2026-09-01,2026-09-01T18:15:00.000+0000,Aug27/Sep27 Gasoil Calendar,Aug/Sep Gasoil Calendar,QSQ7 Comdty | QSU7 Comdty,2027-08-01 | 2027-09-01,CAL.QS.M12_M13,QS M12-M13 Calendar,Calendar,QS,NORMALIZED_USD_BBL,USD/bbl,NO TRADE,NOT_ACTIONABLE,false,,,3,3,REGIME_ENSEMBLE,false,USD/bbl,0.6815518235563616,0.1873385103815794,0.7533669678097963,0.532298919558525,0.5281675124316791,0.834936134681044,0.6815518235563616,0.1873385103815794,0.7533669678097963,0.532298919558525,0.47777,NO_PATTERN,0.0,0.0,0 long / 0 short; top=ERROR_CORRECTION_RESIDUAL,NORMAL,MIXED,0.0,110.0,0.0,1.0325062274932861,CAPACITY_BELOW_ONE_PACKAGE,3.0578227043151855,5.550000190734863,,618.2097992234408,82.98118110381755,197.5742407233751,,Normalized USD/bbl package quote,2027-08-11,2027-08-05,246,DEMO ONLY - NOT VALIDATED,true,15,9,30,18,180,30,15,5,false,3
2026-09-01,2026-09-01T18:15:00.000+0000,Jan27/Feb27 Brent Calendar,Jan/Feb Brent Calendar,COF7 Comdty | COG7 Comdty,2027-01-01 | 2027-02-01,CAL.CO.M03_M04,CO M3-M4 Calendar,Calendar,CO,NORMALIZED_USD_BBL,USD/bbl,NO TRADE,NOT_ACTIONABLE,false,,,3,3,REGIME_ENSEMBLE,false,USD/bbl,0.2561676843497196,-0.1979578420364857,1.1440893694603442,0.4115181058645248,0.11157014094621331,0.40076522775322587,0.2561676843497196,-0.1979578420364857,1.1440893694603442,0.4115181058645248,0.477438,NO_PATTERN,0.0,0.0,0 long / 0 short; top=ERROR_CORRECTION_RESIDUAL,NORMAL,MIXED,0.0,50.0,0.0,1.3653768301010132,CAPACITY_BELOW_ONE_PACKAGE,95.35748291015625,2.4000000953674316,,,,,,Normalized USD/bbl package quote,2026-11-30,2026-11-24,64,DEMO ONLY - NOT VALIDATED,true,15,9,30,18,180,30,15,5,false,3
2026-09-01,2026-09-01T18:15:00.000+0000,Nov26 HO/Brent Crack,Nov HO/Brent Crack,HOX6 Comdty | COX6 Comdty,2026-11-01,HO1_CO1,HO M1 / Brent Same-Month Crack,Crack,HO|CO,CRACK_USD_BBL,USD/bbl,NO TRADE,NOT_ACTIONABLE,false,,,3,3,REGIME_ENSEMBLE,false,USD/bbl,17.721778936963304,17.910899870505332,20.654644257912636,18.81953525543213,17.53438273472689,17.909175139199718,17.721778936963304,17.910899870505332,20.654644257912636,18.81953525543213,0.473711,NO_PATTERN,0.0,0.0,0 long / 0 short; top=STABILITY_REVERSION,NORMAL,MIXED,0.0,38.4,0.0,0.651563823223114,CAPACITY_BELOW_ONE_PACKAGE,42.52259826660156,1.7000000476837158,207.3982126402968,,,,,Crack USD/bbl; HO USD/gal x 42 and gasoil USD/MT / 7.45 before leg weighting,2026-09-30,2026-09-24,21,DEMO ONLY - NOT VALIDATED,true,15,9,30,18,180,30,15,5,false,3
2026-09-01,2026-09-01T18:15:00.000+0000,Sep27/Oct27/Nov27 Gasoil Fly,Sep/Oct/Nov Gasoil Fly,QSU7 Comdty | QSV7 Comdty | QSX7 Comdty,2027-09-01 | 2027-10-01 | 2027-11-01,FLY.QS.M13_M14_M15,QS M13-M14-M15 Fly,Fly,QS,NORMALIZED_USD_BBL,USD/bbl,NO TRADE,NOT_ACTIONABLE,false,,,3,3,REGIME_ENSEMBLE,false,USD/bbl,0.1893417826362196,-0.3257832222792506,0.291358500084579,0.04527948796749115,-0.07534284978432026,0.45402641505675945,0.1893417826362196,-0.3257832222792506,0.291358500084579,0.04527948796749115,0.473514,NO_PATTERN,0.0,0.0,0 long / 0 short; top=ERROR_CORRECTION_RESIDUAL,NORMAL,MEAN_REVERTING,0.0,220.0,0.0,1.6897262334823608,CAPACITY_BELOW_ONE_PACKAGE,1.9203684329986572,6.25,,613.1322381379458,82.29962928026119,195.95149828633615,,Normalized USD/bbl package quote,2027-09-10,2027-09-06,268,DEMO ONLY - NOT VALIDATED,true,15,9,30,18,180,30,15,5,false,3
2026-09-01,2026-09-01T18:15:00.000+0000,Dec26 HOGO (HO-Gasoil),Dec HOGO (HO-Gasoil),HOZ6 Comdty | QSZ6 Comdty,2026-12-01,RV.HO_QS.M03,HO/Gasoil Relative Value M3,Relative Value,HO|QS,HOGO_CPG,USD/bbl,NO TRADE,NOT_ACTIONABLE,false,,,3,3,REGIME_ENSEMBLE,false,cpg,-0.00020049519110763132,0.1463259539490653,12.575738245952698,4.4421816340071105,-0.48234543814174236,0.4819444477595271,-0.00008420798026520515,0.06145690065860743,5.281810063300133,1.8657162862829864,0.470228,NO_PATTERN,0.0,0.0,0 long / 0 short; top=TREND_BREAKOUT,NORMAL,TRENDING,0.0,260.2,0.0,0.6849381327629089,CAPACITY_BELOW_ONE_PACKAGE,7.086953163146973,2.4000000953674316,206.0926082494619,644.8643985620192,86.55897967275426,206.092808744653,-0.00020049519110763132,HO cpg minus gasoil cpg; gasoil cpg = USD/MT / 7.45 / 0.42,2026-11-30,2026-11-23,64,DEMO ONLY - NOT VALIDATED,true,15,9,30,18,180,30,15,5,false,3
2026-09-01,2026-09-01T18:15:00.000+0000,Jan27/Feb27/Mar27/Apr27 Brent Condor,Jan/Feb/Mar/Apr Brent Condor,COF7 Comdty | COG7 Comdty | COH7 Comdty | COJ7 Comdty,2027-01-01 | 2027-02-01 | 2027-03-01 | 2027-04-01,CDR.CO.M03_M04_M05_M06,CO M3-M6 Condor,Condor,CO,NORMALIZED_USD_BBL,USD/bbl,NO TRADE,NOT_ACTIONABLE,false,,,3,3,REGIME_ENSEMBLE,false,USD/bbl,-0.2242409050191867,-0.3696055051540583,0.3639349860740453,-0.06318275828380138,-0.3995253316785323,-0.04895647835984107,-0.2242409050191867,-0.3696055051540583,0.3639349860740453,-0.06318275828380138,0.470027,BULLISH_FRAGMENT,0.167618,0.14285714285714285,1 long / 0 short; top=ERROR_CORRECTION_RESIDUAL,NORMAL,MIXED,0.0,100.0,0.0,0.6841905117034912,CAPACITY_BELOW_ONE_PACKAGE,25.638769149780273,3.0999999046325684,,,,,,Normalized USD/bbl package quote,2026-11-30,2026-11-24,64,DEMO ONLY - NOT VALIDATED,true,15,9,30,18,180,30,15,5,false,3
2026-09-01,2026-09-01T18:15:00.000+0000,Nov26/Dec26 HO/Brent Crack,Nov/Dec HO/Brent Crack,HOX6 Comdty | COZ6 Comdty,2026-11-01 | 2026-12-01,HO2_CO3,HO M2 / Brent M+1 Crack,Crack,HO|CO,CRACK_USD_BBL,USD/bbl,NO TRADE,NOT_ACTIONABLE,false,,,3,3,REGIME_ENSEMBLE,false,USD/bbl,17.900518675908742,17.989012786228656,21.34585659853697,19.14142589569092,17.713481125995813,18.08755622582167,17.900518675908742,17.989012786228656,21.34585659853697,19.14142589569092,0.469625,NO_PATTERN,0.0,0.0,0 long / 0 short; top=STABILITY_REVERSION,NORMAL,MIXED,0.0,38.4,0.0,0.651563823223114,CAPACITY_BELOW_ONE_PACKAGE,42.52259826660156,1.7000000476837158,207.3982126402968,,,,,Crack USD/bbl; HO USD/gal x 42 and gasoil USD/MT / 7.45 before leg weighting,2026-10-30,2026-10-26,43,DEMO ONLY - NOT VALIDATED,true,15,9,30,18,180,30,15,5,false,3
2026-09-01,2026-09-01T18:15:00.000+0000,Mar27 HOGO (HO-Gasoil),Mar HOGO (HO-Gasoil),HOH7 Comdty | QSH7 Comdty,2027-03-01,RV.HO_QS.M06,HO/Gasoil Relative Value M6,Relative Value,HO|QS,HOGO_CPG,USD/bbl,NO TRADE,NOT_ACTIONABLE,false,,,3,3,REGIME_ENSEMBLE,false,cpg,-0.06642087738511361,-0.4432711947758992,12.475525731722515,4.202661723386319,-0.5856161828347356,0.4527744280645084,-0.027896768501747715,-0.18617390180587767,5.239720807323456,1.7651179238222539,0.468793,NO_PATTERN,0.0,0.0,0 long / 0 short; top=STABILITY_REVERSION,NORMAL,MIXED,0.0,260.2,0.0,0.726552426815033,CAPACITY_BELOW_ONE_PACKAGE,3.590714931488037,3.450000047683716,202.62949631676855,634.2355249005069,85.13228522154455,202.69591719415368,-0.06642087738511361,HO cpg minus gasoil cpg; gasoil cpg = USD/MT / 7.45 / 0.42,2027-02-26,2027-02-22,128,DEMO ONLY - NOT VALIDATED,true,15,9,30,18,180,30,15,5,false,3
2026-09-01,2026-09-01T18:15:00.000+0000,Oct27 Brent/WTI,Oct Brent/WTI,COV7 Comdty | CLV7 Comdty,2027-10-01,RV.CO_CL.M12,Brent/WTI Relative Value M12,Relative Value,CO|CL,NORMALIZED_USD_BBL,USD/bbl,NO TRADE,NOT_ACTIONABLE,false,,,3,3,REGIME_ENSEMBLE,false,USD/bbl,3.7375006505597312,2.662097061522603,3.9353474727791546,3.4265295267105103,3.5805082747090538,3.8944930264104087,3.7375006505597312,2.662097061522603,3.9353474727791546,3.4265295267105103,0.466529,NO_PATTERN,0.0,0.0,0 long / 0 short; top=TREND_BREAKOUT,NORMAL,MIXED,0.0,50.0,0.0,0.8907765746116638,CAPACITY_BELOW_ONE_PACKAGE,7.04519510269165,5.550000190734863,,,,,,Normalized USD/bbl package quote,2027-08-31,2027-08-24,260,DEMO ONLY - NOT VALIDATED,true,15,9,30,18,180,30,15,5,false,3
2026-09-01,2026-09-01T18:15:00.000+0000,Mar27/Apr27 Gasoil Calendar,Mar/Apr Gasoil Calendar,QSH7 Comdty | QSJ7 Comdty,2027-03-01 | 2027-04-01,CAL.QS.M07_M08,QS M7-M8 Calendar,Calendar,QS,NORMALIZED_USD_BBL,USD/bbl,NO TRADE,NOT_ACTIONABLE,false,,,3,3,REGIME_ENSEMBLE,false,USD/bbl,0.3242945822099159,0.1551430317342281,0.9204249290049076,0.47491088211536403,0.17681908441278438,0.47177008000704745,0.3242945822099159,0.1551430317342281,0.9204249290049076,0.47491088211536403,0.466265,NO_PATTERN,0.0,0.0,0 long / 0 short; top=ROBUST_MEAN_REVERSION,NORMAL,MIXED,0.0,110.0,0.0,0.9913927316665649,CAPACITY_BELOW_ONE_PACKAGE,11.88936996459961,3.799999952316284,,634.2355249005069,85.13228522154455,202.69591719415368,,Normalized USD/bbl package quote,2027-03-10,2027-03-04,136,DEMO ONLY - NOT VALIDATED,true,15,9,30,18,180,30,15,5,false,3
2026-09-01,2026-09-01T18:15:00.000+0000,Jan27 HOGO (HO-Gasoil),Jan HOGO (HO-Gasoil),HOF7 Comdty | QSF7 Comdty,2027-01-01,RV.HO_QS.M04,HO/Gasoil Relative Value M4,Relative Value,HO|QS,HOGO_CPG,USD/bbl,NO TRADE,NOT_ACTIONABLE,false,,,3,3,REGIME_ENSEMBLE,false,cpg,-0.08638866717995645,0.2529104572023668,12.817642232486179,4.540925518210445,-0.6147202914352503,0.44194295707533743,-0.036283240215581714,0.10622239202499406,5.383409737644195,1.9071887176483868,0.465851,NO_PATTERN,0.0,0.0,0 long / 0 short; top=TREND_BREAKOUT,NORMAL,MIXED,0.0,260.2,0.0,0.5876437425613403,CAPACITY_BELOW_ONE_PACKAGE,4.950032711029053,2.75,204.71279671667193,640.8166510660725,86.01565786121779,204.7991853838519,-0.08638866717995645,HO cpg minus gasoil cpg; gasoil cpg = USD/MT / 7.45 / 0.42,2026-12-31,2026-12-24,87,DEMO ONLY - NOT VALIDATED,true,15,9,30,18,180,30,15,5,false,3
2026-09-01,2026-09-01T18:15:00.000+0000,Apr27/May27 HO Calendar,Apr/May HO Calendar,HOJ7 Comdty | HOK7 Comdty,2027-04-01 | 2027-05-01,CAL.HO.M07_M08,HO M7-M8 Calendar,Calendar,HO,HO_CPG,USD/bbl,NO TRADE,NOT_ACTIONABLE,false,,,3,3,REGIME_ENSEMBLE,false,cpg,1.7254181435965454,0.3911210782684031,1.8946529029167836,1.3128900811785744,1.4020027645122535,2.0488335226808374,0.7246756203105491,0.1642708528727293,0.7957542192250491,0.5514138340950012,0.464821,NO_PATTERN,0.0,0.0,0 long / 0 short; top=ROBUST_MEAN_REVERSION,IMPACT_STRESS,MEAN_REVERTING,0.0,26.8,0.0,0.7937832474708557,CAPACITY_BELOW_ONE_PACKAGE,9.587576866149902,3.799999952316284,201.89873608127266,,,,,HO cpg = normalized USD/bbl / 0.42 = native USD/gal x 100,2027-03-31,2027-03-24,151,DEMO ONLY - NOT VALIDATED,true,15,9,30,18,180,30,15,5,false,3
2026-09-01,2026-09-01T18:15:00.000+0000,Nov26 HO/WTI Crack,Nov HO/WTI Crack,HOX6 Comdty | CLX6 Comdty,2026-11-01,HO2_CL2,HO M2 / WTI Same-Month Crack,Crack,HO|CL,CRACK_USD_BBL,USD/bbl,NO TRADE,NOT_ACTIONABLE,false,,,3,3,REGIME_ENSEMBLE,false,USD/bbl,21.28059781650998,21.131299579353332,24.13583985546112,22.224568176269532,21.09506900916793,21.466126623852034,21.28059781650998,21.131299579353332,24.13583985546112,22.224568176269532,0.463768,NO_PATTERN,0.0,0.0,0 long / 0 short; top=STABILITY_REVERSION,IMPACT_STRESS,MIXED,0.0,38.4,0.0,0.6756459474563599,CAPACITY_BELOW_ONE_PACKAGE,42.52259826660156,1.7000000476837158,207.3982126402968,,,,,Crack USD/bbl; HO USD/gal x 42 and gasoil USD/MT / 7.45 before leg weighting,2026-10-20,2026-10-14,35,DEMO ONLY - NOT VALIDATED,true,15,9,30,18,180,30,15,5,false,3
2026-09-01,2026-09-01T18:15:00.000+0000,Apr27/May27 Gasoil Calendar,Apr/May Gasoil Calendar,QSJ7 Comdty | QSK7 Comdty,2027-04-01 | 2027-05-01,CAL.QS.M08_M09,QS M8-M9 Calendar,Calendar,QS,NORMALIZED_USD_BBL,USD/bbl,NO TRADE,NOT_ACTIONABLE,false,,,3,3,REGIME_ENSEMBLE,false,USD/bbl,0.5910349197339428,0.262002444127202,0.7036050797909499,0.5142733871936798,0.4287764362644566,0.7532934032034291,0.5910349197339428,0.262002444127202,0.7036050797909499,0.5142733871936798,0.462834,NO_PATTERN,0.0,0.0,0 long / 0 short; top=ROBUST_MEAN_REVERSION,NORMAL,MEAN_REVERTING,0.0,110.0,0.0,0.9884346723556519,CAPACITY_BELOW_ONE_PACKAGE,8.314255714416504,4.150000095367432,,631.819530263043,84.80799063933463,201.92378723651103,,Normalized USD/bbl package quote,2027-04-12,2027-04-06,159,DEMO ONLY - NOT VALIDATED,true,15,9,30,18,180,30,15,5,false,3
2026-09-01,2026-09-01T18:15:00.000+0000,Feb27 HOGO (HO-Gasoil),Feb HOGO (HO-Gasoil),HOG7 Comdty | QSG7 Comdty,2027-02-01,RV.HO_QS.M05,HO/Gasoil Relative Value M5,Relative Value,HO|QS,HOGO_CPG,USD/bbl,NO TRADE,NOT_ACTIONABLE,false,,,3,3,REGIME_ENSEMBLE,false,cpg,0.4882550587835578,0.27815301204295395,12.57028325272174,4.640076281059356,-0.029999566517008566,1.0065096840841241,0.20506712468909427,0.11682426505804067,5.279518966143131,1.9488320380449293,0.462133,NO_PATTERN,0.0,0.0,0 long / 0 short; top=STABILITY_REVERSION,COMPOUND_STRESS,MIXED,0.0,260.2,0.0,0.5962291955947876,CAPACITY_BELOW_ONE_PACKAGE,3.596538543701172,3.0999999046325684,203.94107089726802,636.6038607586179,85.45018265216348,203.45281583848447,0.4882550587835578,HO cpg minus gasoil cpg; gasoil cpg = USD/MT / 7.45 / 0.42,2027-01-29,2027-01-25,108,DEMO ONLY - NOT VALIDATED,true,15,9,30,18,180,30,15,5,false,3
2026-09-01,2026-09-01T18:15:00.000+0000,Jul27 HO/WTI Crack,Jul HO/WTI Crack,HON7 Comdty | CLN7 Comdty,2027-07-01,CRK.HO_CL.M10,HO/WTI Same-Month Crack M10,Crack,HO|CL,CRACK_USD_BBL,USD/bbl,NO TRADE,NOT_ACTIONABLE,false,,,3,3,REGIME_ENSEMBLE,false,USD/bbl,21.037555625918145,21.003325765490533,24.07680957996845,22.087268447875974,20.871064411732192,21.2040468401041,21.037555625918145,21.003325765490533,24.07680957996845,22.087268447875974,0.459941,NO_PATTERN,0.0,0.0,0 long / 0 short; top=STABILITY_REVERSION,NORMAL,MIXED,0.0,38.4,0.0,0.5501748919487,CAPACITY_BELOW_ONE_PACKAGE,4.1073760986328125,4.5,198.21845916849819,,,,,Crack USD/bbl; HO USD/gal x 42 and gasoil USD/MT / 7.45 before leg weighting,2027-06-22,2027-06-15,210,DEMO ONLY - NOT VALIDATED,true,15,9,30,18,180,30,15,5,false,3
2026-09-01,2026-09-01T18:15:00.000+0000,Nov27/Dec27 Brent Calendar,Nov/Dec Brent Calendar,COX7 Comdty | COZ7 Comdty,2027-11-01 | 2027-12-01,CAL.CO.M13_M14,CO M13-M14 Calendar,Calendar,CO,NORMALIZED_USD_BBL,USD/bbl,NO TRADE,NOT_ACTIONABLE,false,,,3,3,REGIME_ENSEMBLE,false,USD/bbl,0.5073747944393645,0.1815702392718196,0.7895030901768804,0.49443493783473963,0.3653550215372334,0.6493945673414956,0.5073747944393645,0.1815702392718196,0.7895030901768804,0.49443493783473963,0.458551,NO_PATTERN,0.0,0.0,0 long / 0 short; top=ERROR_CORRECTION_RESIDUAL,NORMAL,MIXED,0.0,50.0,0.0,1.251708984375,CAPACITY_BELOW_ONE_PACKAGE,5.441685676574707,5.900000095367432,,,,,,Normalized USD/bbl package quote,2027-09-30,2027-09-24,282,DEMO ONLY - NOT VALIDATED,true,15,9,30,18,180,30,15,5,false,3
2026-09-01,2026-09-01T18:15:00.000+0000,Jun27/Jul27 Gasoil Calendar,Jun/Jul Gasoil Calendar,QSM7 Comdty | QSN7 Comdty,2027-06-01 | 2027-07-01,CAL.QS.M10_M11,QS M10-M11 Calendar,Calendar,QS,NORMALIZED_USD_BBL,USD/bbl,NO TRADE,NOT_ACTIONABLE,false,,,3,3,REGIME_ENSEMBLE,false,USD/bbl,0.5704949959649781,0.32957532316923144,0.7608880767178535,0.5561107397079468,0.4106681212320069,0.7303218706979493,0.5704949959649781,0.32957532316923144,0.7608880767178535,0.5561107397079468,0.458349,NO_PATTERN,0.0,0.0,0 long / 0 short; top=ERROR_CORRECTION_RESIDUAL,NORMAL,MIXED,0.0,110.0,0.0,1.212098240852356,CAPACITY_BELOW_ONE_PACKAGE,5.822103023529053,4.849999904632568,,624.4341228795072,83.8166607891956,199.5634780695133,,Normalized USD/bbl package quote,2027-06-10,2027-06-04,202,DEMO ONLY - NOT VALIDATED,true,15,9,30,18,180,30,15,5,false,3
2026-09-01,2026-09-01T18:15:00.000+0000,Jan27 HO/WTI Crack,Jan HO/WTI Crack,HOF7 Comdty | CLF7 Comdty,2027-01-01,CRK.HO_CL.M04,HO/WTI Same-Month Crack M4,Crack,HO|CL,CRACK_USD_BBL,USD/bbl,NO TRADE,NOT_ACTIONABLE,false,,,3,3,REGIME_ENSEMBLE,false,USD/bbl,21.10361571545961,20.64896859139681,24.57932959585905,22.16443691253662,20.935878186777856,21.271353244141366,21.10361571545961,20.64896859139681,24.57932959585905,22.16443691253662,0.45789,NO_PATTERN,0.0,0.0,0 long / 0 short; top=STABILITY_REVERSION,NORMAL,MIXED,0.0,38.4,0.0,0.6832500100135803,CAPACITY_BELOW_ONE_PACKAGE,23.809200286865234,2.4000000953674316,204.71279671667193,,,,,Crack USD/bbl; HO USD/gal x 42 and gasoil USD/MT / 7.45 before leg weighting,2026-12-22,2026-12-16,80,DEMO ONLY - NOT VALIDATED,true,15,9,30,18,180,30,15,5,false,3
2026-09-01,2026-09-01T18:15:00.000+0000,Jan27 Gasoil/Brent Crack,Jan Gasoil/Brent Crack,QSF7 Comdty | COF7 Comdty,2027-01-01,CRK.QS_CO.M03,Gasoil/Brent Same-Month Crack M3,Crack,QS|CO,CRACK_USD_BBL,USD/bbl,NO TRADE,NOT_ACTIONABLE,false,,,3,3,REGIME_ENSEMBLE,false,USD/bbl,17.67917369250344,15.467841983822584,17.82843792340398,16.955146026611327,17.519924032875764,17.838423352131116,17.67917369250344,15.467841983822584,17.82843792340398,16.955146026611327,0.457188,NO_PATTERN,0.0,0.0,0 long / 0 short; top=STABILITY_REVERSION,NORMAL,MIXED,0.0,295.0,0.0,0.5876437425613403,CAPACITY_BELOW_ONE_PACKAGE,4.950032711029053,2.75,,640.8166510660725,86.01565786121779,204.7991853838519,,Crack USD/bbl; HO USD/gal x 42 and gasoil USD/MT / 7.45 before leg weighting,2026-11-30,2026-11-24,64,DEMO ONLY - NOT VALIDATED,true,15,9,30,18,180,30,15,5,false,3
2026-09-01,2026-09-01T18:15:00.000+0000,Dec27/Jan28 WTI Calendar,Dec27/Jan28 WTI Calendar,CLZ7 Comdty | CLF8 Comdty,2027-12-01 | 2028-01-01,CAL.CL.M15_M16,CL M15-M16 Calendar,Calendar,CL,NORMALIZED_USD_BBL,USD/bbl,NO TRADE,NOT_ACTIONABLE,false,,,3,3,REGIME_ENSEMBLE,false,USD/bbl,0.5773309170503893,0.14963430135011674,0.7489758137011528,0.4901933133602142,0.4415767471541443,0.7130850869466343,0.5773309170503893,0.14963430135011674,0.7489758137011528,0.4901933133602142,0.457142,NO_PATTERN,0.0,0.0,0 long / 0 short; top=ERROR_CORRECTION_RESIDUAL,NORMAL,MIXED,0.0,50.0,0.0,0.9439150094985962,CAPACITY_BELOW_ONE_PACKAGE,4.529295444488525,6.599999904632568,,,,,,Normalized USD/bbl package quote,2027-11-22,2027-11-16,319,DEMO ONLY - NOT VALIDATED,true,15,9,30,18,180,30,15,5,false,3
2026-09-01,2026-09-01T18:15:00.000+0000,Dec27 Brent/WTI,Dec Brent/WTI,COZ7 Comdty | CLZ7 Comdty,2027-12-01,RV.CO_CL.M14,Brent/WTI Relative Value M14,Relative Value,CO|CL,NORMALIZED_USD_BBL,USD/bbl,NO TRADE,NOT_ACTIONABLE,false,,,3,3,REGIME_ENSEMBLE,false,USD/bbl,3.4772080956052136,3.098400992615819,3.83273037029922,3.4686639547348017,3.3273164583395314,3.627099732870896,3.4772080956052136,3.098400992615819,3.83273037029922,3.4686639547348017,0.456428,NO_PATTERN,0.0,0.0,0 long / 0 short; top=TREND_BREAKOUT,NORMAL,MIXED,0.0,50.0,0.0,1.248435616493225,CAPACITY_BELOW_ONE_PACKAGE,5.441685676574707,6.25,,,,,,Normalized USD/bbl package quote,2027-10-29,2027-10-25,303,DEMO ONLY - NOT VALIDATED,true,15,9,30,18,180,30,15,5,false,3
2026-09-01,2026-09-01T18:15:00.000+0000,Jun27/Jul27 WTI Calendar,Jun/Jul WTI Calendar,CLM7 Comdty | CLN7 Comdty,2027-06-01 | 2027-07-01,CAL.CL.M09_M10,CL M9-M10 Calendar,Calendar,CL,NORMALIZED_USD_BBL,USD/bbl,NO TRADE,NOT_ACTIONABLE,false,,,3,3,REGIME_ENSEMBLE,false,USD/bbl,0.48918349671298245,0.30164244058936834,0.6564516198316217,0.48296881318092344,0.3171066195064185,0.6612603739195464,0.48918349671298245,0.30164244058936834,0.6564516198316217,0.48296881318092344,0.455995,NO_PATTERN,0.0,0.0,0 long / 0 short; top=ERROR_CORRECTION_RESIDUAL,NORMAL,MEAN_REVERTING,0.0,50.0,0.0,1.2208753824234009,CAPACITY_BELOW_ONE_PACKAGE,27.358112335205078,4.5,,,,,,Normalized USD/bbl package quote,2027-05-20,2027-05-14,187,DEMO ONLY - NOT VALIDATED,true,15,9,30,18,180,30,15,5,false,3
2026-09-01,2026-09-01T18:15:00.000+0000,Jun27/Jul27/Aug27 Brent Fly,Jun/Jul/Aug Brent Fly,COM7 Comdty | CON7 Comdty | COQ7 Comdty,2027-06-01 | 2027-07-01 | 2027-08-01,FLY.CO.M08_M09_M10,CO M8-M9-M10 Fly,Fly,CO,NORMALIZED_USD_BBL,USD/bbl,NO TRADE,NOT_ACTIONABLE,false,,,3,3,REGIME_ENSEMBLE,false,USD/bbl,-0.10338924255611914,-0.7275843282198906,0.8465203677272797,0.007981525734066963,-0.40859111946465987,0.20181263435242158,-0.10338924255611914,-0.7275843282198906,0.8465203677272797,0.007981525734066963,0.455234,NO_PATTERN,0.0,0.0,0 long / 0 short; top=ERROR_CORRECTION_RESIDUAL,NORMAL,MIXED,0.0,100.0,0.0,1.7550276517868042,CAPACITY_BELOW_ONE_PACKAGE,13.729813575744629,4.5,,,,,,Normalized USD/bbl package quote,2027-04-30,2027-04-26,173,DEMO ONLY - NOT VALIDATED,true,15,9,30,18,180,30,15,5,false,3
2026-09-01,2026-09-01T18:15:00.000+0000,Feb27/Mar27 WTI Calendar,Feb/Mar WTI Calendar,CLG7 Comdty | CLH7 Comdty,2027-02-01 | 2027-03-01,CAL.CL.M05_M06,CL M5-M6 Calendar,Calendar,CL,NORMALIZED_USD_BBL,USD/bbl,NO TRADE,NOT_ACTIONABLE,false,,,3,3,REGIME_ENSEMBLE,false,USD/bbl,0.43777240137998774,0.24839841476052998,0.8087850893440842,0.49935794472694395,0.2898748933846207,0.5856699093753548,0.43777240137998774,0.24839841476052998,0.8087850893440842,0.49935794472694395,0.452858,NO_PATTERN,0.0,0.0,0 long / 0 short; top=ROBUST_MEAN_REVERSION,IMPACT_STRESS,MIXED,0.0,50.0,0.0,0.9549927711486816,CAPACITY_BELOW_ONE_PACKAGE,62.97309875488281,3.0999999046325684,,,,,,Normalized USD/bbl package quote,2027-01-20,2027-01-13,101,DEMO ONLY - NOT VALIDATED,true,15,9,30,18,180,30,15,5,false,3
2026-09-01,2026-09-01T18:15:00.000+0000,Apr27/May27 Brent Calendar,Apr/May Brent Calendar,COJ7 Comdty | COK7 Comdty,2027-04-01 | 2027-05-01,CAL.CO.M06_M07,CO M6-M7 Calendar,Calendar,CO,NORMALIZED_USD_BBL,USD/bbl,NO TRADE,NOT_ACTIONABLE,false,,,3,3,REGIME_ENSEMBLE,false,USD/bbl,0.3880537571676399,0.24655507633805276,0.716309084199667,0.4560848206281662,0.24601859881657617,0.5300889155187036,0.3880537571676399,0.24655507633805276,0.716309084199667,0.4560848206281662,0.452497,NO_PATTERN,0.0,0.0,0 long / 0 short; top=ROBUST_MEAN_REVERSION,IMPACT_STRESS,MEAN_REVERTING,0.0,50.0,0.0,0.8902280330657959,CAPACITY_BELOW_ONE_PACKAGE,25.638769149780273,3.450000047683716,,,,,,Normalized USD/bbl package quote,2027-02-26,2027-02-22,128,DEMO ONLY - NOT VALIDATED,true,15,9,30,18,180,30,15,5,false,3
2026-09-01,2026-09-01T18:15:00.000+0000,Jul27/Aug27/Sep27 Gasoil Fly,Jul/Aug/Sep Gasoil Fly,QSN7 Comdty | QSQ7 Comdty | QSU7 Comdty,2027-07-01 | 2027-08-01 | 2027-09-01,FLY.QS.M11_M12_M13,QS M11-M12-M13 Fly,Fly,QS,NORMALIZED_USD_BBL,USD/bbl,NO TRADE,NOT_ACTIONABLE,false,,,3,3,REGIME_ENSEMBLE,false,USD/bbl,-0.4165671341432926,-0.6818055566483736,0.6174128111535311,-0.1441788136959076,-0.662644351304948,-0.17048991698163718,-0.4165671341432926,-0.6818055566483736,0.6174128111535311,-0.1441788136959076,0.451699,NO_PATTERN,0.0,0.0,0 long / 0 short; top=ROBUST_MEAN_REVERSION,NORMAL,MIXED,0.0,220.0,0.0,1.3883000612258911,CAPACITY_BELOW_ONE_PACKAGE,2.480581045150757,5.550000190734863,,620.1839351595681,83.24616579323062,198.2051566505491,,Normalized USD/bbl package quote,2027-07-12,2027-07-06,224,DEMO ONLY - NOT VALIDATED,true,15,9,30,18,180,30,15,5,false,3
2026-09-01,2026-09-01T18:15:00.000+0000,May27/Jun27 Brent Calendar,May/Jun Brent Calendar,COK7 Comdty | COM7 Comdty,2027-05-01 | 2027-06-01,CAL.CO.M07_M08,CO M7-M8 Calendar,Calendar,CO,NORMALIZED_USD_BBL,USD/bbl,NO TRADE,NOT_ACTIONABLE,false,,,3,3,REGIME_ENSEMBLE,false,USD/bbl,0.6425290184318442,-0.015679152160883003,0.9879659129679204,0.5320235401391983,0.5014773832857031,0.7835806535779852,0.6425290184318442,-0.015679152160883003,0.9879659129679204,0.5320235401391983,0.451567,NO_PATTERN,0.0,0.0,0 long / 0 short; top=ROBUST_MEAN_REVERSION,NORMAL,MIXED,0.0,50.0,0.0,0.9434764385223389,CAPACITY_BELOW_ONE_PACKAGE,22.203983306884766,3.799999952316284,,,,,,Normalized USD/bbl package quote,2027-03-31,2027-03-23,151,DEMO ONLY - NOT VALIDATED,true,15,9,30,18,180,30,15,5,false,3
2026-09-01,2026-09-01T18:15:00.000+0000,May27/Jun27 WTI Calendar,May/Jun WTI Calendar,CLK7 Comdty | CLM7 Comdty,2027-05-01 | 2027-06-01,CAL.CL.M08_M09,CL M8-M9 Calendar,Calendar,CL,NORMALIZED_USD_BBL,USD/bbl,NO TRADE,NOT_ACTIONABLE,false,,,3,3,REGIME_ENSEMBLE,false,USD/bbl,0.33316768872998637,0.211979414229095,0.6282227981045843,0.393664538860321,0.17338443714641016,0.49295094031356257,0.33316768872998637,0.211979414229095,0.6282227981045843,0.393664538860321,0.45138,NO_PATTERN,0.0,0.0,0 long / 0 short; top=ROBUST_MEAN_REVERSION,NORMAL,MIXED,0.0,50.0,0.0,0.8555012941360474,CAPACITY_BELOW_ONE_PACKAGE,27.358112335205078,4.150000095367432,,,,,,Normalized USD/bbl package quote,2027-04-20,2027-04-14,165,DEMO ONLY - NOT VALIDATED,true,15,9,30,18,180,30,15,5,false,3
2026-09-01,2026-09-01T18:15:00.000+0000,Jan27/Feb27 HO Calendar,Jan/Feb HO Calendar,HOF7 Comdty | HOG7 Comdty,2027-01-01 | 2027-02-01,CAL.HO.M04_M05,HO M4-M5 Calendar,Calendar,HO,HO_CPG,USD/bbl,NO TRADE,NOT_ACTIONABLE,false,,,3,3,REGIME_ENSEMBLE,false,cpg,0.771725819403897,0.32804400816063084,1.8137823433230322,0.9821498535928271,0.43022218240368815,1.1132294564041056,0.3241248441496367,0.13777848342746496,0.7617885841956735,0.4125029385089874,0.451144,NO_PATTERN,0.0,0.0,0 long / 0 short; top=ERROR_CORRECTION_RESIDUAL,NORMAL,MIXED,0.0,26.8,0.0,0.8635398745536804,CAPACITY_BELOW_ONE_PACKAGE,23.809200286865234,2.75,204.71279671667193,,,,,HO cpg = normalized USD/bbl / 0.42 = native USD/gal x 100,2026-12-31,2026-12-24,87,DEMO ONLY - NOT VALIDATED,true,15,9,30,18,180,30,15,5,false,3
2026-09-01,2026-09-01T18:15:00.000+0000,Aug27/Sep27 HO Calendar,Aug/Sep HO Calendar,HOQ7 Comdty | HOU7 Comdty,2027-08-01 | 2027-09-01,CAL.HO.M11_M12,HO M11-M12 Calendar,Calendar,HO,HO_CPG,USD/bbl,NO TRADE,NOT_ACTIONABLE,false,,,3,3,REGIME_ENSEMBLE,false,cpg,1.4662644671485312,0.10923191138392399,2.2254320700991723,1.2573753226371038,1.150886468406212,1.7816424658908505,0.6158310762023831,0.04587740278124808,0.9346814694416523,0.5280976355075836,0.450817,NO_PATTERN,0.0,0.0,0 long / 0 short; top=ERROR_CORRECTION_RESIDUAL,NORMAL,MIXED,0.0,26.8,0.0,0.9542678594589233,CAPACITY_BELOW_ONE_PACKAGE,3.9413232803344727,5.199999809265137,197.27707402411318,,,,,HO cpg = normalized USD/bbl / 0.42 = native USD/gal x 100,2027-07-30,2027-07-26,238,DEMO ONLY - NOT VALIDATED,true,15,9,30,18,180,30,15,5,false,3
2026-09-01,2026-09-01T18:15:00.000+0000,Mar27 Brent/WTI,Mar Brent/WTI,COH7 Comdty | CLH7 Comdty,2027-03-01,RV.CO_CL.M05,Brent/WTI Relative Value M5,Relative Value,CO|CL,NORMALIZED_USD_BBL,USD/bbl,NO TRADE,NOT_ACTIONABLE,false,,,3,3,REGIME_ENSEMBLE,false,USD/bbl,3.5140410973276346,3.071632579267025,3.799238964617252,3.4567064046859737,3.3532840921129434,3.6747981025423258,3.5140410973276346,3.071632579267025,3.799238964617252,3.4567064046859737,0.450768,NO_PATTERN,0.0,0.0,0 long / 0 short; top=STABILITY_REVERSION,NORMAL,MIXED,0.0,50.0,0.0,1.0066169500350952,CAPACITY_BELOW_ONE_PACKAGE,57.3011360168457,3.0999999046325684,,,,,,Normalized USD/bbl package quote,2027-01-29,2027-01-25,108,DEMO ONLY - NOT VALIDATED,true,15,9,30,18,180,30,15,5,false,3
2026-09-01,2026-09-01T18:15:00.000+0000,May27/Jun27 HO Calendar,May/Jun HO Calendar,HOK7 Comdty | HOM7 Comdty,2027-05-01 | 2027-06-01,CAL.HO.M08_M09,HO M8-M9 Calendar,Calendar,HO,HO_CPG,USD/bbl,NO TRADE,NOT_ACTIONABLE,false,,,3,3,REGIME_ENSEMBLE,false,cpg,1.4374631365810282,0.5323508395552635,1.8932721005082132,1.2833052873611448,1.118966803766732,1.7559594693953242,0.6037345173640318,0.22358735261321067,0.7951742822134495,0.5389882206916808,0.45069,NO_PATTERN,0.0,0.0,0 long / 0 short; top=ROBUST_MEAN_REVERSION,NORMAL,MEAN_REVERTING,0.0,26.8,0.0,0.9140524864196777,CAPACITY_BELOW_ONE_PACKAGE,8.36109733581543,4.150000095367432,200.17331793767613,,,,,HO cpg = normalized USD/bbl / 0.42 = native USD/gal x 100,2027-04-30,2027-04-26,173,DEMO ONLY - NOT VALIDATED,true,15,9,30,18,180,30,15,5,false,3
2026-09-01,2026-09-01T18:15:00.000+0000,Oct27/Nov27 HO Calendar,Oct/Nov HO Calendar,HOV7 Comdty | HOX7 Comdty,2027-10-01 | 2027-11-01,CAL.HO.M13_M14,HO M13-M14 Calendar,Calendar,HO,HO_CPG,USD/bbl,NO TRADE,NOT_ACTIONABLE,false,,,3,3,REGIME_ENSEMBLE,false,cpg,1.3523426620533572,0.4462547143953187,1.9700971489208086,1.2487807018416268,1.012778526489132,1.6919067976175821,0.56798391806241,0.18742698004603386,0.8274408025467396,0.5244878947734832,0.450418,NO_PATTERN,0.0,0.0,0 long / 0 short; top=ERROR_CORRECTION_RESIDUAL,NORMAL,MEAN_REVERTING,0.0,26.8,0.0,1.0222599506378174,CAPACITY_BELOW_ONE_PACKAGE,2.4891629219055176,5.900000095367432,194.90403649885332,,,,,HO cpg = normalized USD/bbl / 0.42 = native USD/gal x 100,2027-09-30,2027-09-24,282,DEMO ONLY - NOT VALIDATED,true,15,9,30,18,180,30,15,5,false,3
2026-09-01,2026-09-01T18:15:00.000+0000,Apr27/May27 WTI Calendar,Apr/May WTI Calendar,CLJ7 Comdty | CLK7 Comdty,2027-04-01 | 2027-05-01,CAL.CL.M07_M08,CL M7-M8 Calendar,Calendar,CL,NORMALIZED_USD_BBL,USD/bbl,NO TRADE,NOT_ACTIONABLE,false,,,3,3,REGIME_ENSEMBLE,false,USD/bbl,0.4763044689301239,0.2430907032498717,0.7967285373201967,0.5055044502019882,0.3086019393507229,0.6440069985095249,0.4763044689301239,0.2430907032498717,0.7967285373201967,0.5055044502019882,0.450203,NO_PATTERN,0.0,0.0,0 long / 0 short; top=ROBUST_MEAN_REVERSION,IMPACT_STRESS,MIXED,0.0,50.0,0.0,1.0440373420715332,CAPACITY_BELOW_ONE_PACKAGE,41.27973937988281,3.799999952316284,,,,,,Normalized USD/bbl package quote,2027-03-22,2027-03-16,144,DEMO ONLY - NOT VALIDATED,true,15,9,30,18,180,30,15,5,false,3
2026-09-01,2026-09-01T18:15:00.000+0000,Jan28 Brent/WTI,Jan Brent/WTI,COF8 Comdty | CLF8 Comdty,2028-01-01,RV.CO_CL.M15,Brent/WTI Relative Value M15,Relative Value,CO|CL,NORMALIZED_USD_BBL,USD/bbl,NO TRADE,NOT_ACTIONABLE,false,,,3,3,REGIME_ENSEMBLE,false,USD/bbl,3.5457209383896426,2.7078050917482375,4.099960392107963,3.444600462913513,3.397992949729307,3.693448927049978,3.5457209383896426,2.7078050917482375,4.099960392107963,3.444600462913513,0.45015,NO_PATTERN,0.0,0.0,0 long / 0 short; top=TREND_BREAKOUT,NORMAL,MIXED,0.0,50.0,0.0,1.0061564445495605,CAPACITY_BELOW_ONE_PACKAGE,2.991971254348755,6.599999904632568,,,,,,Normalized USD/bbl package quote,2027-11-30,2027-11-24,325,DEMO ONLY - NOT VALIDATED,true,15,9,30,18,180,30,15,5,false,3
2026-09-01,2026-09-01T18:15:00.000+0000,Feb27 Brent/WTI,Feb Brent/WTI,COG7 Comdty | CLG7 Comdty,2027-02-01,RV.CO_CL.M04,Brent/WTI Relative Value M4,Relative Value,CO|CL,NORMALIZED_USD_BBL,USD/bbl,NO TRADE,NOT_ACTIONABLE,false,,,3,3,REGIME_ENSEMBLE,false,USD/bbl,3.588381591291565,2.4911040545499326,4.215313029190302,3.422380709648132,3.4542011609686796,3.7225620216144506,3.588381591291565,2.4911040545499326,4.215313029190302,3.422380709648132,0.45006,NO_PATTERN,0.0,0.0,0 long / 0 short; top=TREND_BREAKOUT,NORMAL,MIXED,0.0,50.0,0.0,0.9494420289993286,CAPACITY_BELOW_ONE_PACKAGE,62.97309875488281,2.75,,,,,,Normalized USD/bbl package quote,2026-12-31,2026-12-24,87,DEMO ONLY - NOT VALIDATED,true,15,9,30,18,180,30,15,5,false,3
2026-09-01,2026-09-01T18:15:00.000+0000,Feb27/Mar27 HO Calendar,Feb/Mar HO Calendar,HOG7 Comdty | HOH7 Comdty,2027-02-01 | 2027-03-01,CAL.HO.M05_M06,HO M5-M6 Calendar,Calendar,HO,HO_CPG,USD/bbl,NO TRADE,NOT_ACTIONABLE,false,,,3,3,REGIME_ENSEMBLE,false,cpg,1.3115745804994512,0.5883565378196183,1.920958703131193,1.2777257249468847,0.9518675563736254,1.671281604625277,0.5508613238097695,0.24710974588423967,0.8068026553151011,0.5366448044776916,0.449884,NO_PATTERN,0.0,0.0,0 long / 0 short; top=ROBUST_MEAN_REVERSION,NORMAL,MIXED,0.0,26.8,0.0,1.096392273902893,CAPACITY_BELOW_ONE_PACKAGE,24.393070220947266,3.0999999046325684,203.94107089726802,,,,,HO cpg = normalized USD/bbl / 0.42 = native USD/gal x 100,2027-01-29,2027-01-25,108,DEMO ONLY - NOT VALIDATED,true,15,9,30,18,180,30,15,5,false,3
2026-09-01,2026-09-01T18:15:00.000+0000,Jun27/Jul27/Aug27 Gasoil Fly,Jun/Jul/Aug Gasoil Fly,QSM7 Comdty | QSN7 Comdty | QSQ7 Comdty,2027-06-01 | 2027-07-01 | 2027-08-01,FLY.QS.M10_M11_M12,QS M10-M11-M12 Fly,Fly,QS,NORMALIZED_USD_BBL,USD/bbl,NO TRADE,NOT_ACTIONABLE,false,,,3,3,REGIME_ENSEMBLE,false,USD/bbl,0.30551030655190914,-0.26343749838054176,0.4687817134159803,0.16843388006091115,0.04636220057294338,0.5646584125308749,0.30551030655190914,-0.26343749838054176,0.4687817134159803,0.16843388006091115,0.449695,NO_PATTERN,0.0,0.0,0 long / 0 short; top=ROBUST_MEAN_REVERSION,NORMAL,MIXED,0.0,220.0,0.0,1.3850220441818237,CAPACITY_BELOW_ONE_PACKAGE,3.3412389755249023,5.199999809265137,,624.4341228795072,83.8166607891956,199.5634780695133,,Normalized USD/bbl package quote,2027-06-10,2027-06-04,202,DEMO ONLY - NOT VALIDATED,true,15,9,30,18,180,30,15,5,false,3
2026-09-01,2026-09-01T18:15:00.000+0000,Aug27/Sep27 WTI Calendar,Aug/Sep WTI Calendar,CLQ7 Comdty | CLU7 Comdty,2027-08-01 | 2027-09-01,CAL.CL.M11_M12,CL M11-M12 Calendar,Calendar,CL,NORMALIZED_USD_BBL,USD/bbl,NO TRADE,NOT_ACTIONABLE,false,,,3,3,REGIME_ENSEMBLE,false,USD/bbl,0.3331229730074128,0.00356560894846919,0.8064538245499133,0.3871922582387924,0.1917502550904473,0.47449569092437827,0.3331229730074128,0.00356560894846919,0.8064538245499133,0.3871922582387924,0.449471,NO_PATTERN,0.0,0.0,0 long / 0 short; top=ERROR_CORRECTION_RESIDUAL,IMPACT_STRESS,MIXED,0.0,50.0,0.0,1.0145883560180664,CAPACITY_BELOW_ONE_PACKAGE,14.174663543701172,5.199999809265137,,,,,,Normalized USD/bbl package quote,2027-07-20,2027-07-14,230,DEMO ONLY - NOT VALIDATED,true,15,9,30,18,180,30,15,5,false,3
2026-09-01,2026-09-01T18:15:00.000+0000,Dec26 Brent/WTI,Dec Brent/WTI,COZ6 Comdty | CLZ6 Comdty,2026-12-01,RV.CO_CL.M02,Brent/WTI Relative Value M2,Relative Value,CO|CL,NORMALIZED_USD_BBL,USD/bbl,NO TRADE,NOT_ACTIONABLE,false,,,3,3,REGIME_ENSEMBLE,false,USD/bbl,3.815872953068663,2.5379316256809235,4.2808478428554535,3.529248428344726,3.6508115425521623,3.9809343635851633,3.815872953068663,2.5379316256809235,4.2808478428554535,3.529248428344726,0.449207,NO_PATTERN,0.0,0.0,0 long / 0 short; top=TREND_BREAKOUT,NORMAL,MIXED,0.0,50.0,0.0,0.7803057432174683,CAPACITY_BELOW_ONE_PACKAGE,86.74261474609375,2.049999952316284,,,,,,Normalized USD/bbl package quote,2026-10-30,2026-10-26,43,DEMO ONLY - NOT VALIDATED,true,15,9,30,18,180,30,15,5,false,3
2026-09-01,2026-09-01T18:15:00.000+0000,Mar27/Apr27 WTI Calendar,Mar/Apr WTI Calendar,CLH7 Comdty | CLJ7 Comdty,2027-03-01 | 2027-04-01,CAL.CL.M06_M07,CL M6-M7 Calendar,Calendar,CL,NORMALIZED_USD_BBL,USD/bbl,NO TRADE,NOT_ACTIONABLE,false,,,3,3,REGIME_ENSEMBLE,false,USD/bbl,0.5413096124688934,0.2459523909842968,0.6829792625153065,0.4872382014989852,0.3936245670924734,0.6889946578453134,0.5413096124688934,0.2459523909842968,0.6829792625153065,0.4872382014989852,0.448208,NO_PATTERN,0.0,0.0,0 long / 0 short; top=ROBUST_MEAN_REVERSION,NORMAL,MIXED,0.0,50.0,0.0,0.8554725050926208,CAPACITY_BELOW_ONE_PACKAGE,45.613807678222656,3.450000047683716,,,,,,Normalized USD/bbl package quote,2027-02-22,2027-02-16,124,DEMO ONLY - NOT VALIDATED,true,15,9,30,18,180,30,15,5,false,3
2026-09-01,2026-09-01T18:15:00.000+0000,Feb27/Mar27 Gasoil Calendar,Feb/Mar Gasoil Calendar,QSG7 Comdty | QSH7 Comdty,2027-02-01 | 2027-03-01,CAL.QS.M06_M07,QS M6-M7 Calendar,Calendar,QS,NORMALIZED_USD_BBL,USD/bbl,NO TRADE,NOT_ACTIONABLE,false,,,3,3,REGIME_ENSEMBLE,false,USD/bbl,0.3178974306189275,0.08507538848400115,0.6623993415307998,0.3556129902601242,0.1603874629341817,0.4754073983036733,0.3178974306189275,0.08507538848400115,0.6623993415307998,0.3556129902601242,0.447812,NO_PATTERN,0.0,0.0,0 long / 0 short; top=ROBUST_MEAN_REVERSION,NORMAL,MIXED,0.0,110.0,0.0,0.9754489064216614,CAPACITY_BELOW_ONE_PACKAGE,14.362859725952148,3.450000047683716,,636.6038607586179,85.45018265216348,203.45281583848447,,Normalized USD/bbl package quote,2027-02-10,2027-02-04,116,DEMO ONLY - NOT VALIDATED,true,15,9,30,18,180,30,15,5,false,3
2026-09-01,2026-09-01T18:15:00.000+0000,Nov26/Dec26 Brent Calendar,Nov/Dec Brent Calendar,COX6 Comdty | COZ6 Comdty,2026-11-01 | 2026-12-01,CO1_CO2,Brent M1-M2 Calendar,Calendar,CO,NORMALIZED_USD_BBL,USD/bbl,NO TRADE,NOT_ACTIONABLE,false,,,3,3,REGIME_ENSEMBLE,false,USD/bbl,0.17873973894543838,-0.1860455121141672,1.1087193335634469,0.3786487072706222,0.01655989635415267,0.3409195815367241,0.17873973894543838,-0.1860455121141672,1.1087193335634469,0.3786487072706222,0.447771,NO_PATTERN,0.0,0.0,0 long / 0 short; top=ERROR_CORRECTION_RESIDUAL,NORMAL,MIXED,0.0,50.0,0.0,0.7803057432174683,CAPACITY_BELOW_ONE_PACKAGE,86.74261474609375,1.7000000476837158,,,,,,Normalized USD/bbl package quote,2026-09-30,2026-09-24,21,DEMO ONLY - NOT VALIDATED,true,15,9,30,18,180,30,15,5,false,3
2026-09-01,2026-09-01T18:15:00.000+0000,Nov26 HO/WTI/Gasoil/Brent Box,Nov HO/WTI/Gasoil/Brent Box,HOX6 Comdty | CLX6 Comdty | QSX6 Comdty | COX6 Comdty,2026-11-01,REL_MARGIN1,HO/WTI less QS/Brent,Relative Margin,HO|CL|QS|CO,NORMALIZED_USD_BBL,USD/bbl,NO TRADE,NOT_ACTIONABLE,false,,,3,3,REGIME_ENSEMBLE,false,USD/bbl,3.5779430245764416,3.4465134152317045,8.514071225271225,5.252693843841553,3.331527625561492,3.8243584235913914,3.5779430245764416,3.4465134152317045,8.514071225271225,5.252693843841553,0.44764,NO_PATTERN,0.0,0.0,0 long / 0 short; top=STABILITY_REVERSION,NORMAL,MIXED,0.0,410.2,0.0,1.0355006456375122,CAPACITY_BELOW_ONE_PACKAGE,14.174200057983398,2.049999952316284,207.3982126402968,648.806532471017,87.0881251638949,207.35267896165453,,Normalized USD/bbl package quote,2026-09-30,2026-09-24,21,DEMO ONLY - NOT VALIDATED,true,15,9,30,18,180,30,15,5,false,3
2026-09-01,2026-09-01T18:15:00.000+0000,Jul27/Aug27 Brent Calendar,Jul/Aug Brent Calendar,CON7 Comdty | COQ7 Comdty,2027-07-01 | 2027-08-01,CAL.CO.M09_M10,CO M9-M10 Calendar,Calendar,CO,NORMALIZED_USD_BBL,USD/bbl,NO TRADE,NOT_ACTIONABLE,false,,,3,3,REGIME_ENSEMBLE,false,USD/bbl,0.47801497076868316,-0.037060696033239304,0.8883071722066402,0.4441794395446777,0.31135077272772094,0.6446791688096454,0.47801497076868316,-0.037060696033239304,0.8883071722066402,0.4441794395446777,0.447011,NO_PATTERN,0.0,0.0,0 long / 0 short; top=ERROR_CORRECTION_RESIDUAL,NORMAL,MIXED,0.0,50.0,0.0,1.026268482208252,CAPACITY_BELOW_ONE_PACKAGE,13.729813575744629,4.5,,,,,,Normalized USD/bbl package quote,2027-05-31,2027-05-25,194,DEMO ONLY - NOT VALIDATED,true,15,9,30,18,180,30,15,5,false,3
2026-09-01,2026-09-01T18:15:00.000+0000,Sep27 Brent/WTI,Sep Brent/WTI,COU7 Comdty | CLU7 Comdty,2027-09-01,RV.CO_CL.M11,Brent/WTI Relative Value M11,Relative Value,CO|CL,NORMALIZED_USD_BBL,USD/bbl,NO TRADE,NOT_ACTIONABLE,false,,,3,3,REGIME_ENSEMBLE,false,USD/bbl,3.418125658267435,2.9747640462595224,3.821980777196288,3.4027465581893916,3.29083871000379,3.5454126065310803,3.418125658267435,2.9747640462595224,3.821980777196288,3.4027465581893916,0.446844,NO_PATTERN,0.0,0.0,0 long / 0 short; top=TREND_BREAKOUT,NORMAL,MIXED,0.0,50.0,0.0,1.0767583847045898,CAPACITY_BELOW_ONE_PACKAGE,11.365784645080566,5.199999809265137,,,,,,Normalized USD/bbl package quote,2027-07-30,2027-07-26,238,DEMO ONLY - NOT VALIDATED,true,15,9,30,18,180,30,15,5,false,3
2026-09-01,2026-09-01T18:15:00.000+0000,Mar27/Apr27 HO Calendar,Mar/Apr HO Calendar,HOH7 Comdty | HOJ7 Comdty,2027-03-01 | 2027-04-01,CAL.HO.M06_M07,HO M6-M7 Calendar,Calendar,HO,HO_CPG,USD/bbl,NO TRADE,NOT_ACTIONABLE,false,,,3,3,REGIME_ENSEMBLE,false,cpg,0.7307602354959134,0.4529374396432014,1.5172799018252465,0.9106726234867459,0.4359494092709732,1.0255710617208535,0.3069192989082836,0.19023372465014457,0.6372575587666035,0.3824825018644333,0.446638,NO_PATTERN,0.0,0.0,0 long / 0 short; top=ROBUST_MEAN_REVERSION,NORMAL,MIXED,0.0,26.8,0.0,0.7282718420028687,CAPACITY_BELOW_ONE_PACKAGE,11.143938064575195,3.450000047683716,202.62949631676855,,,,,HO cpg = normalized USD/bbl / 0.42 = native USD/gal x 100,2027-02-26,2027-02-22,128,DEMO ONLY - NOT VALIDATED,true,15,9,30,18,180,30,15,5,false,3
2026-09-01,2026-09-01T18:15:00.000+0000,May27 Brent/WTI,May Brent/WTI,COK7 Comdty | CLK7 Comdty,2027-05-01,RV.CO_CL.M07,Brent/WTI Relative Value M7,Relative Value,CO|CL,NORMALIZED_USD_BBL,USD/bbl,NO TRADE,NOT_ACTIONABLE,false,,,3,3,REGIME_ENSEMBLE,false,USD/bbl,3.6631928321901057,2.526105093138218,4.3916848429274555,3.520084953308105,3.5273364496412967,3.7990492147389148,3.6631928321901057,2.526105093138218,4.3916848429274555,3.520084953308105,0.446433,NO_PATTERN,0.0,0.0,0 long / 0 short; top=STABILITY_REVERSION,NORMAL,MIXED,0.0,50.0,0.0,0.9320062398910522,CAPACITY_BELOW_ONE_PACKAGE,26.823993682861328,3.799999952316284,,,,,,Normalized USD/bbl package quote,2027-03-31,2027-03-23,151,DEMO ONLY - NOT VALIDATED,true,15,9,30,18,180,30,15,5,false,3
2026-09-01,2026-09-01T18:15:00.000+0000,Feb27 Gasoil/Brent Crack,Feb Gasoil/Brent Crack,QSG7 Comdty | COG7 Comdty,2027-02-01,CRK.QS_CO.M04,Gasoil/Brent Same-Month Crack M4,Crack,QS|CO,CRACK_USD_BBL,USD/bbl,NO TRADE,NOT_ACTIONABLE,false,,,3,3,REGIME_ENSEMBLE,false,USD/bbl,17.369866167798847,15.277564186741113,17.821617942165137,16.799631881713864,17.21878030490896,17.520952030688733,17.369866167798847,15.277564186741113,17.821617942165137,16.799631881713864,0.446349,NO_PATTERN,0.0,0.0,0 long / 0 short; top=STABILITY_REVERSION,VOLUME_DRYNESS,MIXED,0.0,295.0,0.0,0.5899263620376587,CAPACITY_BELOW_ONE_PACKAGE,3.596538543701172,3.0999999046325684,,636.6038607586179,85.45018265216348,203.45281583848447,,Crack USD/bbl; HO USD/gal x 42 and gasoil USD/MT / 7.45 before leg weighting,2026-12-31,2026-12-24,87,DEMO ONLY - NOT VALIDATED,true,15,9,30,18,180,30,15,5,false,3
2026-09-01,2026-09-01T18:15:00.000+0000,Dec27/Jan28 Brent Calendar,Dec27/Jan28 Brent Calendar,COZ7 Comdty | COF8 Comdty,2027-12-01 | 2028-01-01,CAL.CO.M14_M15,CO M14-M15 Calendar,Calendar,CO,NORMALIZED_USD_BBL,USD/bbl,NO TRADE,NOT_ACTIONABLE,false,,,3,3,REGIME_ENSEMBLE,false,USD/bbl,0.5088180742659603,-0.11118798874974245,1.2172062935745716,0.5389965593814849,0.37278635161602836,0.6448497969158922,0.5088180742659603,-0.11118798874974245,1.2172062935745716,0.5389965593814849,0.445786,NO_PATTERN,0.0,0.0,0 long / 0 short; top=ERROR_CORRECTION_RESIDUAL,NORMAL,MIXED,0.0,50.0,0.0,1.0431989431381226,CAPACITY_BELOW_ONE_PACKAGE,2.991971254348755,6.25,,,,,,Normalized USD/bbl package quote,2027-10-29,2027-10-25,303,DEMO ONLY - NOT VALIDATED,true,15,9,30,18,180,30,15,5,false,3
2026-09-01,2026-09-01T18:15:00.000+0000,Nov27/Dec27/Jan28 WTI Fly,Nov27/Dec27/Jan28 WTI Fly,CLX7 Comdty | CLZ7 Comdty | CLF8 Comdty,2027-11-01 | 2027-12-01 | 2028-01-01,FLY.CL.M14_M15_M16,CL M14-M15-M16 Fly,Fly,CL,NORMALIZED_USD_BBL,USD/bbl,NO TRADE,NOT_ACTIONABLE,false,,,3,3,REGIME_ENSEMBLE,false,USD/bbl,-0.33213550672761016,-0.4541703021508456,0.472285416571498,-0.09934705104678869,-0.602465965607081,-0.06180504784813934,-0.33213550672761016,-0.4541703021508456,0.472285416571498,-0.09934705104678869,0.445685,NO_PATTERN,0.0,0.0,0 long / 0 short; top=ERROR_CORRECTION_RESIDUAL,NORMAL,MEAN_REVERTING,0.0,100.0,0.0,1.17218017578125,CAPACITY_BELOW_ONE_PACKAGE,3.5373120307922363,6.599999904632568,,,,,,Normalized USD/bbl package quote,2027-10-20,2027-10-14,296,DEMO ONLY - NOT VALIDATED,true,15,9,30,18,180,30,15,5,false,3
2026-09-01,2026-09-01T18:15:00.000+0000,Feb27/Mar27 Brent Calendar,Feb/Mar Brent Calendar,COG7 Comdty | COH7 Comdty,2027-02-01 | 2027-03-01,CAL.CO.M04_M05,CO M4-M5 Calendar,Calendar,CO,NORMALIZED_USD_BBL,USD/bbl,NO TRADE,NOT_ACTIONABLE,false,,,3,3,REGIME_ENSEMBLE,false,USD/bbl,0.5121128953439182,-0.44025849074244494,1.3092740651977062,0.45683004260063165,0.3444644756061024,0.6797613150817341,0.5121128953439182,-0.44025849074244494,1.3092740651977062,0.45683004260063165,0.44539,NO_PATTERN,0.0,0.0,0 long / 0 short; top=ERROR_CORRECTION_RESIDUAL,NORMAL,MIXED,0.0,50.0,0.0,1.0188571214675903,CAPACITY_BELOW_ONE_PACKAGE,57.3011360168457,2.75,,,,,,Normalized USD/bbl package quote,2026-12-31,2026-12-24,87,DEMO ONLY - NOT VALIDATED,true,15,9,30,18,180,30,15,5,false,3
2026-09-01,2026-09-01T18:15:00.000+0000,Nov26/Dec26 Gasoil Calendar,Nov/Dec Gasoil Calendar,QSX6 Comdty | QSZ6 Comdty,2026-11-01 | 2026-12-01,CAL.QS.M03_M04,QS M3-M4 Calendar,Calendar,QS,NORMALIZED_USD_BBL,USD/bbl,NO TRADE,NOT_ACTIONABLE,false,,,3,3,REGIME_ENSEMBLE,false,USD/bbl,0.529145491140639,0.27004600019365554,0.6517655208596587,0.4799002796411514,0.38798202277973814,0.6703089595015399,0.529145491140639,0.27004600019365554,0.6517655208596587,0.4799002796411514,0.445184,NO_PATTERN,0.0,0.0,0 long / 0 short; top=ERROR_CORRECTION_RESIDUAL,NORMAL,MIXED,0.0,110.0,0.0,0.800376832485199,CAPACITY_BELOW_ONE_PACKAGE,28.34781265258789,2.4000000953674316,,648.806532471017,87.0881251638949,207.35267896165453,,Normalized USD/bbl package quote,2026-11-11,2026-11-05,51,DEMO ONLY - NOT VALIDATED,true,15,9,30,18,180,30,15,5,false,3
2026-09-01,2026-09-01T18:15:00.000+0000,Aug27/Sep27 Brent Calendar,Aug/Sep Brent Calendar,COQ7 Comdty | COU7 Comdty,2027-08-01 | 2027-09-01,CAL.CO.M10_M11,CO M10-M11 Calendar,Calendar,CO,NORMALIZED_USD_BBL,USD/bbl,NO TRADE,NOT_ACTIONABLE,false,,,3,3,REGIME_ENSEMBLE,false,USD/bbl,0.46755621484898313,-0.15627739760279657,1.086355963677168,0.46903276145458217,0.3344244258054374,0.6006880038925289,0.46755621484898313,-0.15627739760279657,1.086355963677168,0.46903276145458217,0.4448,NO_PATTERN,0.0,0.0,0 long / 0 short; top=ERROR_CORRECTION_RESIDUAL,NORMAL,MIXED,0.0,50.0,0.0,1.0767583847045898,CAPACITY_BELOW_ONE_PACKAGE,11.365784645080566,4.849999904632568,,,,,,Normalized USD/bbl package quote,2027-06-30,2027-06-24,216,DEMO ONLY - NOT VALIDATED,true,15,9,30,18,180,30,15,5,false,3
2026-09-01,2026-09-01T18:15:00.000+0000,Oct27/Nov27 WTI Calendar,Oct/Nov WTI Calendar,CLV7 Comdty | CLX7 Comdty,2027-10-01 | 2027-11-01,CAL.CL.M13_M14,CL M13-M14 Calendar,Calendar,CL,NORMALIZED_USD_BBL,USD/bbl,NO TRADE,NOT_ACTIONABLE,false,,,3,3,REGIME_ENSEMBLE,false,USD/bbl,0.6047507959754199,0.20555906594872475,0.93233401476264,0.5761778116226196,0.45964958401033584,0.749852007940504,0.6047507959754199,0.20555906594872475,0.93233401476264,0.5761778116226196,0.444639,NO_PATTERN,0.0,0.0,0 long / 0 short; top=ERROR_CORRECTION_RESIDUAL,NORMAL,MEAN_REVERTING,0.0,50.0,0.0,0.9984966516494751,CAPACITY_BELOW_ONE_PACKAGE,8.362472534179688,5.900000095367432,,,,,,Normalized USD/bbl package quote,2027-09-21,2027-09-15,275,DEMO ONLY - NOT VALIDATED,true,15,9,30,18,180,30,15,5,false,3
2026-09-01,2026-09-01T18:15:00.000+0000,Oct27/Nov27/Dec27 Gasoil Fly,Oct/Nov/Dec Gasoil Fly,QSV7 Comdty | QSX7 Comdty | QSZ7 Comdty,2027-10-01 | 2027-11-01 | 2027-12-01,FLY.QS.M14_M15_M16,QS M14-M15-M16 Fly,Fly,QS,NORMALIZED_USD_BBL,USD/bbl,NO TRADE,NOT_ACTIONABLE,false,,,3,3,REGIME_ENSEMBLE,false,USD/bbl,0.12545377039212724,-0.3144559865024686,0.25174947130948305,0.018449827283620837,-0.13973459578257064,0.3906421365668251,0.12545377039212724,-0.3144559865024686,0.25174947130948305,0.018449827283620837,0.444626,NO_PATTERN,0.0,0.0,0 long / 0 short; top=ERROR_CORRECTION_RESIDUAL,NORMAL,MEAN_REVERTING,0.0,220.0,0.0,1.3006551265716553,INSUFFICIENT_EXECUTABLE_CAPACITY,0.9868921637535095,6.599999904632568,,608.7534167439361,81.71186801932028,194.55206671266734,,Normalized USD/bbl package quote,2027-10-12,2027-10-06,290,DEMO ONLY - NOT VALIDATED,true,15,9,30,18,180,30,15,5,false,3
2026-09-01,2026-09-01T18:15:00.000+0000,Dec26/Jan27 HO Calendar,Dec26/Jan27 HO Calendar,HOZ6 Comdty | HOF7 Comdty,2026-12-01 | 2027-01-01,CAL.HO.M03_M04,HO M3-M4 Calendar,Calendar,HO,HO_CPG,USD/bbl,NO TRADE,NOT_ACTIONABLE,false,,,3,3,REGIME_ENSEMBLE,false,cpg,1.3798115327899736,0.5823475909304051,1.6146491035890012,1.1882206017062777,1.0201277917285132,1.739495273851434,0.5795208437717889,0.24458598819077015,0.6781526235073805,0.4990526527166367,0.444403,NO_PATTERN,0.0,0.0,0 long / 0 short; top=ERROR_CORRECTION_RESIDUAL,VOLUME_DRYNESS,MEAN_REVERTING,0.0,26.8,0.0,0.6373627781867981,CAPACITY_BELOW_ONE_PACKAGE,23.809200286865234,2.4000000953674316,206.0926082494619,,,,,HO cpg = normalized USD/bbl / 0.42 = native USD/gal x 100,2026-11-30,2026-11-23,64,DEMO ONLY - NOT VALIDATED,true,15,9,30,18,180,30,15,5,false,3
2026-09-01,2026-09-01T18:15:00.000+0000,Nov27/Dec27 Brent/WTI Box,Nov/Dec Brent/WTI Box,COX7 Comdty | CLX7 Comdty | COZ7 Comdty | CLZ7 Comdty,2027-11-01 | 2027-12-01,BOX.CURVE.CO_CL.M13_M14,Brent-WTI Curve Box M13-M14,Relative Box,CO|CL,NORMALIZED_USD_BBL,USD/bbl,NO TRADE,NOT_ACTIONABLE,false,,,3,3,REGIME_ENSEMBLE,false,USD/bbl,0.26217938411658537,-0.3775683422142267,0.4276980650180578,0.09766071531921625,0.04311180684393179,0.48124696138923895,0.26217938411658537,-0.3775683422142267,0.4276980650180578,0.09766071531921625,0.44337,NO_PATTERN,0.0,0.0,0 long / 0 short; top=TREND_BREAKOUT,NORMAL,MEAN_REVERTING,0.0,100.0,0.0,1.251708984375,CAPACITY_BELOW_ONE_PACKAGE,5.441685676574707,6.25,,,,,,Normalized USD/bbl package quote,2027-09-30,2027-09-24,282,DEMO ONLY - NOT VALIDATED,true,15,9,30,18,180,30,15,5,false,3
2026-09-01,2026-09-01T18:15:00.000+0000,Oct27/Nov27/Dec27 HOGO Fly,Oct/Nov/Dec HOGO Fly,HOV7 Comdty | HOX7 Comdty | HOZ7 Comdty | QSV7 Comdty | QSX7 Comdty | QSZ7 Comdty,2027-10-01 | 2027-11-01 | 2027-12-01,FLY.HOGO.M13_M14_M15,HOGO Relative Fly M13-M15,HOGO Fly,HO|QS,HOGO_CPG,USD/bbl,NO TRADE,NOT_ACTIONABLE,false,,,3,3,REGIME_ENSEMBLE,false,cpg,-0.35960062772272205,3.174862233127867,10.661596518005643,4.723379462957382,-1.0867552970302492,0.367554041584805,-0.15103226364354327,1.333442137913704,4.47787053756237,1.9838193744421004,0.442911,NO_PATTERN,0.0,0.0,0 long / 0 short; top=STABILITY_REVERSION,NORMAL,MIXED,0.0,1040.8,0.0,1.0485183000564575,INSUFFICIENT_EXECUTABLE_CAPACITY,0.24672304093837738,6.599999904632568,194.90403649885332,608.7534167439361,81.71186801932028,194.55206671266734,-0.35960062772272205,HO cpg minus gasoil cpg; gasoil cpg = USD/MT / 7.45 / 0.42,2027-09-30,2027-09-24,282,DEMO ONLY - NOT VALIDATED,true,15,9,30,18,180,30,15,5,false,3
2026-09-01,2026-09-01T18:15:00.000+0000,Sep27/Oct27 HO Calendar,Sep/Oct HO Calendar,HOU7 Comdty | HOV7 Comdty,2027-09-01 | 2027-10-01,CAL.HO.M12_M13,HO M12-M13 Calendar,Calendar,HO,HO_CPG,USD/bbl,NO TRADE,NOT_ACTIONABLE,false,,,3,3,REGIME_ENSEMBLE,false,cpg,0.906773058111351,0.3468915607496386,1.7735733375414495,1.0083229555970146,0.532024908313321,1.281521207909381,0.38084468440676744,0.14569445551484822,0.7449008017674088,0.42349564135074613,0.442851,NO_PATTERN,0.0,0.0,0 long / 0 short; top=ERROR_CORRECTION_RESIDUAL,NORMAL,MIXED,0.0,26.8,0.0,0.8754113912582397,CAPACITY_BELOW_ONE_PACKAGE,2.4891629219055176,5.550000190734863,195.81080955696467,,,,,HO cpg = normalized USD/bbl / 0.42 = native USD/gal x 100,2027-08-31,2027-08-25,260,DEMO ONLY - NOT VALIDATED,true,15,9,30,18,180,30,15,5,false,3
2026-09-01,2026-09-01T18:15:00.000+0000,Jun27/Jul27 Brent/WTI Box,Jun/Jul Brent/WTI Box,COM7 Comdty | CLM7 Comdty | CON7 Comdty | CLN7 Comdty,2027-06-01 | 2027-07-01,BOX.CURVE.CO_CL.M08_M09,Brent-WTI Curve Box M8-M9,Relative Box,CO|CL,NORMALIZED_USD_BBL,USD/bbl,NO TRADE,NOT_ACTIONABLE,false,,,3,3,REGIME_ENSEMBLE,false,USD/bbl,-0.11455776850041843,-0.4832652239638566,0.5626093252140283,-0.009059463813900947,-0.36648328164872623,0.13736774464788937,-0.11455776850041843,-0.4832652239638566,0.5626093252140283,-0.009059463813900947,0.442603,NO_PATTERN,0.0,0.0,0 long / 0 short; top=FLOW_DIVERGENCE,NORMAL,MIXED,0.0,100.0,0.0,1.4741100072860718,CAPACITY_BELOW_ONE_PACKAGE,22.203983306884766,4.5,,,,,,Normalized USD/bbl package quote,2027-04-30,2027-04-26,173,DEMO ONLY - NOT VALIDATED,true,15,9,30,18,180,30,15,5,false,3
2026-09-01,2026-09-01T18:15:00.000+0000,Nov27/Dec27 HO Calendar,Nov/Dec HO Calendar,HOX7 Comdty | HOZ7 Comdty,2027-11-01 | 2027-12-01,CAL.HO.M14_M15,HO M14-M15 Calendar,Calendar,HO,HO_CPG,USD/bbl,NO TRADE,NOT_ACTIONABLE,false,,,3,3,REGIME_ENSEMBLE,false,cpg,1.3614887660814645,0.2769814568899927,1.8264501369141397,1.145049071028119,1.0646577903204484,1.6583197418424807,0.5718252817542151,0.11633221189379694,0.7671090575039387,0.48092060983180995,0.441389,NO_PATTERN,0.0,0.0,0 long / 0 short; top=ERROR_CORRECTION_RESIDUAL,NORMAL,MEAN_REVERTING,0.0,26.8,0.0,0.7032768130302429,CAPACITY_BELOW_ONE_PACKAGE,1.319187879562378,6.25,193.55169383679996,,,,,HO cpg = normalized USD/bbl / 0.42 = native USD/gal x 100,2027-10-29,2027-10-25,303,DEMO ONLY - NOT VALIDATED,true,15,9,30,18,180,30,15,5,false,3
2026-09-01,2026-09-01T18:15:00.000+0000,Dec26/Jan27/Feb27 Brent Fly,Dec26/Jan27/Feb27 Brent Fly,COZ6 Comdty | COF7 Comdty | COG7 Comdty,2026-12-01 | 2027-01-01 | 2027-02-01,FLY.CO.M02_M03_M04,CO M2-M3-M4 Fly,Fly,CO,NORMALIZED_USD_BBL,USD/bbl,NO TRADE,NOT_ACTIONABLE,false,,,3,3,REGIME_ENSEMBLE,false,USD/bbl,0.6140787799518534,-0.8864884032984194,0.8867194949154439,0.17960041617698153,0.3616522525113055,0.8665053073924014,0.6140787799518534,-0.8864884032984194,0.8867194949154439,0.17960041617698153,0.440674,NO_PATTERN,0.0,0.0,0 long / 0 short; top=ROBUST_MEAN_REVERSION,NORMAL,MIXED,0.0,100.0,0.0,1.1239086389541626,CAPACITY_BELOW_ONE_PACKAGE,50.127071380615234,2.4000000953674316,,,,,,Normalized USD/bbl package quote,2026-10-30,2026-10-26,43,DEMO ONLY - NOT VALIDATED,true,15,9,30,18,180,30,15,5,false,3
2026-09-01,2026-09-01T18:15:00.000+0000,Dec27/Jan28 HO/WTI Crack Box,Dec27/Jan28 HO/WTI Crack Box,HOZ7 Comdty | CLZ7 Comdty | HOF8 Comdty | CLF8 Comdty,2027-12-01 | 2028-01-01,BOX.CRKCAL.HO_CL.M15_M16,HO/WTI Crack Calendar Box M15-M16,Crack Curve,HO|CL,CRACK_USD_BBL,USD/bbl,NO TRADE,NOT_ACTIONABLE,false,,,3,3,REGIME_ENSEMBLE,false,USD/bbl,-0.3476020822977972,-0.46404268239945173,0.45292055067926645,-0.11021358026191591,-0.5389362516558123,-0.15626791293978215,-0.3476020822977972,-0.46404268239945173,0.45292055067926645,-0.11021358026191591,0.43985,NO_PATTERN,0.0,0.0,0 long / 0 short; top=ERROR_CORRECTION_RESIDUAL,NORMAL,MIXED,0.0,76.8,0.0,1.0673344135284424,CAPACITY_BELOW_ONE_PACKAGE,1.2115172147750854,6.599999904632568,192.1902050707185,,,,,Crack USD/bbl; HO USD/gal x 42 and gasoil USD/MT / 7.45 before leg weighting,2027-11-22,2027-11-16,319,DEMO ONLY - NOT VALIDATED,true,15,9,30,18,180,30,15,5,false,3
2026-09-01,2026-09-01T18:15:00.000+0000,Sep27/Oct27 Brent Calendar,Sep/Oct Brent Calendar,COU7 Comdty | COV7 Comdty,2027-09-01 | 2027-10-01,CAL.CO.M11_M12,CO M11-M12 Calendar,Calendar,CO,NORMALIZED_USD_BBL,USD/bbl,NO TRADE,NOT_ACTIONABLE,false,,,3,3,REGIME_ENSEMBLE,false,USD/bbl,0.38850903335394094,-0.08778482384562492,0.9578539103972912,0.4184901773929596,0.2322997042107744,0.5447183624971075,0.38850903335394094,-0.08778482384562492,0.9578539103972912,0.4184901773929596,0.437718,NO_PATTERN,0.0,0.0,0 long / 0 short; top=ERROR_CORRECTION_RESIDUAL,IMPACT_STRESS,MIXED,0.0,50.0,0.0,0.8907765746116638,CAPACITY_BELOW_ONE_PACKAGE,7.04519510269165,5.199999809265137,,,,,,Normalized USD/bbl package quote,2027-07-30,2027-07-26,238,DEMO ONLY - NOT VALIDATED,true,15,9,30,18,180,30,15,5,false,3
2026-09-01,2026-09-01T18:15:00.000+0000,Feb28 Brent/WTI,Feb Brent/WTI,COG8 Comdty | CLG8 Comdty,2028-02-01,RV.CO_CL.M16,Brent/WTI Relative Value M16,Relative Value,CO|CL,NORMALIZED_USD_BBL,USD/bbl,NO TRADE,NOT_ACTIONABLE,false,,,3,3,REGIME_ENSEMBLE,false,USD/bbl,3.5839094250223127,2.933148288714886,4.008516883862018,3.5059899091720577,3.4243993117234197,3.7434195383212057,3.5839094250223127,2.933148288714886,4.008516883862018,3.5059899091720577,0.436692,NO_PATTERN,0.0,0.0,0 long / 0 short; top=TREND_BREAKOUT,NORMAL,MIXED,0.0,50.0,0.0,0.7766203880310059,CAPACITY_BELOW_ONE_PACKAGE,1.8126258850097656,6.949999809265137,,,,,,Normalized USD/bbl package quote,2027-12-31,2027-12-23,348,DEMO ONLY - NOT VALIDATED,true,15,9,30,18,180,30,15,5,false,3
2026-09-01,2026-09-01T18:15:00.000+0000,Jun27 Brent/WTI,Jun Brent/WTI,COM7 Comdty | CLM7 Comdty,2027-06-01,RV.CO_CL.M08,Brent/WTI Relative Value M8,Relative Value,CO|CL,NORMALIZED_USD_BBL,USD/bbl,NO TRADE,NOT_ACTIONABLE,false,,,3,3,REGIME_ENSEMBLE,false,USD/bbl,3.353831502488248,3.0815365913888813,3.6444808837392926,3.3594172239303584,3.1887800012439413,3.5188830037325545,3.353831502488248,3.0815365913888813,3.6444808837392926,3.3594172239303584,0.435789,NO_PATTERN,0.0,0.0,0 long / 0 short; top=STABILITY_REVERSION,NORMAL,MIXED,0.0,50.0,0.0,0.9037315845489502,CAPACITY_BELOW_ONE_PACKAGE,22.203983306884766,4.150000095367432,,,,,,Normalized USD/bbl package quote,2027-04-30,2027-04-26,173,DEMO ONLY - NOT VALIDATED,true,15,9,30,18,180,30,15,5,false,3
2026-09-01,2026-09-01T18:15:00.000+0000,Jul27/Aug27 HOGO Box,Jul/Aug HOGO Box,HON7 Comdty | QSN7 Comdty | HOQ7 Comdty | QSQ7 Comdty,2027-07-01 | 2027-08-01,BOX.CURVE.HO_QS.M10_M11,HO-Gasoil Curve Box M10-M11,Relative Box,HO|QS,HOGO_CPG,USD/bbl,NO TRADE,NOT_ACTIONABLE,false,,,3,3,REGIME_ENSEMBLE,false,cpg,0.3104692172110206,-1.0916955385974474,0.7988797383734156,-0.008998784635748183,-0.1450389244343428,0.765977358856384,0.13039707122862865,-0.4585121262109279,0.3355294901168346,-0.0037794895470142365,0.435768,NO_PATTERN,0.0,0.0,0 long / 0 short; top=TREND_BREAKOUT,NORMAL,MIXED,0.0,520.4,0.0,1.2094782590866089,CAPACITY_BELOW_ONE_PACKAGE,1.2402905225753784,5.199999809265137,198.21845916849819,620.1839351595681,83.24616579323062,198.2051566505491,0.3104692172110206,HO cpg minus gasoil cpg; gasoil cpg = USD/MT / 7.45 / 0.42,2027-06-30,2027-06-24,216,DEMO ONLY - NOT VALIDATED,true,15,9,30,18,180,30,15,5,false,3
2026-09-01,2026-09-01T18:15:00.000+0000,Oct26/Nov26 HOGO Box,Oct/Nov HOGO Box,HOV6 Comdty | HOX6 Comdty | QSV6 Comdty | QSX6 Comdty,2026-10-01 | 2026-11-01,HOGO_CAL_BOX,HOGO M1-M2 Calendar Box,Box,HO|QS,HOGO_CPG,USD/bbl,NO TRADE,NOT_ACTIONABLE,false,,,3,3,REGIME_ENSEMBLE,false,cpg,-0.8912112474441918,-1.4399903479601655,1.3299377421353542,-0.3060152448181595,-1.3847878202086792,-0.3976346746797043,-0.37430872392656056,-0.6047959461432695,0.5585738516968488,-0.12852640282362698,0.435162,NO_PATTERN,0.0,0.0,0 long / 0 short; top=ERROR_CORRECTION_RESIDUAL,NORMAL,MIXED,0.0,520.4,0.0,1.1030339002609253,CAPACITY_BELOW_ONE_PACKAGE,14.174200057983398,2.049999952316284,208.2453815070264,654.2459238482667,87.81824481184788,209.09105907582827,-0.8912112474441918,HO cpg minus gasoil cpg; gasoil cpg = USD/MT / 7.45 / 0.42,2026-09-30,2026-09-24,21,DEMO ONLY - NOT VALIDATED,true,15,9,30,18,180,30,15,5,false,3
2026-09-01,2026-09-01T18:15:00.000+0000,Oct27/Nov27 Gasoil/Brent Crack Box,Oct/Nov Gasoil/Brent Crack Box,QSV7 Comdty | COV7 Comdty | QSX7 Comdty | COX7 Comdty,2027-10-01 | 2027-11-01,BOX.CRKCAL.QS_CO.M12_M13,Gasoil/Brent Crack Calendar Box M12-M13,Crack Curve,QS|CO,CRACK_USD_BBL,USD/bbl,NO TRADE,NOT_ACTIONABLE,false,,,3,3,REGIME_ENSEMBLE,false,USD/bbl,-0.20444448850866337,-0.3189137961769104,0.44134894125699997,-0.014379812404513359,-0.4142299462091543,0.0053409691918275826,-0.20444448850866337,-0.3189137961769104,0.44134894125699997,-0.014379812404513359,0.434837,NO_PATTERN,0.0,0.0,0 long / 0 short; top=ERROR_CORRECTION_RESIDUAL,NORMAL,MIXED,0.0,590.0,0.0,1.0215229988098145,INSUFFICIENT_EXECUTABLE_CAPACITY,0.49344608187675476,6.25,,608.7534167439361,81.71186801932028,194.55206671266734,,Crack USD/bbl; HO USD/gal x 42 and gasoil USD/MT / 7.45 before leg weighting,2027-08-31,2027-08-24,260,DEMO ONLY - NOT VALIDATED,true,15,9,30,18,180,30,15,5,false,3
2026-09-01,2026-09-01T18:15:00.000+0000,Jul27/Aug27 HO Calendar,Jul/Aug HO Calendar,HON7 Comdty | HOQ7 Comdty,2027-07-01 | 2027-08-01,CAL.HO.M10_M11,HO M10-M11 Calendar,Calendar,HO,HO_CPG,USD/bbl,NO TRADE,NOT_ACTIONABLE,false,,,3,3,REGIME_ENSEMBLE,false,cpg,0.9413851443849943,0.4849722819406362,1.4501945481676433,0.9612176389921278,0.6544023726662084,1.2283679161037802,0.3953817606416976,0.2036883584150672,0.6090817102304101,0.40371140837669367,0.434745,NO_PATTERN,0.0,0.0,0 long / 0 short; top=ERROR_CORRECTION_RESIDUAL,NORMAL,MIXED,0.0,26.8,0.0,0.8689846992492676,CAPACITY_BELOW_ONE_PACKAGE,4.1073760986328125,4.849999904632568,198.21845916849819,,,,,HO cpg = normalized USD/bbl / 0.42 = native USD/gal x 100,2027-06-30,2027-06-24,216,DEMO ONLY - NOT VALIDATED,true,15,9,30,18,180,30,15,5,false,3
2026-09-01,2026-09-01T18:15:00.000+0000,Jul27/Aug27 WTI Calendar,Jul/Aug WTI Calendar,CLN7 Comdty | CLQ7 Comdty,2027-07-01 | 2027-08-01,CAL.CL.M10_M11,CL M10-M11 Calendar,Calendar,CL,NORMALIZED_USD_BBL,USD/bbl,NO TRADE,NOT_ACTIONABLE,false,,,3,3,REGIME_ENSEMBLE,false,USD/bbl,0.5621845998890223,0.2637577108728886,0.7905043311727047,0.5382473468780518,0.41503118137787,0.7093380184001745,0.5621845998890223,0.2637577108728886,0.7905043311727047,0.5382473468780518,0.434657,NO_PATTERN,0.0,0.0,0 long / 0 short; top=ERROR_CORRECTION_RESIDUAL,NORMAL,MIXED,0.0,50.0,0.0,0.8044704794883728,CAPACITY_BELOW_ONE_PACKAGE,14.864120483398438,4.849999904632568,,,,,,Normalized USD/bbl package quote,2027-06-22,2027-06-15,210,DEMO ONLY - NOT VALIDATED,true,15,9,30,18,180,30,15,5,false,3
2026-09-01,2026-09-01T18:15:00.000+0000,May27/Jun27 Gasoil Calendar,May/Jun Gasoil Calendar,QSK7 Comdty | QSM7 Comdty,2027-05-01 | 2027-06-01,CAL.QS.M09_M10,QS M9-M10 Calendar,Calendar,QS,NORMALIZED_USD_BBL,USD/bbl,NO TRADE,NOT_ACTIONABLE,false,,,3,3,REGIME_ENSEMBLE,false,USD/bbl,0.4002949304050958,0.08286136103451253,0.6879243879240751,0.39185172319412226,0.2349797344870126,0.565610126323179,0.4002949304050958,0.08286136103451253,0.6879243879240751,0.39185172319412226,0.433563,NO_PATTERN,0.0,0.0,0 long / 0 short; top=ERROR_CORRECTION_RESIDUAL,NORMAL,MIXED,0.0,110.0,0.0,0.853308379650116,CAPACITY_BELOW_ONE_PACKAGE,5.822103023529053,4.5,,627.4163201110251,84.21695571960069,200.5165612371445,,Normalized USD/bbl package quote,2027-05-12,2027-05-06,181,DEMO ONLY - NOT VALIDATED,true,15,9,30,18,180,30,15,5,false,3
2026-09-01,2026-09-01T18:15:00.000+0000,Apr27 Brent/WTI,Apr Brent/WTI,COJ7 Comdty | CLJ7 Comdty,2027-04-01,RV.CO_CL.M06,Brent/WTI Relative Value M6,Relative Value,CO|CL,NORMALIZED_USD_BBL,USD/bbl,NO TRADE,NOT_ACTIONABLE,false,,,3,3,REGIME_ENSEMBLE,false,USD/bbl,3.5749421204276217,2.7787001233422757,4.078166713205576,3.4739942073822014,3.4385243366308345,3.711359904224409,3.5749421204276217,2.7787001233422757,4.078166713205576,3.4739942073822014,0.433391,NO_PATTERN,0.0,0.0,0 long / 0 short; top=STABILITY_REVERSION,NORMAL,MIXED,0.0,50.0,0.0,0.7094604969024658,CAPACITY_BELOW_ONE_PACKAGE,25.638769149780273,3.450000047683716,,,,,,Normalized USD/bbl package quote,2027-02-26,2027-02-22,128,DEMO ONLY - NOT VALIDATED,true,15,9,30,18,180,30,15,5,false,3
2026-09-01,2026-09-01T18:15:00.000+0000,Oct27/Nov27 Brent/WTI Box,Oct/Nov Brent/WTI Box,COV7 Comdty | CLV7 Comdty | COX7 Comdty | CLX7 Comdty,2027-10-01 | 2027-11-01,BOX.CURVE.CO_CL.M12_M13,Brent-WTI Curve Box M12-M13,Relative Box,CO|CL,NORMALIZED_USD_BBL,USD/bbl,NO TRADE,NOT_ACTIONABLE,false,,,3,3,REGIME_ENSEMBLE,false,USD/bbl,-0.0018868291620677269,-0.5648780597817897,0.22916896478056903,-0.1198141945991665,-0.21076746972841676,0.2069938114042813,-0.0018868291620677269,-0.5648780597817897,0.22916896478056903,-0.1198141945991665,0.432844,NO_PATTERN,0.0,0.0,0 long / 0 short; top=TREND_BREAKOUT,IMPACT_STRESS,MIXED,0.0,100.0,0.0,1.2129805088043213,CAPACITY_BELOW_ONE_PACKAGE,7.04519510269165,5.900000095367432,,,,,,Normalized USD/bbl package quote,2027-08-31,2027-08-24,260,DEMO ONLY - NOT VALIDATED,true,15,9,30,18,180,30,15,5,false,3
2026-09-01,2026-09-01T18:15:00.000+0000,Jul27/Aug27 Gasoil/Brent Crack Box,Jul/Aug Gasoil/Brent Crack Box,QSN7 Comdty | CON7 Comdty | QSQ7 Comdty | COQ7 Comdty,2027-07-01 | 2027-08-01,BOX.CRKCAL.QS_CO.M09_M10,Gasoil/Brent Crack Calendar Box M9-M10,Crack Curve,QS|CO,CRACK_USD_BBL,USD/bbl,NO TRADE,NOT_ACTIONABLE,false,,,3,3,REGIME_ENSEMBLE,false,USD/bbl,-0.2130302813556142,-0.5024799448730051,0.49326925681099293,-0.06255159801803528,-0.4226261404063649,-0.0034344223048634603,-0.2130302813556142,-0.5024799448730051,0.49326925681099293,-0.06255159801803528,0.432663,NO_PATTERN,0.0,0.0,0 long / 0 short; top=ERROR_CORRECTION_RESIDUAL,NORMAL,MIXED,0.0,590.0,0.0,1.2094782590866089,CAPACITY_BELOW_ONE_PACKAGE,1.2402905225753784,5.199999809265137,,620.1839351595681,83.24616579323062,198.2051566505491,,Crack USD/bbl; HO USD/gal x 42 and gasoil USD/MT / 7.45 before leg weighting,2027-05-31,2027-05-25,194,DEMO ONLY - NOT VALIDATED,true,15,9,30,18,180,30,15,5,false,3
2026-09-01,2026-09-01T18:15:00.000+0000,Feb27/Mar27 HO/WTI Crack Box,Feb/Mar HO/WTI Crack Box,HOG7 Comdty | CLG7 Comdty | HOH7 Comdty | CLH7 Comdty,2027-02-01 | 2027-03-01,BOX.CRKCAL.HO_CL.M05_M06,HO/WTI Crack Calendar Box M5-M6,Crack Curve,HO|CL,CRACK_USD_BBL,USD/bbl,NO TRADE,NOT_ACTIONABLE,false,,,3,3,REGIME_ENSEMBLE,false,USD/bbl,0.11308892242978175,-0.43111598234355447,0.41275344904243944,0.02706747781485319,-0.10215311698247831,0.3283309618420418,0.11308892242978175,-0.43111598234355447,0.41275344904243944,0.02706747781485319,0.431514,NO_PATTERN,0.0,0.0,0 long / 0 short; top=ERROR_CORRECTION_RESIDUAL,NORMAL,MIXED,0.0,76.8,0.0,1.2934138774871826,CAPACITY_BELOW_ONE_PACKAGE,24.393070220947266,3.0999999046325684,203.94107089726802,,,,,Crack USD/bbl; HO USD/gal x 42 and gasoil USD/MT / 7.45 before leg weighting,2027-01-20,2027-01-13,101,DEMO ONLY - NOT VALIDATED,true,15,9,30,18,180,30,15,5,false,3
2026-09-01,2026-09-01T18:15:00.000+0000,Dec26/Jan27 Gasoil Calendar,Dec26/Jan27 Gasoil Calendar,QSZ6 Comdty | QSF7 Comdty,2026-12-01 | 2027-01-01,CAL.QS.M04_M05,QS M4-M5 Calendar,Calendar,QS,NORMALIZED_USD_BBL,USD/bbl,NO TRADE,NOT_ACTIONABLE,false,,,3,3,REGIME_ENSEMBLE,false,USD/bbl,0.5433218115364724,0.28086294469177725,0.8183224028652907,0.5476127028465271,0.3996498817001992,0.6869937413727456,0.5433218115364724,0.28086294469177725,0.8183224028652907,0.5476127028465271,0.431309,NO_PATTERN,0.0,0.0,0 long / 0 short; top=ERROR_CORRECTION_RESIDUAL,NORMAL,MIXED,0.0,110.0,0.0,0.8364852070808411,CAPACITY_BELOW_ONE_PACKAGE,19.80013084411621,2.75,,644.8643985620192,86.55897967275426,206.092808744653,,Normalized USD/bbl package quote,2026-12-10,2026-12-04,72,DEMO ONLY - NOT VALIDATED,true,15,9,30,18,180,30,15,5,false,3
2026-09-01,2026-09-01T18:15:00.000+0000,Oct26/Nov26 HO Calendar,Oct/Nov HO Calendar,HOV6 Comdty | HOX6 Comdty,2026-10-01 | 2026-11-01,HO1_HO2,HO M1-M2 Calendar,Calendar,HO,HO_CPG,USD/bbl,NO TRADE,NOT_ACTIONABLE,false,,,3,3,REGIME_ENSEMBLE,false,cpg,0.8471688667295583,0.08310250224811701,2.0749888214681826,1.0095398979527608,0.5585447720190947,1.1357929614400217,0.35581092402641445,0.034903050944209146,0.8714953050166367,0.42400675714015956,0.43078,NO_PATTERN,0.0,0.0,0 long / 0 short; top=ERROR_CORRECTION_RESIDUAL,VOLUME_DRYNESS,MIXED,0.0,26.8,0.0,0.6600712537765503,CAPACITY_BELOW_ONE_PACKAGE,42.52259826660156,1.7000000476837158,208.2453815070264,,,,,HO cpg = normalized USD/bbl / 0.42 = native USD/gal x 100,2026-09-30,2026-09-24,21,DEMO ONLY - NOT VALIDATED,true,15,9,30,18,180,30,15,5,false,3
2026-09-01,2026-09-01T18:15:00.000+0000,Oct26/Nov26/Dec26 Gasoil Fly,Oct/Nov/Dec Gasoil Fly,QSV6 Comdty | QSX6 Comdty | QSZ6 Comdty,2026-10-01 | 2026-11-01 | 2026-12-01,FLY.QS.M02_M03_M04,QS M2-M3-M4 Fly,Fly,QS,NORMALIZED_USD_BBL,USD/bbl,NO TRADE,NOT_ACTIONABLE,false,,,3,3,REGIME_ENSEMBLE,false,USD/bbl,0.200974156812336,-0.33323883086442946,0.43055500656366347,0.09327569156885146,-0.06631838370809362,0.4682666973327656,0.200974156812336,-0.33323883086442946,0.43055500656366347,0.09327569156885146,0.43062,NO_PATTERN,0.0,0.0,0 long / 0 short; top=ROBUST_MEAN_REVERSION,NORMAL,MIXED,0.0,220.0,0.0,1.1912630796432495,CAPACITY_BELOW_ONE_PACKAGE,28.34781265258789,2.4000000953674316,,654.2459238482667,87.81824481184788,209.09105907582827,,Normalized USD/bbl package quote,2026-10-12,2026-10-06,29,DEMO ONLY - NOT VALIDATED,true,15,9,30,18,180,30,15,5,false,3
2026-09-01,2026-09-01T18:15:00.000+0000,Sep27/Oct27 HOGO Box,Sep/Oct HOGO Box,HOU7 Comdty | QSU7 Comdty | HOV7 Comdty | QSV7 Comdty,2027-09-01 | 2027-10-01,BOX.CURVE.HO_QS.M12_M13,HO-Gasoil Curve Box M12-M13,Relative Box,HO|QS,HOGO_CPG,USD/bbl,NO TRADE,NOT_ACTIONABLE,false,,,3,3,REGIME_ENSEMBLE,false,cpg,-0.4926585155574785,-0.9275597059080997,0.8643802415182192,-0.17381536131281228,-1.0039765172762267,0.018659486161269678,-0.20691657653414097,-0.3895750764814019,0.3630397014376521,-0.07300245175138116,0.429782,NO_PATTERN,0.0,0.0,0 long / 0 short; top=TREND_BREAKOUT,NORMAL,MEAN_REVERTING,0.0,520.4,0.0,1.0846781730651855,INSUFFICIENT_EXECUTABLE_CAPACITY,0.7644556760787964,5.900000095367432,195.81080955696467,613.1322381379458,82.29962928026119,195.95149828633615,-0.4926585155574785,HO cpg minus gasoil cpg; gasoil cpg = USD/MT / 7.45 / 0.42,2027-08-31,2027-08-25,260,DEMO ONLY - NOT VALIDATED,true,15,9,30,18,180,30,15,5,false,3
2026-09-01,2026-09-01T18:15:00.000+0000,Jan28/Feb28 Brent Calendar,Jan/Feb Brent Calendar,COF8 Comdty | COG8 Comdty,2028-01-01 | 2028-02-01,CAL.CO.M15_M16,CO M15-M16 Calendar,Calendar,CO,NORMALIZED_USD_BBL,USD/bbl,NO TRADE,NOT_ACTIONABLE,false,,,3,3,REGIME_ENSEMBLE,false,USD/bbl,0.3916035545166565,0.002726452217102049,0.8207912875556946,0.4028619557619095,0.2407687482532097,0.5424383607801033,0.3916035545166565,0.002726452217102049,0.8207912875556946,0.4028619557619095,0.429473,NO_PATTERN,0.0,0.0,0 long / 0 short; top=ERROR_CORRECTION_RESIDUAL,IMPACT_STRESS,MIXED,0.0,50.0,0.0,0.7851215600967407,CAPACITY_BELOW_ONE_PACKAGE,1.8126258850097656,6.599999904632568,,,,,,Normalized USD/bbl package quote,2027-11-30,2027-11-24,325,DEMO ONLY - NOT VALIDATED,true,15,9,30,18,180,30,15,5,false,3
2026-09-01,2026-09-01T18:15:00.000+0000,Dec26/Jan27 Brent/WTI Box,Dec26/Jan27 Brent/WTI Box,COZ6 Comdty | CLZ6 Comdty | COF7 Comdty | CLF7 Comdty,2026-12-01 | 2027-01-01,BOX.CURVE.CO_CL.M02_M03,Brent-WTI Curve Box M2-M3,Relative Box,CO|CL,NORMALIZED_USD_BBL,USD/bbl,NO TRADE,NOT_ACTIONABLE,false,,,3,3,REGIME_ENSEMBLE,false,USD/bbl,0.3551476898969099,-0.5804230095648766,0.6284706825220585,0.11815649662166833,0.1483923833251879,0.561902996468632,0.3551476898969099,-0.5804230095648766,0.6284706825220585,0.11815649662166833,0.429227,NO_PATTERN,0.0,0.0,0 long / 0 short; top=ERROR_CORRECTION_RESIDUAL,NORMAL,MIXED,0.0,100.0,0.0,1.0488646030426025,CAPACITY_BELOW_ONE_PACKAGE,86.74261474609375,2.4000000953674316,,,,,,Normalized USD/bbl package quote,2026-10-30,2026-10-26,43,DEMO ONLY - NOT VALIDATED,true,15,9,30,18,180,30,15,5,false,3
2026-09-01,2026-09-01T18:15:00.000+0000,Jan27/Feb27 WTI Calendar,Jan/Feb WTI Calendar,CLF7 Comdty | CLG7 Comdty,2027-01-01 | 2027-02-01,CAL.CL.M04_M05,CL M4-M5 Calendar,Calendar,CL,NORMALIZED_USD_BBL,USD/bbl,NO TRADE,NOT_ACTIONABLE,false,,,3,3,REGIME_ENSEMBLE,false,USD/bbl,0.3838240124695318,0.22428388937145471,0.6084501589950919,0.403019243478775,0.23732451279092004,0.5303235121481435,0.3838240124695318,0.22428388937145471,0.6084501589950919,0.403019243478775,0.429104,NO_PATTERN,0.0,0.0,0 long / 0 short; top=ERROR_CORRECTION_RESIDUAL,IMPACT_STRESS,MIXED,0.0,50.0,0.0,0.6828702688217163,CAPACITY_BELOW_ONE_PACKAGE,62.97309875488281,2.75,,,,,,Normalized USD/bbl package quote,2026-12-22,2026-12-16,80,DEMO ONLY - NOT VALIDATED,true,15,9,30,18,180,30,15,5,false,3
2026-09-01,2026-09-01T18:15:00.000+0000,Jan27/Feb27/Mar27 HO Fly,Jan/Feb/Mar HO Fly,HOF7 Comdty | HOG7 Comdty | HOH7 Comdty,2027-01-01 | 2027-02-01 | 2027-03-01,FLY.HO.M04_M05_M06,HO M4-M5-M6 Fly,Fly,HO,HO_CPG,USD/bbl,NO TRADE,NOT_ACTIONABLE,false,,,3,3,REGIME_ENSEMBLE,false,cpg,-0.5398487610955542,-1.401711902662402,0.8977351886190119,-0.3453981698978515,-1.1339189423461264,0.054221420155017984,-0.22673647966013277,-0.5887189991182089,0.37704877921998503,-0.14506723135709762,0.429082,NO_PATTERN,0.0,0.0,0 long / 0 short; top=ROBUST_MEAN_REVERSION,NORMAL,MIXED,0.0,53.6,0.0,1.2843979597091675,CAPACITY_BELOW_ONE_PACKAGE,17.706472396850586,3.0999999046325684,204.71279671667193,,,,,HO cpg = normalized USD/bbl / 0.42 = native USD/gal x 100,2026-12-31,2026-12-24,87,DEMO ONLY - NOT VALIDATED,true,15,9,30,18,180,30,15,5,false,3
2026-09-01,2026-09-01T18:15:00.000+0000,Oct26/Nov26 Gasoil/WTI Crack Box,Oct/Nov Gasoil/WTI Crack Box,QSV6 Comdty | CLV6 Comdty | QSX6 Comdty | CLX6 Comdty,2026-10-01 | 2026-11-01,QS_WTI_CRACK_CAL,QS/WTI Crack M1-M2 Calendar,Crack Curve,QS|CL,CRACK_USD_BBL,USD/bbl,NO TRADE,NOT_ACTIONABLE,false,,,3,3,REGIME_ENSEMBLE,false,USD/bbl,0.20273429765732942,-0.29090714910686016,0.4853338197773695,0.12615202143788337,-0.011827485119979997,0.41729608043463884,0.20273429765732942,-0.29090714910686016,0.4853338197773695,0.12615202143788337,0.428805,NO_PATTERN,0.0,0.0,0 long / 0 short; top=ERROR_CORRECTION_RESIDUAL,NORMAL,MIXED,0.0,590.0,0.0,1.262577772140503,CAPACITY_BELOW_ONE_PACKAGE,14.58018684387207,2.049999952316284,,654.2459238482667,87.81824481184788,209.09105907582827,,Crack USD/bbl; HO USD/gal x 42 and gasoil USD/MT / 7.45 before leg weighting,2026-09-22,2026-09-16,15,DEMO ONLY - NOT VALIDATED,true,15,9,30,18,180,30,15,5,false,3
2026-09-01,2026-09-01T18:15:00.000+0000,Jan27/Feb27 Gasoil Calendar,Jan/Feb Gasoil Calendar,QSF7 Comdty | QSG7 Comdty,2027-01-01 | 2027-02-01,CAL.QS.M05_M06,QS M5-M6 Calendar,Calendar,QS,NORMALIZED_USD_BBL,USD/bbl,NO TRADE,NOT_ACTIONABLE,false,,,3,3,REGIME_ENSEMBLE,false,USD/bbl,0.5654752090543127,0.24221319280713793,0.817632850779593,0.5406700611114501,0.40395353212650775,0.7269968859821176,0.5654752090543127,0.24221319280713793,0.817632850779593,0.5406700611114501,0.428719,NO_PATTERN,0.0,0.0,0 long / 0 short; top=ROBUST_MEAN_REVERSION,IMPACT_STRESS,MEAN_REVERTING,0.0,110.0,0.0,0.7131270170211792,CAPACITY_BELOW_ONE_PACKAGE,14.386154174804688,3.0999999046325684,,640.8166510660725,86.01565786121779,204.7991853838519,,Normalized USD/bbl package quote,2027-01-12,2027-01-06,95,DEMO ONLY - NOT VALIDATED,true,15,9,30,18,180,30,15,5,false,3
2026-09-01,2026-09-01T18:15:00.000+0000,Jan27/Feb27/Mar27 Brent Fly,Jan/Feb/Mar Brent Fly,COF7 Comdty | COG7 Comdty | COH7 Comdty,2027-01-01 | 2027-02-01 | 2027-03-01,FLY.CO.M03_M04_M05,CO M3-M4-M5 Fly,Fly,CO,NORMALIZED_USD_BBL,USD/bbl,NO TRADE,NOT_ACTIONABLE,false,,,3,3,REGIME_ENSEMBLE,false,USD/bbl,-0.25594521099419865,-1.5577500571113825,1.5878840607208013,-0.06107999291270971,-0.5418912486145047,0.03000082662610737,-0.25594521099419865,-1.5577500571113825,1.5878840607208013,-0.06107999291270971,0.428251,NO_PATTERN,0.0,0.0,0 long / 0 short; top=ROBUST_MEAN_REVERSION,NORMAL,MIXED,0.0,100.0,0.0,1.3329941034317017,CAPACITY_BELOW_ONE_PACKAGE,47.678741455078125,2.75,,,,,,Normalized USD/bbl package quote,2026-11-30,2026-11-24,64,DEMO ONLY - NOT VALIDATED,true,15,9,30,18,180,30,15,5,false,3
2026-09-01,2026-09-01T18:15:00.000+0000,May27/Jun27/Jul27 HO Fly,May/Jun/Jul HO Fly,HOK7 Comdty | HOM7 Comdty | HON7 Comdty,2027-05-01 | 2027-06-01 | 2027-07-01,FLY.HO.M08_M09_M10,HO M8-M9-M10 Fly,Fly,HO,HO_CPG,USD/bbl,NO TRADE,NOT_ACTIONABLE,false,,,3,3,REGIME_ENSEMBLE,false,cpg,0.9200675039841212,-1.0252812280456225,1.2684430951078731,0.3595342291962532,0.40189731859698663,1.4382376893712556,0.3864283516733309,-0.4306181157791614,0.5327460999453068,0.15100437626242635,0.427303,NO_PATTERN,0.0,0.0,0 long / 0 short; top=ERROR_CORRECTION_RESIDUAL,NORMAL,MEAN_REVERTING,0.0,53.6,0.0,0.898053765296936,CAPACITY_BELOW_ONE_PACKAGE,4.1073760986328125,4.5,200.17331793767613,,,,,HO cpg = normalized USD/bbl / 0.42 = native USD/gal x 100,2027-04-30,2027-04-26,173,DEMO ONLY - NOT VALIDATED,true,15,9,30,18,180,30,15,5,false,3
2026-09-01,2026-09-01T18:15:00.000+0000,Oct27/Nov27/Dec27 Brent Fly,Oct/Nov/Dec Brent Fly,COV7 Comdty | COX7 Comdty | COZ7 Comdty,2027-10-01 | 2027-11-01 | 2027-12-01,FLY.CO.M12_M13_M14,CO M12-M13-M14 Fly,Fly,CO,NORMALIZED_USD_BBL,USD/bbl,NO TRADE,NOT_ACTIONABLE,false,,,3,3,REGIME_ENSEMBLE,false,USD/bbl,0.09548917237398769,-0.5398382403844595,0.4250661292070151,-0.012390980124473566,-0.17492242332818364,0.365900768076159,0.09548917237398769,-0.5398382403844595,0.4250661292070151,-0.012390980124473566,0.426976,NO_PATTERN,0.0,0.0,0 long / 0 short; top=ROBUST_MEAN_REVERSION,NORMAL,MIXED,0.0,100.0,0.0,1.1961032152175903,CAPACITY_BELOW_ONE_PACKAGE,3.577664375305176,5.900000095367432,,,,,,Normalized USD/bbl package quote,2027-08-31,2027-08-24,260,DEMO ONLY - NOT VALIDATED,true,15,9,30,18,180,30,15,5,false,3
2026-09-01,2026-09-01T18:15:00.000+0000,Mar27/Apr27/May27 Gasoil Fly,Mar/Apr/May Gasoil Fly,QSH7 Comdty | QSJ7 Comdty | QSK7 Comdty,2027-03-01 | 2027-04-01 | 2027-05-01,FLY.QS.M07_M08_M09,QS M7-M8-M9 Fly,Fly,QS,NORMALIZED_USD_BBL,USD/bbl,NO TRADE,NOT_ACTIONABLE,false,,,3,3,REGIME_ENSEMBLE,false,USD/bbl,-0.2667403375240269,-0.4816464199429751,0.5807299255138636,-0.04024350307881832,-0.5346174878509942,0.0011368128029403124,-0.2667403375240269,-0.4816464199429751,0.5807299255138636,-0.04024350307881832,0.426651,NO_PATTERN,0.0,0.0,0 long / 0 short; top=ERROR_CORRECTION_RESIDUAL,NORMAL,MEAN_REVERTING,0.0,220.0,0.0,0.967842698097229,CAPACITY_BELOW_ONE_PACKAGE,5.944684982299805,4.150000095367432,,634.2355249005069,85.13228522154455,202.69591719415368,,Normalized USD/bbl package quote,2027-03-10,2027-03-04,136,DEMO ONLY - NOT VALIDATED,true,15,9,30,18,180,30,15,5,false,3
2026-09-01,2026-09-01T18:15:00.000+0000,Nov26/Dec26/Jan27 Brent Fly,Nov26/Dec26/Jan27 Brent Fly,COX6 Comdty | COZ6 Comdty | COF7 Comdty,2026-11-01 | 2026-12-01 | 2027-01-01,CO_FLY_123,Brent M1-M2-M3 Fly,Fly,CO,NORMALIZED_USD_BBL,USD/bbl,NO TRADE,NOT_ACTIONABLE,false,,,3,3,REGIME_ENSEMBLE,false,USD/bbl,-0.6915067253561347,-0.8625201618510484,0.8134912623304128,-0.22313699442893267,-0.9530768474490969,-0.4299366032631724,-0.6915067253561347,-0.8625201618510484,0.8134912623304128,-0.22313699442893267,0.425023,NO_PATTERN,0.0,0.0,0 long / 0 short; top=ROBUST_MEAN_REVERSION,NORMAL,MIXED,0.0,100.0,0.0,0.7803057432174683,CAPACITY_BELOW_ONE_PACKAGE,43.371307373046875,2.049999952316284,,,,,,Normalized USD/bbl package quote,2026-09-30,2026-09-24,21,DEMO ONLY - NOT VALIDATED,true,15,9,30,18,180,30,15,5,false,3
2026-09-01,2026-09-01T18:15:00.000+0000,Aug27 HO/WTI/Gasoil/Brent Box,Aug HO/WTI/Gasoil/Brent Box,HOQ7 Comdty | CLQ7 Comdty | QSQ7 Comdty | COQ7 Comdty,2027-08-01,BOX.CRACK.TRANSATL.M10,US-Europe Crack Relative Box M10,Relative Box,HO|CL|QS|CO,NORMALIZED_USD_BBL,USD/bbl,NO TRADE,NOT_ACTIONABLE,false,,,3,3,REGIME_ENSEMBLE,false,USD/bbl,3.427748886418996,3.888496036839485,8.370684985804559,5.313308191299438,3.167739195299802,3.6877585775381903,3.427748886418996,3.888496036839485,8.370684985804559,5.313308191299438,0.424802,NO_PATTERN,0.0,0.0,0 long / 0 short; top=TREND_BREAKOUT,NORMAL,MIXED,0.0,410.2,0.0,1.1155624389648438,CAPACITY_BELOW_ONE_PACKAGE,1.2402905225753784,5.199999809265137,197.27707402411318,618.2097992234408,82.98118110381755,197.5742407233751,,Normalized USD/bbl package quote,2027-06-30,2027-06-24,216,DEMO ONLY - NOT VALIDATED,true,15,9,30,18,180,30,15,5,false,3
2026-09-01,2026-09-01T18:15:00.000+0000,Mar27/Apr27 HO/WTI Crack Box,Mar/Apr HO/WTI Crack Box,HOH7 Comdty | CLH7 Comdty | HOJ7 Comdty | CLJ7 Comdty,2027-03-01 | 2027-04-01,BOX.CRKCAL.HO_CL.M06_M07,HO/WTI Crack Calendar Box M6-M7,Crack Curve,HO|CL,CRACK_USD_BBL,USD/bbl,NO TRADE,NOT_ACTIONABLE,false,,,3,3,REGIME_ENSEMBLE,false,USD/bbl,-0.2343903135606098,-0.3122518168050051,0.2221079276162386,-0.10516327023506164,-0.4059743721135902,-0.06280625500762937,-0.2343903135606098,-0.3122518168050051,0.2221079276162386,-0.10516327023506164,0.424548,NO_PATTERN,0.0,0.0,0 long / 0 short; top=ERROR_CORRECTION_RESIDUAL,IMPACT_STRESS,MIXED,0.0,76.8,0.0,0.8422688841819763,CAPACITY_BELOW_ONE_PACKAGE,11.143938064575195,3.450000047683716,202.62949631676855,,,,,Crack USD/bbl; HO USD/gal x 42 and gasoil USD/MT / 7.45 before leg weighting,2027-02-22,2027-02-16,124,DEMO ONLY - NOT VALIDATED,true,15,9,30,18,180,30,15,5,false,3
2026-09-01,2026-09-01T18:15:00.000+0000,Jun27/Jul27/Aug27 WTI Fly,Jun/Jul/Aug WTI Fly,CLM7 Comdty | CLN7 Comdty | CLQ7 Comdty,2027-06-01 | 2027-07-01 | 2027-08-01,FLY.CL.M09_M10_M11,CL M9-M10-M11 Fly,Fly,CL,NORMALIZED_USD_BBL,USD/bbl,NO TRADE,NOT_ACTIONABLE,false,,,3,3,REGIME_ENSEMBLE,false,USD/bbl,-0.0730011031760398,-0.37705633680403233,0.2975150708395243,-0.05111639052629471,-0.34549562044279014,0.19949341409071053,-0.0730011031760398,-0.37705633680403233,0.2975150708395243,-0.05111639052629471,0.424328,NO_PATTERN,0.0,0.0,0 long / 0 short; top=ROBUST_MEAN_REVERSION,NORMAL,MEAN_REVERTING,0.0,100.0,0.0,1.3266440629959106,CAPACITY_BELOW_ONE_PACKAGE,14.864120483398438,4.849999904632568,,,,,,Normalized USD/bbl package quote,2027-05-20,2027-05-14,187,DEMO ONLY - NOT VALIDATED,true,15,9,30,18,180,30,15,5,false,3
2026-09-01,2026-09-01T18:15:00.000+0000,Sep27/Oct27 Gasoil/Brent Crack Box,Sep/Oct Gasoil/Brent Crack Box,QSU7 Comdty | COU7 Comdty | QSV7 Comdty | COV7 Comdty,2027-09-01 | 2027-10-01,BOX.CRKCAL.QS_CO.M11_M12,Gasoil/Brent Crack Calendar Box M11-M12,Crack Curve,QS|CO,CRACK_USD_BBL,USD/bbl,NO TRADE,NOT_ACTIONABLE,false,,,3,3,REGIME_ENSEMBLE,false,USD/bbl,0.19925222758696748,-0.5691380252197386,0.5458979823693634,0.05445694169029593,-0.02491743277265357,0.4234218879465885,0.19925222758696748,-0.5691380252197386,0.5458979823693634,0.05445694169029593,0.423236,NO_PATTERN,0.0,0.0,0 long / 0 short; top=ERROR_CORRECTION_RESIDUAL,NORMAL,MIXED,0.0,590.0,0.0,1.0846781730651855,INSUFFICIENT_EXECUTABLE_CAPACITY,0.7644556760787964,5.900000095367432,,613.1322381379458,82.29962928026119,195.95149828633615,,Crack USD/bbl; HO USD/gal x 42 and gasoil USD/MT / 7.45 before leg weighting,2027-07-30,2027-07-26,238,DEMO ONLY - NOT VALIDATED,true,15,9,30,18,180,30,15,5,false,3
2026-09-01,2026-09-01T18:15:00.000+0000,Oct27/Nov27/Dec27 WTI Fly,Oct/Nov/Dec WTI Fly,CLV7 Comdty | CLX7 Comdty | CLZ7 Comdty,2027-10-01 | 2027-11-01 | 2027-12-01,FLY.CL.M13_M14_M15,CL M13-M14-M15 Fly,Fly,CL,NORMALIZED_USD_BBL,USD/bbl,NO TRADE,NOT_ACTIONABLE,false,,,3,3,REGIME_ENSEMBLE,false,USD/bbl,0.3595553856526408,-0.3744121827721596,0.6349409558415413,0.196373288333416,0.058106589708188494,0.6610041815970931,0.3595553856526408,-0.3744121827721596,0.6349409558415413,0.196373288333416,0.4232,NO_PATTERN,0.0,0.0,0 long / 0 short; top=ERROR_CORRECTION_RESIDUAL,NORMAL,MEAN_REVERTING,0.0,100.0,0.0,1.0231950283050537,CAPACITY_BELOW_ONE_PACKAGE,4.181236267089844,6.25,,,,,,Normalized USD/bbl package quote,2027-09-21,2027-09-15,275,DEMO ONLY - NOT VALIDATED,true,15,9,30,18,180,30,15,5,false,3
2026-09-01,2026-09-01T18:15:00.000+0000,Mar27/Apr27 Brent Calendar,Mar/Apr Brent Calendar,COH7 Comdty | COJ7 Comdty,2027-03-01 | 2027-04-01,CAL.CO.M05_M06,CO M5-M6 Calendar,Calendar,CO,NORMALIZED_USD_BBL,USD/bbl,NO TRADE,NOT_ACTIONABLE,false,,,3,3,REGIME_ENSEMBLE,false,USD/bbl,0.4804085893689063,-0.0532864690220356,0.9969845772182941,0.47470532953739164,0.34514207859918145,0.6156751001386311,0.4804085893689063,-0.0532864690220356,0.9969845772182941,0.47470532953739164,0.421834,NO_PATTERN,0.0,0.0,0 long / 0 short; top=ROBUST_MEAN_REVERSION,NORMAL,MIXED,0.0,50.0,0.0,0.6841905117034912,CAPACITY_BELOW_ONE_PACKAGE,25.638769149780273,3.0999999046325684,,,,,,Normalized USD/bbl package quote,2027-01-29,2027-01-25,108,DEMO ONLY - NOT VALIDATED,true,15,9,30,18,180,30,15,5,false,3
2026-09-01,2026-09-01T18:15:00.000+0000,Aug27/Sep27 HO/WTI Crack Box,Aug/Sep HO/WTI Crack Box,HOQ7 Comdty | CLQ7 Comdty | HOU7 Comdty | CLU7 Comdty,2027-08-01 | 2027-09-01,BOX.CRKCAL.HO_CL.M11_M12,HO/WTI Crack Calendar Box M11-M12,Crack Curve,HO|CL,CRACK_USD_BBL,USD/bbl,NO TRADE,NOT_ACTIONABLE,false,,,3,3,REGIME_ENSEMBLE,false,USD/bbl,0.2827081031949703,-0.30139196228325366,0.5198259533578158,0.1639405034482479,0.07405688463165205,0.49135932175828856,0.2827081031949703,-0.30139196228325366,0.5198259533578158,0.1639405034482479,0.421732,NO_PATTERN,0.0,0.0,0 long / 0 short; top=ERROR_CORRECTION_RESIDUAL,NORMAL,MIXED,0.0,76.8,0.0,1.0241800546646118,CAPACITY_BELOW_ONE_PACKAGE,3.9413232803344727,5.199999809265137,197.27707402411318,,,,,Crack USD/bbl; HO USD/gal x 42 and gasoil USD/MT / 7.45 before leg weighting,2027-07-20,2027-07-14,230,DEMO ONLY - NOT VALIDATED,true,15,9,30,18,180,30,15,5,false,3
2026-09-01,2026-09-01T18:15:00.000+0000,Aug27/Sep27 Brent/WTI Box,Aug/Sep Brent/WTI Box,COQ7 Comdty | CLQ7 Comdty | COU7 Comdty | CLU7 Comdty,2027-08-01 | 2027-09-01,BOX.CURVE.CO_CL.M10_M11,Brent-WTI Curve Box M10-M11,Relative Box,CO|CL,NORMALIZED_USD_BBL,USD/bbl,NO TRADE,NOT_ACTIONABLE,false,,,3,3,REGIME_ENSEMBLE,false,USD/bbl,0.13443324184157035,-0.344363151165843,0.3628720846503973,0.04358291663229465,-0.044572079273685006,0.3134385629568257,0.13443324184157035,-0.344363151165843,0.3628720846503973,0.04358291663229465,0.421597,NO_PATTERN,0.0,0.0,0 long / 0 short; top=TREND_BREAKOUT,NORMAL,MIXED,0.0,100.0,0.0,1.0767583847045898,CAPACITY_BELOW_ONE_PACKAGE,11.365784645080566,5.199999809265137,,,,,,Normalized USD/bbl package quote,2027-06-30,2027-06-24,216,DEMO ONLY - NOT VALIDATED,true,15,9,30,18,180,30,15,5,false,3
2026-09-01,2026-09-01T18:15:00.000+0000,Feb27/Mar27/Apr27 WTI Fly,Feb/Mar/Apr WTI Fly,CLG7 Comdty | CLH7 Comdty | CLJ7 Comdty,2027-02-01 | 2027-03-01 | 2027-04-01,FLY.CL.M05_M06_M07,CL M5-M6-M7 Fly,Fly,CL,NORMALIZED_USD_BBL,USD/bbl,NO TRADE,NOT_ACTIONABLE,false,,,3,3,REGIME_ENSEMBLE,false,USD/bbl,-0.10353721108890568,-0.4133427541303634,0.5829514067220687,0.028676389157772063,-0.3392198624894718,0.13214544031166042,-0.10353721108890568,-0.4133427541303634,0.5829514067220687,0.028676389157772063,0.421419,NO_PATTERN,0.0,0.0,0 long / 0 short; top=ERROR_CORRECTION_RESIDUAL,IMPACT_STRESS,MEAN_REVERTING,0.0,100.0,0.0,1.0545152425765991,CAPACITY_BELOW_ONE_PACKAGE,35.60813522338867,3.450000047683716,,,,,,Normalized USD/bbl package quote,2027-01-20,2027-01-13,101,DEMO ONLY - NOT VALIDATED,true,15,9,30,18,180,30,15,5,false,3
2026-09-01,2026-09-01T18:15:00.000+0000,Jun27/Jul27 HOGO Box,Jun/Jul HOGO Box,HOM7 Comdty | QSM7 Comdty | HON7 Comdty | QSN7 Comdty,2027-06-01 | 2027-07-01,BOX.CURVE.HO_QS.M09_M10,HO-Gasoil Curve Box M9-M10,Relative Box,HO|QS,HOGO_CPG,USD/bbl,NO TRADE,NOT_ACTIONABLE,false,,,3,3,REGIME_ENSEMBLE,false,cpg,-0.8409257863673266,-1.6322051219400904,1.4080661482158159,-0.3173647696773211,-1.3312221523266303,-0.35062942040802286,-0.35318883027427717,-0.685526151214838,0.5913877822506427,-0.13329320326447486,0.420182,NO_PATTERN,0.0,0.0,0 long / 0 short; top=TREND_BREAKOUT,NORMAL,MIXED,0.0,520.4,0.0,0.9527876377105713,CAPACITY_BELOW_ONE_PACKAGE,1.3691253662109375,4.849999904632568,198.73585480109512,624.4341228795072,83.8166607891956,199.5634780695133,-0.8409257863673266,HO cpg minus gasoil cpg; gasoil cpg = USD/MT / 7.45 / 0.42,2027-05-31,2027-05-25,194,DEMO ONLY - NOT VALIDATED,true,15,9,30,18,180,30,15,5,false,3
2026-09-01,2026-09-01T18:15:00.000+0000,Nov26/Dec26 HO Calendar,Nov/Dec HO Calendar,HOX6 Comdty | HOZ6 Comdty,2026-11-01 | 2026-12-01,CAL.HO.M02_M03,HO M2-M3 Calendar,Calendar,HO,HO_CPG,USD/bbl,NO TRADE,NOT_ACTIONABLE,false,,,3,3,REGIME_ENSEMBLE,false,cpg,1.3056043908349242,0.7709674980924244,1.7957666001603716,1.2881502367201303,1.0423254417161283,1.5688833399537199,0.5483538441506681,0.32380634919881823,0.7542219720673561,0.5410230994224547,0.419734,NO_PATTERN,0.0,0.0,0 long / 0 short; top=ERROR_CORRECTION_RESIDUAL,VOLUME_DRYNESS,MIXED,0.0,26.8,0.0,0.6275185942649841,CAPACITY_BELOW_ONE_PACKAGE,33.53203201293945,2.049999952316284,207.3982126402968,,,,,HO cpg = normalized USD/bbl / 0.42 = native USD/gal x 100,2026-10-30,2026-10-26,43,DEMO ONLY - NOT VALIDATED,true,15,9,30,18,180,30,15,5,false,3
2026-09-01,2026-09-01T18:15:00.000+0000,Apr27/May27 Gasoil/Brent Crack Box,Apr/May Gasoil/Brent Crack Box,QSJ7 Comdty | COJ7 Comdty | QSK7 Comdty | COK7 Comdty,2027-04-01 | 2027-05-01,BOX.CRKCAL.QS_CO.M06_M07,Gasoil/Brent Crack Calendar Box M6-M7,Crack Curve,QS|CO,CRACK_USD_BBL,USD/bbl,NO TRADE,NOT_ACTIONABLE,false,,,3,3,REGIME_ENSEMBLE,false,USD/bbl,0.20298116256630294,-0.3865148508411646,0.3123627537351847,0.03803967759013176,-0.0173830206211818,0.4233453457537877,0.20298116256630294,-0.3865148508411646,0.3123627537351847,0.03803967759013176,0.41972,NO_PATTERN,0.0,0.0,0 long / 0 short; top=ERROR_CORRECTION_RESIDUAL,IMPACT_STRESS,MEAN_REVERTING,0.0,590.0,0.0,0.7790829539299011,CAPACITY_BELOW_ONE_PACKAGE,2.078563928604126,4.150000095367432,,631.819530263043,84.80799063933463,201.92378723651103,,Crack USD/bbl; HO USD/gal x 42 and gasoil USD/MT / 7.45 before leg weighting,2027-02-26,2027-02-22,128,DEMO ONLY - NOT VALIDATED,true,15,9,30,18,180,30,15,5,false,3
2026-09-01,2026-09-01T18:15:00.000+0000,Aug27/Sep27/Oct27 WTI Fly,Aug/Sep/Oct WTI Fly,CLQ7 Comdty | CLU7 Comdty | CLV7 Comdty,2027-08-01 | 2027-09-01 | 2027-10-01,FLY.CL.M11_M12_M13,CL M11-M12-M13 Fly,Fly,CL,NORMALIZED_USD_BBL,USD/bbl,NO TRADE,NOT_ACTIONABLE,false,,,3,3,REGIME_ENSEMBLE,false,USD/bbl,-0.3747610526388243,-0.7397612788066268,0.7308275800481439,-0.11529230521991848,-0.6229441019003943,-0.12657800337725433,-0.3747610526388243,-0.7397612788066268,0.7308275800481439,-0.11529230521991848,0.418822,NO_PATTERN,0.0,0.0,0 long / 0 short; top=ROBUST_MEAN_REVERSION,IMPACT_STRESS,MIXED,0.0,100.0,0.0,0.9108174443244934,CAPACITY_BELOW_ONE_PACKAGE,7.087331771850586,5.550000190734863,,,,,,Normalized USD/bbl package quote,2027-07-20,2027-07-14,230,DEMO ONLY - NOT VALIDATED,true,15,9,30,18,180,30,15,5,false,3
2026-09-01,2026-09-01T18:15:00.000+0000,Oct27/Nov27 HOGO Box,Oct/Nov HOGO Box,HOV7 Comdty | QSV7 Comdty | HOX7 Comdty | QSX7 Comdty,2027-10-01 | 2027-11-01,BOX.CURVE.HO_QS.M13_M14,HO-Gasoil Curve Box M13-M14,Relative Box,HO|QS,HOGO_CPG,USD/bbl,NO TRADE,NOT_ACTIONABLE,false,,,3,3,REGIME_ENSEMBLE,false,cpg,0.4037248565660028,-0.8239936535074598,1.0226832710788363,0.18852953311233292,-0.09723036321369298,0.9046800763456986,0.16956443975772117,-0.3460773344731331,0.4295269738531113,0.07918240390717983,0.418734,NO_PATTERN,0.0,0.0,0 long / 0 short; top=TREND_BREAKOUT,NORMAL,MEAN_REVERTING,0.0,520.4,0.0,1.0485183000564575,INSUFFICIENT_EXECUTABLE_CAPACITY,0.49344608187675476,6.25,194.90403649885332,608.7534167439361,81.71186801932028,194.55206671266734,0.4037248565660028,HO cpg minus gasoil cpg; gasoil cpg = USD/MT / 7.45 / 0.42,2027-09-30,2027-09-24,282,DEMO ONLY - NOT VALIDATED,true,15,9,30,18,180,30,15,5,false,3
2026-09-01,2026-09-01T18:15:00.000+0000,May27/Jun27 HO/WTI Crack Box,May/Jun HO/WTI Crack Box,HOK7 Comdty | CLK7 Comdty | HOM7 Comdty | CLM7 Comdty,2027-05-01 | 2027-06-01,BOX.CRKCAL.HO_CL.M08_M09,HO/WTI Crack Calendar Box M8-M9,Crack Curve,HO|CL,CRACK_USD_BBL,USD/bbl,NO TRADE,NOT_ACTIONABLE,false,,,3,3,REGIME_ENSEMBLE,false,USD/bbl,0.27056682863404546,-0.32655887235283854,0.5328616194832325,0.15513101294636727,0.04911562436392103,0.4920180329041699,0.27056682863404546,-0.32655887235283854,0.5328616194832325,0.15513101294636727,0.418689,NO_PATTERN,0.0,0.0,0 long / 0 short; top=ERROR_CORRECTION_RESIDUAL,IMPACT_STRESS,MEAN_REVERTING,0.0,76.8,0.0,0.9998008608818054,CAPACITY_BELOW_ONE_PACKAGE,8.36109733581543,4.150000095367432,200.17331793767613,,,,,Crack USD/bbl; HO USD/gal x 42 and gasoil USD/MT / 7.45 before leg weighting,2027-04-20,2027-04-14,165,DEMO ONLY - NOT VALIDATED,true,15,9,30,18,180,30,15,5,false,3
2026-09-01,2026-09-01T18:15:00.000+0000,Jan28/Feb28 Gasoil/Brent Crack Box,Jan/Feb Gasoil/Brent Crack Box,QSF8 Comdty | COF8 Comdty | QSG8 Comdty | COG8 Comdty,2028-01-01 | 2028-02-01,BOX.CRKCAL.QS_CO.M15_M16,Gasoil/Brent Crack Calendar Box M15-M16,Crack Curve,QS|CO,CRACK_USD_BBL,USD/bbl,NO TRADE,NOT_ACTIONABLE,false,,,3,3,REGIME_ENSEMBLE,false,USD/bbl,-0.1676696121620509,-0.35538717672169207,0.5790203170472383,0.026051332056522367,-0.3488662235366675,0.013526999212565727,-0.1676696121620509,-0.35538717672169207,0.5790203170472383,0.026051332056522367,0.418173,NO_PATTERN,0.0,0.0,0 long / 0 short; top=ERROR_CORRECTION_RESIDUAL,IMPACT_STRESS,MIXED,0.0,590.0,0.0,0.8243173360824585,INSUFFICIENT_EXECUTABLE_CAPACITY,0.16685763001441956,7.300000190734863,,599.4934985914032,80.46892598542324,191.5926809176744,,Crack USD/bbl; HO USD/gal x 42 and gasoil USD/MT / 7.45 before leg weighting,2027-11-30,2027-11-24,325,DEMO ONLY - NOT VALIDATED,true,15,9,30,18,180,30,15,5,false,3
2026-09-01,2026-09-01T18:15:00.000+0000,Dec27/Jan28 Gasoil/Brent Crack Box,Dec27/Jan28 Gasoil/Brent Crack Box,QSZ7 Comdty | COZ7 Comdty | QSF8 Comdty | COF8 Comdty,2027-12-01 | 2028-01-01,BOX.CRKCAL.QS_CO.M14_M15,Gasoil/Brent Crack Calendar Box M14-M15,Crack Curve,QS|CO,CRACK_USD_BBL,USD/bbl,NO TRADE,NOT_ACTIONABLE,false,,,3,3,REGIME_ENSEMBLE,false,USD/bbl,0.06273877341382672,-1.0887437700378895,0.7841337560760975,-0.0851592257618904,-0.12148884590632747,0.2469663927339809,0.06273877341382672,-1.0887437700378895,0.7841337560760975,-0.0851592257618904,0.41761,NO_PATTERN,0.0,0.0,0 long / 0 short; top=ERROR_CORRECTION_RESIDUAL,NORMAL,MIXED,0.0,590.0,0.0,1.109787106513977,INSUFFICIENT_EXECUTABLE_CAPACITY,0.30389562249183655,6.949999809265137,,603.7515971066175,81.04048283310303,192.9535305550072,,Crack USD/bbl; HO USD/gal x 42 and gasoil USD/MT / 7.45 before leg weighting,2027-10-29,2027-10-25,303,DEMO ONLY - NOT VALIDATED,true,15,9,30,18,180,30,15,5,false,3
2026-09-01,2026-09-01T18:15:00.000+0000,Nov27/Dec27/Jan28 Brent Fly,Nov27/Dec27/Jan28 Brent Fly,COX7 Comdty | COZ7 Comdty | COF8 Comdty,2027-11-01 | 2027-12-01 | 2028-01-01,FLY.CO.M13_M14_M15,CO M13-M14-M15 Fly,Fly,CO,NORMALIZED_USD_BBL,USD/bbl,NO TRADE,NOT_ACTIONABLE,false,,,3,3,REGIME_ENSEMBLE,false,USD/bbl,-0.0014432798265957558,-1.0186555983102321,0.9210545049583911,-0.032567695761099455,-0.23882278233165977,0.23593622267846825,-0.0014432798265957558,-1.0186555983102321,0.9210545049583911,-0.032567695761099455,0.41725,NO_PATTERN,0.0,0.0,0 long / 0 short; top=ERROR_CORRECTION_RESIDUAL,NORMAL,MIXED,0.0,100.0,0.0,1.248435616493225,CAPACITY_BELOW_ONE_PACKAGE,2.7208428382873535,6.25,,,,,,Normalized USD/bbl package quote,2027-09-30,2027-09-24,282,DEMO ONLY - NOT VALIDATED,true,15,9,30,18,180,30,15,5,false,3
2026-09-01,2026-09-01T18:15:00.000+0000,Apr27/May27/Jun27 Brent Fly,Apr/May/Jun Brent Fly,COJ7 Comdty | COK7 Comdty | COM7 Comdty,2027-04-01 | 2027-05-01 | 2027-06-01,FLY.CO.M06_M07_M08,CO M6-M7-M8 Fly,Fly,CO,NORMALIZED_USD_BBL,USD/bbl,NO TRADE,NOT_ACTIONABLE,false,,,3,3,REGIME_ENSEMBLE,false,USD/bbl,-0.2544752612642043,-0.561890307020545,0.5124958186858892,-0.09421243965625763,-0.4928259096971743,-0.01612461283123423,-0.2544752612642043,-0.561890307020545,0.5124958186858892,-0.09421243965625763,0.416452,NO_PATTERN,0.0,0.0,0 long / 0 short; top=ERROR_CORRECTION_RESIDUAL,IMPACT_STRESS,MEAN_REVERTING,0.0,100.0,0.0,0.9320062398910522,CAPACITY_BELOW_ONE_PACKAGE,13.411996841430664,3.799999952316284,,,,,,Normalized USD/bbl package quote,2027-02-26,2027-02-22,128,DEMO ONLY - NOT VALIDATED,true,15,9,30,18,180,30,15,5,false,3
2026-09-01,2026-09-01T18:15:00.000+0000,Jun27/Jul27 HO/WTI Crack Box,Jun/Jul HO/WTI Crack Box,HOM7 Comdty | CLM7 Comdty | HON7 Comdty | CLN7 Comdty,2027-06-01 | 2027-07-01,BOX.CRKCAL.HO_CL.M09_M10,HO/WTI Crack Calendar Box M9-M10,Crack Curve,HO|CL,CRACK_USD_BBL,USD/bbl,NO TRADE,NOT_ACTIONABLE,false,,,3,3,REGIME_ENSEMBLE,false,USD/bbl,-0.2718773310222815,-0.32886526216953993,0.29480714206784964,-0.09163515586405992,-0.5006346118786524,-0.043120050165910584,-0.2718773310222815,-0.32886526216953993,0.29480714206784964,-0.09163515586405992,0.416123,NO_PATTERN,0.0,0.0,0 long / 0 short; top=ERROR_CORRECTION_RESIDUAL,NORMAL,MEAN_REVERTING,0.0,76.8,0.0,0.6149113774299622,CAPACITY_BELOW_ONE_PACKAGE,4.1073760986328125,4.5,198.73585480109512,,,,,Crack USD/bbl; HO USD/gal x 42 and gasoil USD/MT / 7.45 before leg weighting,2027-05-20,2027-05-14,187,DEMO ONLY - NOT VALIDATED,true,15,9,30,18,180,30,15,5,false,3
2026-09-01,2026-09-01T18:15:00.000+0000,Nov27/Dec27/Jan28 HO Fly,Nov27/Dec27/Jan28 HO Fly,HOX7 Comdty | HOZ7 Comdty | HOF8 Comdty,2027-11-01 | 2027-12-01 | 2028-01-01,FLY.HO.M14_M15_M16,HO M14-M15-M16 Fly,Fly,HO,HO_CPG,USD/bbl,NO TRADE,NOT_ACTIONABLE,false,,,3,3,REGIME_ENSEMBLE,false,cpg,0.8145153500038643,-1.1050115390292234,1.1512781810292176,0.26069611177912777,0.2839954724877763,1.3450352275199524,0.342096447001623,-0.4641048463922739,0.4835368360322714,0.10949236694723367,0.415868,NO_PATTERN,0.0,0.0,0 long / 0 short; top=ERROR_CORRECTION_RESIDUAL,NORMAL,MIXED,0.0,53.6,0.0,0.7032768130302429,INSUFFICIENT_EXECUTABLE_CAPACITY,0.659593939781189,6.599999904632568,193.55169383679996,,,,,HO cpg = normalized USD/bbl / 0.42 = native USD/gal x 100,2027-10-29,2027-10-25,303,DEMO ONLY - NOT VALIDATED,true,15,9,30,18,180,30,15,5,false,3
2026-09-01,2026-09-01T18:15:00.000+0000,Oct26/Nov26/Dec26 WTI Fly,Oct/Nov/Dec WTI Fly,CLV6 Comdty | CLX6 Comdty | CLZ6 Comdty,2026-10-01 | 2026-11-01 | 2026-12-01,CL_FLY_123,WTI M1-M2-M3 Fly,Fly,CL,NORMALIZED_USD_BBL,USD/bbl,NO TRADE,NOT_ACTIONABLE,false,,,3,3,REGIME_ENSEMBLE,false,USD/bbl,0.09159153782822216,-0.7027073179638386,0.4342768167412281,-0.06946315318346023,-0.14478042266271984,0.32796349831916416,0.09159153782822216,-0.7027073179638386,0.4342768167412281,-0.06946315318346023,0.415431,NO_PATTERN,0.0,0.0,0 long / 0 short; top=ROBUST_MEAN_REVERSION,NORMAL,MIXED,0.0,100.0,0.0,0.9394283890724182,CAPACITY_BELOW_ONE_PACKAGE,98.06478881835938,2.049999952316284,,,,,,Normalized USD/bbl package quote,2026-09-22,2026-09-16,15,DEMO ONLY - NOT VALIDATED,true,15,9,30,18,180,30,15,5,false,3
2026-09-01,2026-09-01T18:15:00.000+0000,Sep27/Oct27/Nov27 WTI Fly,Sep/Oct/Nov WTI Fly,CLU7 Comdty | CLV7 Comdty | CLX7 Comdty,2027-09-01 | 2027-10-01 | 2027-11-01,FLY.CL.M12_M13_M14,CL M12-M13-M14 Fly,Fly,CL,NORMALIZED_USD_BBL,USD/bbl,NO TRADE,NOT_ACTIONABLE,false,,,3,3,REGIME_ENSEMBLE,false,USD/bbl,0.10313322967081717,-1.047203640961647,0.6099526095628738,-0.11714774742722511,-0.13044141033500978,0.3367078696766441,0.10313322967081717,-1.047203640961647,0.6099526095628738,-0.11714774742722511,0.415182,NO_PATTERN,0.0,0.0,0 long / 0 short; top=ROBUST_MEAN_REVERSION,NORMAL,MIXED,0.0,100.0,0.0,0.9423712491989136,CAPACITY_BELOW_ONE_PACKAGE,5.0273590087890625,5.900000095367432,,,,,,Normalized USD/bbl package quote,2027-08-20,2027-08-16,253,DEMO ONLY - NOT VALIDATED,true,15,9,30,18,180,30,15,5,false,3
2026-09-01,2026-09-01T18:15:00.000+0000,Feb27/Mar27/Apr27 HO Fly,Feb/Mar/Apr HO Fly,HOG7 Comdty | HOH7 Comdty | HOJ7 Comdty,2027-02-01 | 2027-03-01 | 2027-04-01,FLY.HO.M05_M06_M07,HO M5-M6-M7 Fly,Fly,HO,HO_CPG,USD/bbl,NO TRADE,NOT_ACTIONABLE,false,,,3,3,REGIME_ENSEMBLE,false,cpg,0.5808143450035378,-0.6202712072460425,1.2043813636572587,0.3762197157456761,0.012247501136235834,1.1493811888708396,0.24394202490148587,-0.2605139070433378,0.5058401727360486,0.15801228061318395,0.414529,NO_PATTERN,0.0,0.0,0 long / 0 short; top=ERROR_CORRECTION_RESIDUAL,NORMAL,MIXED,0.0,53.6,0.0,0.988944947719574,CAPACITY_BELOW_ONE_PACKAGE,11.143938064575195,3.450000047683716,203.94107089726802,,,,,HO cpg = normalized USD/bbl / 0.42 = native USD/gal x 100,2027-01-29,2027-01-25,108,DEMO ONLY - NOT VALIDATED,true,15,9,30,18,180,30,15,5,false,3
2026-09-01,2026-09-01T18:15:00.000+0000,Feb27/Mar27 Brent/WTI Box,Feb/Mar Brent/WTI Box,COG7 Comdty | CLG7 Comdty | COH7 Comdty | CLH7 Comdty,2027-02-01 | 2027-03-01,BOX.CURVE.CO_CL.M04_M05,Brent-WTI Curve Box M4-M5,Relative Box,CO|CL,NORMALIZED_USD_BBL,USD/bbl,NO TRADE,NOT_ACTIONABLE,false,,,3,3,REGIME_ENSEMBLE,false,USD/bbl,0.0743404939639305,-0.6526517818480729,0.49196965496838085,-0.03708112016320228,-0.15980413408401262,0.3084851220118736,0.0743404939639305,-0.6526517818480729,0.49196965496838085,-0.03708112016320228,0.414334,NO_PATTERN,0.0,0.0,0 long / 0 short; top=ERROR_CORRECTION_RESIDUAL,NORMAL,MIXED,0.0,100.0,0.0,1.0226776599884033,CAPACITY_BELOW_ONE_PACKAGE,57.3011360168457,3.0999999046325684,,,,,,Normalized USD/bbl package quote,2026-12-31,2026-12-24,87,DEMO ONLY - NOT VALIDATED,true,15,9,30,18,180,30,15,5,false,3
2026-09-01,2026-09-01T18:15:00.000+0000,May27/Jun27 Brent/WTI Box,May/Jun Brent/WTI Box,COK7 Comdty | CLK7 Comdty | COM7 Comdty | CLM7 Comdty,2027-05-01 | 2027-06-01,BOX.CURVE.CO_CL.M07_M08,Brent-WTI Curve Box M7-M8,Relative Box,CO|CL,NORMALIZED_USD_BBL,USD/bbl,NO TRADE,NOT_ACTIONABLE,false,,,3,3,REGIME_ENSEMBLE,false,USD/bbl,0.3093613297018578,-0.6510963549554348,0.7739074488818646,0.13209188207983968,0.08664525899024511,0.5320774004134705,0.3093613297018578,-0.6510963549554348,0.7739074488818646,0.13209188207983968,0.413313,NO_PATTERN,0.0,0.0,0 long / 0 short; top=FLOW_DIVERGENCE,NORMAL,MIXED,0.0,100.0,0.0,0.9434764385223389,CAPACITY_BELOW_ONE_PACKAGE,22.203983306884766,4.150000095367432,,,,,,Normalized USD/bbl package quote,2027-03-31,2027-03-23,151,DEMO ONLY - NOT VALIDATED,true,15,9,30,18,180,30,15,5,false,3
2026-09-01,2026-09-01T18:15:00.000+0000,Feb27/Mar27/Apr27 Gasoil Fly,Feb/Mar/Apr Gasoil Fly,QSG7 Comdty | QSH7 Comdty | QSJ7 Comdty,2027-02-01 | 2027-03-01 | 2027-04-01,FLY.QS.M06_M07_M08,QS M6-M7-M8 Fly,Fly,QS,NORMALIZED_USD_BBL,USD/bbl,NO TRADE,NOT_ACTIONABLE,false,,,3,3,REGIME_ENSEMBLE,false,USD/bbl,-0.006397151590988415,-0.562511667239666,0.3005900826334953,-0.09410788333043456,-0.2663298782126162,0.2535355750306394,-0.006397151590988415,-0.562511667239666,0.3005900826334953,-0.09410788333043456,0.412382,NO_PATTERN,0.0,0.0,0 long / 0 short; top=ERROR_CORRECTION_RESIDUAL,NORMAL,MIXED,0.0,220.0,0.0,0.9754489064216614,CAPACITY_BELOW_ONE_PACKAGE,7.181429862976074,3.799999952316284,,636.6038607586179,85.45018265216348,203.45281583848447,,Normalized USD/bbl package quote,2027-02-10,2027-02-04,116,DEMO ONLY - NOT VALIDATED,true,15,9,30,18,180,30,15,5,false,3
2026-09-01,2026-09-01T18:15:00.000+0000,Jun27/Jul27 Gasoil/Brent Crack Box,Jun/Jul Gasoil/Brent Crack Box,QSM7 Comdty | COM7 Comdty | QSN7 Comdty | CON7 Comdty,2027-06-01 | 2027-07-01,BOX.CRKCAL.QS_CO.M08_M09,Gasoil/Brent Crack Calendar Box M8-M9,Crack Curve,QS|CO,CRACK_USD_BBL,USD/bbl,NO TRADE,NOT_ACTIONABLE,false,,,3,3,REGIME_ENSEMBLE,false,USD/bbl,0.1958692677524141,-0.7305658598875999,0.7638461132979393,0.07221051305532455,-0.01494718266462769,0.40668571816945587,0.1958692677524141,-0.7305658598875999,0.7638461132979393,0.07221051305532455,0.412288,NO_PATTERN,0.0,0.0,0 long / 0 short; top=ERROR_CORRECTION_RESIDUAL,NORMAL,MIXED,0.0,590.0,0.0,1.0129145383834839,CAPACITY_BELOW_ONE_PACKAGE,1.4555257558822632,4.849999904632568,,624.4341228795072,83.8166607891956,199.5634780695133,,Crack USD/bbl; HO USD/gal x 42 and gasoil USD/MT / 7.45 before leg weighting,2027-04-30,2027-04-26,173,DEMO ONLY - NOT VALIDATED,true,15,9,30,18,180,30,15,5,false,3
2026-09-01,2026-09-01T18:15:00.000+0000,Jan27/Feb27 Brent/WTI Box,Jan/Feb Brent/WTI Box,COF7 Comdty | CLF7 Comdty | COG7 Comdty | CLG7 Comdty,2027-01-01 | 2027-02-01,BOX.CURVE.CO_CL.M03_M04,Brent-WTI Curve Box M3-M4,Relative Box,CO|CL,NORMALIZED_USD_BBL,USD/bbl,NO TRADE,NOT_ACTIONABLE,false,,,3,3,REGIME_ENSEMBLE,false,USD/bbl,-0.1276563281198122,-0.49763288567364217,0.5859423078089953,-0.0058771260082721745,-0.3216696517546751,0.0663569955150507,-0.1276563281198122,-0.49763288567364217,0.5859423078089953,-0.0058771260082721745,0.412188,NO_PATTERN,0.0,0.0,0 long / 0 short; top=ERROR_CORRECTION_RESIDUAL,NORMAL,MIXED,0.0,100.0,0.0,0.9494420289993286,CAPACITY_BELOW_ONE_PACKAGE,62.97309875488281,2.75,,,,,,Normalized USD/bbl package quote,2026-11-30,2026-11-24,64,DEMO ONLY - NOT VALIDATED,true,15,9,30,18,180,30,15,5,false,3
2026-09-01,2026-09-01T18:15:00.000+0000,May27/Jun27/Jul27/Aug27 Gasoil Condor,May/Jun/Jul/Aug Gasoil Condor,QSK7 Comdty | QSM7 Comdty | QSN7 Comdty | QSQ7 Comdty,2027-05-01 | 2027-06-01 | 2027-07-01 | 2027-08-01,CDR.QS.M09_M10_M11_M12,QS M9-M12 Condor,Condor,QS,NORMALIZED_USD_BBL,USD/bbl,NO TRADE,NOT_ACTIONABLE,false,,,3,3,REGIME_ENSEMBLE,false,USD/bbl,0.13531024099202682,-0.40351993105530737,0.27729615829110144,-0.00005761831998825351,-0.08715688719539116,0.3577773691794448,0.13531024099202682,-0.40351993105530737,0.27729615829110144,-0.00005761831998825351,0.412173,NO_PATTERN,0.0,0.0,0 long / 0 short; top=ERROR_CORRECTION_RESIDUAL,NORMAL,MIXED,0.0,220.0,0.0,1.4032275676727295,CAPACITY_BELOW_ONE_PACKAGE,4.961162090301514,5.199999809265137,,627.4163201110251,84.21695571960069,200.5165612371445,,Normalized USD/bbl package quote,2027-05-12,2027-05-06,181,DEMO ONLY - NOT VALIDATED,true,15,9,30,18,180,30,15,5,false,3
2026-09-01,2026-09-01T18:15:00.000+0000,Dec26/Jan27/Feb27 WTI Fly,Dec26/Jan27/Feb27 WTI Fly,CLZ6 Comdty | CLF7 Comdty | CLG7 Comdty,2026-12-01 | 2027-01-01 | 2027-02-01,FLY.CL.M03_M04_M05,CL M3-M4-M5 Fly,Fly,CL,NORMALIZED_USD_BBL,USD/bbl,NO TRADE,NOT_ACTIONABLE,false,,,3,3,REGIME_ENSEMBLE,false,USD/bbl,0.13127476193513132,-0.3930600479930639,0.444458366253972,0.062033992446959015,-0.1437340655127599,0.40628358938302256,0.13127476193513132,-0.3930600479930639,0.444458366253972,0.062033992446959015,0.412071,NO_PATTERN,0.0,0.0,0 long / 0 short; top=ROBUST_MEAN_REVERSION,IMPACT_STRESS,MEAN_REVERTING,0.0,100.0,0.0,0.9994915723800659,CAPACITY_BELOW_ONE_PACKAGE,61.136993408203125,2.75,,,,,,Normalized USD/bbl package quote,2026-11-20,2026-11-16,58,DEMO ONLY - NOT VALIDATED,true,15,9,30,18,180,30,15,5,false,3
2026-09-01,2026-09-01T18:15:00.000+0000,Oct27/Nov27/Dec27 HO Fly,Oct/Nov/Dec HO Fly,HOV7 Comdty | HOX7 Comdty | HOZ7 Comdty,2027-10-01 | 2027-11-01 | 2027-12-01,FLY.HO.M13_M14_M15,HO M13-M14-M15 Fly,Fly,HO,HO_CPG,USD/bbl,NO TRADE,NOT_ACTIONABLE,false,,,3,3,REGIME_ENSEMBLE,false,cpg,-0.00914610402810738,-1.0924041342366309,1.5404634603630927,0.1441123979609637,-0.5773307951989588,0.559038587142744,-0.0038413636918050997,-0.45880973637938494,0.646994653352499,0.06052720714360475,0.411958,NO_PATTERN,0.0,0.0,0 long / 0 short; top=ERROR_CORRECTION_RESIDUAL,NORMAL,MEAN_REVERTING,0.0,53.6,0.0,1.0576058626174927,CAPACITY_BELOW_ONE_PACKAGE,1.319187879562378,6.25,194.90403649885332,,,,,HO cpg = normalized USD/bbl / 0.42 = native USD/gal x 100,2027-09-30,2027-09-24,282,DEMO ONLY - NOT VALIDATED,true,15,9,30,18,180,30,15,5,false,3
2026-09-01,2026-09-01T18:15:00.000+0000,Sep27/Oct27/Nov27 HOGO Fly,Sep/Oct/Nov HOGO Fly,HOU7 Comdty | HOV7 Comdty | HOX7 Comdty | QSU7 Comdty | QSV7 Comdty | QSX7 Comdty,2027-09-01 | 2027-10-01 | 2027-11-01,FLY.HOGO.M12_M13_M14,HOGO Relative Fly M12-M14,HOGO Fly,HO|QS,HOGO_CPG,USD/bbl,NO TRADE,NOT_ACTIONABLE,false,,,3,3,REGIME_ENSEMBLE,false,cpg,-0.5444135859375046,-1.8847582060041874,13.64338314569564,3.947869500234013,-1.2964861011697268,0.20765892929471788,-0.2286537060937519,-0.7915984465217587,5.730220921192169,1.6581051900982855,0.411554,NO_PATTERN,0.0,0.0,0 long / 0 short; top=STABILITY_REVERSION,NORMAL,TRENDING,0.0,1040.8,0.0,1.1973427534103394,INSUFFICIENT_EXECUTABLE_CAPACITY,0.41486048698425293,6.25,195.81080955696467,613.1322381379458,82.29962928026119,195.95149828633615,-0.5444135859375046,HO cpg minus gasoil cpg; gasoil cpg = USD/MT / 7.45 / 0.42,2027-08-31,2027-08-25,260,DEMO ONLY - NOT VALIDATED,true,15,9,30,18,180,30,15,5,false,3
2026-09-01,2026-09-01T18:15:00.000+0000,May27/Jun27/Jul27 Brent Fly,May/Jun/Jul Brent Fly,COK7 Comdty | COM7 Comdty | CON7 Comdty,2027-05-01 | 2027-06-01 | 2027-07-01,FLY.CO.M07_M08_M09,CO M7-M8-M9 Fly,Fly,CO,NORMALIZED_USD_BBL,USD/bbl,NO TRADE,NOT_ACTIONABLE,false,,,3,3,REGIME_ENSEMBLE,false,USD/bbl,0.26790329021928017,-0.8642247733521462,0.8050645333576203,0.05911685861647129,-0.013894990556266862,0.5497015709948272,0.26790329021928017,-0.8642247733521462,0.8050645333576203,0.05911685861647129,0.411332,NO_PATTERN,0.0,0.0,0 long / 0 short; top=ERROR_CORRECTION_RESIDUAL,NORMAL,MIXED,0.0,100.0,0.0,0.9037315845489502,CAPACITY_BELOW_ONE_PACKAGE,11.101991653442383,4.150000095367432,,,,,,Normalized USD/bbl package quote,2027-03-31,2027-03-23,151,DEMO ONLY - NOT VALIDATED,true,15,9,30,18,180,30,15,5,false,3
2026-09-01,2026-09-01T18:15:00.000+0000,Oct27/Nov27 HO/WTI Crack Box,Oct/Nov HO/WTI Crack Box,HOV7 Comdty | CLV7 Comdty | HOX7 Comdty | CLX7 Comdty,2027-10-01 | 2027-11-01,BOX.CRKCAL.HO_CL.M13_M14,HO/WTI Crack Calendar Box M13-M14,Crack Curve,HO|CL,CRACK_USD_BBL,USD/bbl,NO TRADE,NOT_ACTIONABLE,false,,,3,3,REGIME_ENSEMBLE,false,USD/bbl,-0.03676687791300992,-0.4825986164808273,0.39526522785425183,-0.04141808897256851,-0.2458769963617442,0.17234324053572436,-0.03676687791300992,-0.4825986164808273,0.39526522785425183,-0.04141808897256851,0.411153,NO_PATTERN,0.0,0.0,0 long / 0 short; top=ERROR_CORRECTION_RESIDUAL,NORMAL,MIXED,0.0,76.8,0.0,1.1733007431030273,CAPACITY_BELOW_ONE_PACKAGE,2.4891629219055176,5.900000095367432,194.90403649885332,,,,,Crack USD/bbl; HO USD/gal x 42 and gasoil USD/MT / 7.45 before leg weighting,2027-09-21,2027-09-15,275,DEMO ONLY - NOT VALIDATED,true,15,9,30,18,180,30,15,5,false,3
2026-09-01,2026-09-01T18:15:00.000+0000,Nov27/Dec27 Gasoil/Brent Crack Box,Nov/Dec Gasoil/Brent Crack Box,QSX7 Comdty | COX7 Comdty | QSZ7 Comdty | COZ7 Comdty,2027-11-01 | 2027-12-01,BOX.CRKCAL.QS_CO.M13_M14,Gasoil/Brent Crack Calendar Box M13-M14,Crack Curve,QS|CO,CRACK_USD_BBL,USD/bbl,NO TRADE,NOT_ACTIONABLE,false,,,3,3,REGIME_ENSEMBLE,false,USD/bbl,-0.23440908652680292,-0.6335117759209871,0.6649258973103761,-0.058567558228969564,-0.44845111680167093,-0.020367056251934912,-0.23440908652680292,-0.6335117759209871,0.6649258973103761,-0.058567558228969564,0.41088,NO_PATTERN,0.0,0.0,0 long / 0 short; top=ERROR_CORRECTION_RESIDUAL,NORMAL,MIXED,0.0,590.0,0.0,0.8731223940849304,INSUFFICIENT_EXECUTABLE_CAPACITY,0.30956387519836426,6.599999904632568,,605.7851916305661,81.31344854101559,193.60344890717997,,Crack USD/bbl; HO USD/gal x 42 and gasoil USD/MT / 7.45 before leg weighting,2027-09-30,2027-09-24,282,DEMO ONLY - NOT VALIDATED,true,15,9,30,18,180,30,15,5,false,3
2026-09-01,2026-09-01T18:15:00.000+0000,Aug27/Sep27/Oct27 HOGO Fly,Aug/Sep/Oct HOGO Fly,HOQ7 Comdty | HOU7 Comdty | HOV7 Comdty | QSQ7 Comdty | QSU7 Comdty | QSV7 Comdty,2027-08-01 | 2027-09-01 | 2027-10-01,FLY.HOGO.M11_M12_M13,HOGO Relative Fly M11-M13,HOGO Fly,HO|QS,HOGO_CPG,USD/bbl,NO TRADE,NOT_ACTIONABLE,false,,,3,3,REGIME_ENSEMBLE,false,cpg,0.19549181629555182,1.3686852735167454,12.253742848504157,4.836290109725226,-0.4584686596686538,0.8494522922597574,0.08210656284413176,0.5748478148770331,5.146571996371746,2.031241846084595,0.410429,NO_PATTERN,0.0,0.0,0 long / 0 short; top=STABILITY_REVERSION,NORMAL,MIXED,0.0,1040.8,0.0,0.8680375814437866,INSUFFICIENT_EXECUTABLE_CAPACITY,0.3822278380393982,5.900000095367432,197.27707402411318,618.2097992234408,82.98118110381755,197.5742407233751,0.19549181629555182,HO cpg minus gasoil cpg; gasoil cpg = USD/MT / 7.45 / 0.42,2027-07-30,2027-07-26,238,DEMO ONLY - NOT VALIDATED,true,15,9,30,18,180,30,15,5,false,3
2026-09-01,2026-09-01T18:15:00.000+0000,Sep27/Oct27/Nov27 Brent Fly,Sep/Oct/Nov Brent Fly,COU7 Comdty | COV7 Comdty | COX7 Comdty,2027-09-01 | 2027-10-01 | 2027-11-01,FLY.CO.M11_M12_M13,CO M11-M12-M13 Fly,Fly,CO,NORMALIZED_USD_BBL,USD/bbl,NO TRADE,NOT_ACTIONABLE,false,,,3,3,REGIME_ENSEMBLE,false,USD/bbl,-0.21435493345941836,-0.7265682684707642,0.7675809281396866,-0.04829249009490014,-0.5122476231643134,0.08353775624547666,-0.21435493345941836,-0.7265682684707642,0.7675809281396866,-0.04829249009490014,0.408537,NO_PATTERN,0.0,0.0,0 long / 0 short; top=ROBUST_MEAN_REVERSION,IMPACT_STRESS,MIXED,0.0,100.0,0.0,0.8907765746116638,CAPACITY_BELOW_ONE_PACKAGE,3.522597551345825,5.550000190734863,,,,,,Normalized USD/bbl package quote,2027-07-30,2027-07-26,238,DEMO ONLY - NOT VALIDATED,true,15,9,30,18,180,30,15,5,false,3
2026-09-01,2026-09-01T18:15:00.000+0000,Aug27/Sep27 Gasoil/Brent Crack Box,Aug/Sep Gasoil/Brent Crack Box,QSQ7 Comdty | COQ7 Comdty | QSU7 Comdty | COU7 Comdty,2027-08-01 | 2027-09-01,BOX.CRKCAL.QS_CO.M10_M11,Gasoil/Brent Crack Calendar Box M10-M11,Crack Curve,QS|CO,CRACK_USD_BBL,USD/bbl,NO TRADE,NOT_ACTIONABLE,false,,,3,3,REGIME_ENSEMBLE,false,USD/bbl,0.21399560870737844,-0.6114024553352594,0.6631336841636896,0.08025910556316376,-0.01363292781501002,0.4416241452297669,0.21399560870737844,-0.6114024553352594,0.6631336841636896,0.08025910556316376,0.408125,NO_PATTERN,0.0,0.0,0 long / 0 short; top=ERROR_CORRECTION_RESIDUAL,IMPACT_STRESS,MIXED,0.0,590.0,0.0,0.8992384076118469,INSUFFICIENT_EXECUTABLE_CAPACITY,0.7644556760787964,5.550000190734863,,618.2097992234408,82.98118110381755,197.5742407233751,,Crack USD/bbl; HO USD/gal x 42 and gasoil USD/MT / 7.45 before leg weighting,2027-06-30,2027-06-24,216,DEMO ONLY - NOT VALIDATED,true,15,9,30,18,180,30,15,5,false,3
2026-09-01,2026-09-01T18:15:00.000+0000,Apr27/May27/Jun27 Gasoil Fly,Apr/May/Jun Gasoil Fly,QSJ7 Comdty | QSK7 Comdty | QSM7 Comdty,2027-04-01 | 2027-05-01 | 2027-06-01,FLY.QS.M08_M09_M10,QS M8-M9-M10 Fly,Fly,QS,NORMALIZED_USD_BBL,USD/bbl,NO TRADE,NOT_ACTIONABLE,false,,,3,3,REGIME_ENSEMBLE,false,USD/bbl,0.19073998932884706,-0.365714573431015,0.4955738271951675,0.10286776348948479,-0.10519845033837782,0.48667842899607194,0.19073998932884706,-0.365714573431015,0.4955738271951675,0.10286776348948479,0.407183,NO_PATTERN,0.0,0.0,0 long / 0 short; top=ERROR_CORRECTION_RESIDUAL,NORMAL,MEAN_REVERTING,0.0,220.0,0.0,0.8860034346580505,CAPACITY_BELOW_ONE_PACKAGE,4.157127857208252,4.5,,631.819530263043,84.80799063933463,201.92378723651103,,Normalized USD/bbl package quote,2027-04-12,2027-04-06,159,DEMO ONLY - NOT VALIDATED,true,15,9,30,18,180,30,15,5,false,3
2026-09-01,2026-09-01T18:15:00.000+0000,Jan28 HO/WTI/Gasoil/Brent Box,Jan HO/WTI/Gasoil/Brent Box,HOF8 Comdty | CLF8 Comdty | QSF8 Comdty | COF8 Comdty,2028-01-01,BOX.CRACK.TRANSATL.M15,US-Europe Crack Relative Box M15,Relative Box,HO|CL|QS|CO,NORMALIZED_USD_BBL,USD/bbl,NO TRADE,NOT_ACTIONABLE,false,,,3,3,REGIME_ENSEMBLE,false,USD/bbl,3.566952247915573,3.095895175051689,8.950662251400948,5.285517597198486,3.3068519949892234,3.8270525008419227,3.566952247915573,3.095895175051689,8.950662251400948,5.285517597198486,0.406863,NO_PATTERN,0.0,0.0,0 long / 0 short; top=TREND_BREAKOUT,NORMAL,MIXED,0.0,410.2,0.0,1.109787106513977,INSUFFICIENT_EXECUTABLE_CAPACITY,0.30389562249183655,6.949999809265137,191.64323165464089,599.4934985914032,80.46892598542324,191.5926809176744,,Normalized USD/bbl package quote,2027-11-30,2027-11-24,325,DEMO ONLY - NOT VALIDATED,true,15,9,30,18,180,30,15,5,false,3
2026-09-01,2026-09-01T18:15:00.000+0000,Jan27/Feb27 HO/WTI Crack Box,Jan/Feb HO/WTI Crack Box,HOF7 Comdty | CLF7 Comdty | HOG7 Comdty | CLG7 Comdty,2027-01-01 | 2027-02-01,BOX.CRKCAL.HO_CL.M04_M05,HO/WTI Crack Calendar Box M4-M5,Crack Curve,HO|CL,CRACK_USD_BBL,USD/bbl,NO TRADE,NOT_ACTIONABLE,false,,,3,3,REGIME_ENSEMBLE,false,USD/bbl,-0.05969916831989508,-0.3531655866616964,0.4123526822739839,0.004968045465648174,-0.26089723583598357,0.1414988991961934,-0.05969916831989508,-0.3531655866616964,0.4123526822739839,0.004968045465648174,0.406764,NO_PATTERN,0.0,0.0,0 long / 0 short; top=ERROR_CORRECTION_RESIDUAL,NORMAL,MIXED,0.0,76.8,0.0,0.9261100888252258,CAPACITY_BELOW_ONE_PACKAGE,23.809200286865234,2.75,204.71279671667193,,,,,Crack USD/bbl; HO USD/gal x 42 and gasoil USD/MT / 7.45 before leg weighting,2026-12-22,2026-12-16,80,DEMO ONLY - NOT VALIDATED,true,15,9,30,18,180,30,15,5,false,3
2026-09-01,2026-09-01T18:15:00.000+0000,Dec27 HO/WTI/Gasoil/Brent Box,Dec HO/WTI/Gasoil/Brent Box,HOZ7 Comdty | CLZ7 Comdty | QSZ7 Comdty | COZ7 Comdty,2027-12-01,BOX.CRACK.TRANSATL.M14,US-Europe Crack Relative Box M14,Relative Box,HO|CL|QS|CO,NORMALIZED_USD_BBL,USD/bbl,NO TRADE,NOT_ACTIONABLE,false,,,3,3,REGIME_ENSEMBLE,false,USD/bbl,3.156611392203949,3.552683321595192,8.931506665587426,5.31208643913269,2.9050745572189314,3.408148227188967,3.156611392203949,3.552683321595192,8.931506665587426,5.31208643913269,0.40673,NO_PATTERN,0.0,0.0,0 long / 0 short; top=TREND_BREAKOUT,NORMAL,TRENDING,0.0,410.2,0.0,0.8610187768936157,INSUFFICIENT_EXECUTABLE_CAPACITY,0.30956387519836426,6.599999904632568,192.1902050707185,603.7515971066175,81.04048283310303,192.9535305550072,,Normalized USD/bbl package quote,2027-10-29,2027-10-25,303,DEMO ONLY - NOT VALIDATED,true,15,9,30,18,180,30,15,5,false,3
2026-09-01,2026-09-01T18:15:00.000+0000,Oct27 HO/WTI/Gasoil/Brent Box,Oct HO/WTI/Gasoil/Brent Box,HOV7 Comdty | CLV7 Comdty | QSV7 Comdty | COV7 Comdty,2027-10-01,BOX.CRACK.TRANSATL.M12,US-Europe Crack Relative Box M12,Relative Box,HO|CL|QS|CO,NORMALIZED_USD_BBL,USD/bbl,NO TRADE,NOT_ACTIONABLE,false,,,3,3,REGIME_ENSEMBLE,false,USD/bbl,3.8853279607578415,3.286118263652325,8.371811156818866,5.240824294090271,3.659645869789948,4.111010051725735,3.8853279607578415,3.286118263652325,8.371811156818866,5.240824294090271,0.406447,NO_PATTERN,0.0,0.0,0 long / 0 short; top=TREND_BREAKOUT,NORMAL,MIXED,0.0,410.2,0.0,1.1626360416412354,INSUFFICIENT_EXECUTABLE_CAPACITY,0.8297209739685059,5.900000095367432,194.90403649885332,608.7534167439361,81.71186801932028,194.55206671266734,,Normalized USD/bbl package quote,2027-08-31,2027-08-24,260,DEMO ONLY - NOT VALIDATED,true,15,9,30,18,180,30,15,5,false,3
2026-09-01,2026-09-01T18:15:00.000+0000,Oct26/Nov26 HO/WTI Crack Box,Oct/Nov HO/WTI Crack Box,HOV6 Comdty | CLV6 Comdty | HOX6 Comdty | CLX6 Comdty,2026-10-01 | 2026-11-01,HO_WTI_CRACK_CAL,HO/WTI Crack M1-M2 Calendar,Crack Curve,HO|CL,CRACK_USD_BBL,USD/bbl,NO TRADE,NOT_ACTIONABLE,false,,,3,3,REGIME_ENSEMBLE,false,USD/bbl,-0.17157442626923114,-0.37561371323525905,0.4701707899278402,-0.02000924348831177,-0.39706375209063083,0.05391489955216855,-0.17157442626923114,-0.37561371323525905,0.4701707899278402,-0.02000924348831177,0.406147,NO_PATTERN,0.0,0.0,0 long / 0 short; top=ERROR_CORRECTION_RESIDUAL,NORMAL,MEAN_REVERTING,0.0,76.8,0.0,0.6884406208992004,CAPACITY_BELOW_ONE_PACKAGE,42.52259826660156,1.7000000476837158,208.2453815070264,,,,,Crack USD/bbl; HO USD/gal x 42 and gasoil USD/MT / 7.45 before leg weighting,2026-09-22,2026-09-16,15,DEMO ONLY - NOT VALIDATED,true,15,9,30,18,180,30,15,5,false,3
2026-09-01,2026-09-01T18:15:00.000+0000,Apr27/May27/Jun27 HO Fly,Apr/May/Jun HO Fly,HOJ7 Comdty | HOK7 Comdty | HOM7 Comdty,2027-04-01 | 2027-05-01 | 2027-06-01,FLY.HO.M07_M08_M09,HO M7-M8-M9 Fly,Fly,HO,HO_CPG,USD/bbl,NO TRADE,NOT_ACTIONABLE,false,,,3,3,REGIME_ENSEMBLE,false,cpg,0.2879550070155173,-1.060003747202101,0.8735499520528884,0.004477440601303469,-0.273620087843288,0.8495301018743227,0.12094110294651728,-0.4452015738248825,0.36689097986221314,0.001880525052547457,0.406077,NO_PATTERN,0.0,0.0,0 long / 0 short; top=ERROR_CORRECTION_RESIDUAL,NORMAL,MEAN_REVERTING,0.0,53.6,0.0,0.7858620285987854,CAPACITY_BELOW_ONE_PACKAGE,4.793788433074951,4.150000095367432,201.89873608127266,,,,,HO cpg = normalized USD/bbl / 0.42 = native USD/gal x 100,2027-03-31,2027-03-24,151,DEMO ONLY - NOT VALIDATED,true,15,9,30,18,180,30,15,5,false,3
2026-09-01,2026-09-01T18:15:00.000+0000,Mar27/Apr27/May27 WTI Fly,Mar/Apr/May WTI Fly,CLH7 Comdty | CLJ7 Comdty | CLK7 Comdty,2027-03-01 | 2027-04-01 | 2027-05-01,FLY.CL.M06_M07_M08,CL M6-M7-M8 Fly,Fly,CL,NORMALIZED_USD_BBL,USD/bbl,NO TRADE,NOT_ACTIONABLE,false,,,3,3,REGIME_ENSEMBLE,false,USD/bbl,0.06500514353876952,-0.45797103317797183,0.3489463967305422,-0.019448261335492132,-0.2212419161641037,0.35125220324164275,0.06500514353876952,-0.45797103317797183,0.3489463967305422,-0.019448261335492132,0.405931,NO_PATTERN,0.0,0.0,0 long / 0 short; top=ERROR_CORRECTION_RESIDUAL,IMPACT_STRESS,MIXED,0.0,100.0,0.0,0.8618614673614502,CAPACITY_BELOW_ONE_PACKAGE,22.806903839111328,3.799999952316284,,,,,,Normalized USD/bbl package quote,2027-02-22,2027-02-16,124,DEMO ONLY - NOT VALIDATED,true,15,9,30,18,180,30,15,5,false,3
2026-09-01,2026-09-01T18:15:00.000+0000,May27/Jun27/Jul27 WTI Fly,May/Jun/Jul WTI Fly,CLK7 Comdty | CLM7 Comdty | CLN7 Comdty,2027-05-01 | 2027-06-01 | 2027-07-01,FLY.CL.M08_M09_M10,CL M8-M9-M10 Fly,Fly,CL,NORMALIZED_USD_BBL,USD/bbl,NO TRADE,NOT_ACTIONABLE,false,,,3,3,REGIME_ENSEMBLE,false,USD/bbl,-0.15601580798299608,-0.36933391021549705,0.27954631524145607,-0.07986214198172092,-0.4289141467180997,0.11688253075210753,-0.15601580798299608,-0.36933391021549705,0.27954631524145607,-0.07986214198172092,0.405713,NO_PATTERN,0.0,0.0,0 long / 0 short; top=ERROR_CORRECTION_RESIDUAL,NORMAL,MEAN_REVERTING,0.0,100.0,0.0,0.8212149143218994,CAPACITY_BELOW_ONE_PACKAGE,13.679056167602539,4.5,,,,,,Normalized USD/bbl package quote,2027-04-20,2027-04-14,165,DEMO ONLY - NOT VALIDATED,true,15,9,30,18,180,30,15,5,false,3
2026-09-01,2026-09-01T18:15:00.000+0000,Jul27 HO/WTI/Gasoil/Brent Box,Jul HO/WTI/Gasoil/Brent Box,HON7 Comdty | CLN7 Comdty | QSN7 Comdty | CON7 Comdty,2027-07-01,BOX.CRACK.TRANSATL.M09,US-Europe Crack Relative Box M9,Relative Box,HO|CL|QS|CO,NORMALIZED_USD_BBL,USD/bbl,NO TRADE,NOT_ACTIONABLE,false,,,3,3,REGIME_ENSEMBLE,false,USD/bbl,3.4739763285272858,3.5580364468240737,8.391210913405418,5.2182024002075185,3.231592010264947,3.7163606467896244,3.4739763285272858,3.5580364468240737,8.391210913405418,5.2182024002075185,0.405639,NO_PATTERN,0.0,0.0,0 long / 0 short; top=TREND_BREAKOUT,NORMAL,TRENDING,0.0,410.2,0.0,0.9328225255012512,CAPACITY_BELOW_ONE_PACKAGE,1.3691253662109375,4.849999904632568,198.21845916849819,620.1839351595681,83.24616579323062,198.2051566505491,,Normalized USD/bbl package quote,2027-05-31,2027-05-25,194,DEMO ONLY - NOT VALIDATED,true,15,9,30,18,180,30,15,5,false,3
2026-09-01,2026-09-01T18:15:00.000+0000,Mar27/Apr27 Gasoil/Brent Crack Box,Mar/Apr Gasoil/Brent Crack Box,QSH7 Comdty | COH7 Comdty | QSJ7 Comdty | COJ7 Comdty,2027-03-01 | 2027-04-01,BOX.CRKCAL.QS_CO.M05_M06,Gasoil/Brent Crack Calendar Box M5-M6,Crack Curve,QS|CO,CRACK_USD_BBL,USD/bbl,NO TRADE,NOT_ACTIONABLE,false,,,3,3,REGIME_ENSEMBLE,false,USD/bbl,-0.15611400715899038,-0.7024409023416043,0.8521756974351407,0.006026151776313778,-0.37132132686566877,0.059093312547688015,-0.15611400715899038,-0.7024409023416043,0.8521756974351407,0.006026151776313778,0.405384,NO_PATTERN,0.0,0.0,0 long / 0 short; top=ERROR_CORRECTION_RESIDUAL,NORMAL,MIXED,0.0,590.0,0.0,0.8520081043243408,CAPACITY_BELOW_ONE_PACKAGE,2.9723424911499023,3.799999952316284,,634.2355249005069,85.13228522154455,202.69591719415368,,Crack USD/bbl; HO USD/gal x 42 and gasoil USD/MT / 7.45 before leg weighting,2027-01-29,2027-01-25,108,DEMO ONLY - NOT VALIDATED,true,15,9,30,18,180,30,15,5,false,3
2026-09-01,2026-09-01T18:15:00.000+0000,Nov26/Dec26 Gasoil/Brent Crack Box,Nov/Dec Gasoil/Brent Crack Box,QSX6 Comdty | COX6 Comdty | QSZ6 Comdty | COZ6 Comdty,2026-11-01 | 2026-12-01,QS_BRENT_CRACK_CAL,QS/Brent Crack M1-M2 Calendar,Crack Curve,QS|CO,CRACK_USD_BBL,USD/bbl,NO TRADE,NOT_ACTIONABLE,false,,,3,3,REGIME_ENSEMBLE,false,USD/bbl,0.35040575219520065,-0.6543031341171264,0.7222490913009643,0.12650882303714753,0.1490206192267749,0.5517908851636264,0.35040575219520065,-0.6543031341171264,0.7222490913009643,0.12650882303714753,0.404987,NO_PATTERN,0.0,0.0,0 long / 0 short; top=ERROR_CORRECTION_RESIDUAL,NORMAL,MIXED,0.0,590.0,0.0,0.7153178453445435,CAPACITY_BELOW_ONE_PACKAGE,7.086953163146973,2.4000000953674316,,648.806532471017,87.0881251638949,207.35267896165453,,Crack USD/bbl; HO USD/gal x 42 and gasoil USD/MT / 7.45 before leg weighting,2026-09-30,2026-09-24,21,DEMO ONLY - NOT VALIDATED,true,15,9,30,18,180,30,15,5,false,3
2026-09-01,2026-09-01T18:15:00.000+0000,Dec26/Jan27/Feb27 HO Fly,Dec26/Jan27/Feb27 HO Fly,HOZ6 Comdty | HOF7 Comdty | HOG7 Comdty,2026-12-01 | 2027-01-01 | 2027-02-01,FLY.HO.M03_M04_M05,HO M3-M4-M5 Fly,Fly,HO,HO_CPG,USD/bbl,NO TRADE,NOT_ACTIONABLE,false,,,3,3,REGIME_ENSEMBLE,false,cpg,0.6080857133860766,-1.0663548161749328,1.1139433375235115,0.19630523331995522,-0.003501093288721655,1.219672520060875,0.2553959996221522,-0.4478690227934718,0.4678562017598748,0.08244819799438119,0.404732,NO_PATTERN,0.0,0.0,0 long / 0 short; top=ROBUST_MEAN_REVERSION,VOLUME_DRYNESS,MIXED,0.0,53.6,0.0,0.6500880122184753,CAPACITY_BELOW_ONE_PACKAGE,11.904600143432617,2.75,206.0926082494619,,,,,HO cpg = normalized USD/bbl / 0.42 = native USD/gal x 100,2026-11-30,2026-11-23,64,DEMO ONLY - NOT VALIDATED,true,15,9,30,18,180,30,15,5,false,3
2026-09-01,2026-09-01T18:15:00.000+0000,Apr27/May27/Jun27 WTI Fly,Apr/May/Jun WTI Fly,CLJ7 Comdty | CLK7 Comdty | CLM7 Comdty,2027-04-01 | 2027-05-01 | 2027-06-01,FLY.CL.M07_M08_M09,CL M7-M8-M9 Fly,Fly,CL,NORMALIZED_USD_BBL,USD/bbl,NO TRADE,NOT_ACTIONABLE,false,,,3,3,REGIME_ENSEMBLE,false,USD/bbl,0.14313678020013754,-0.2879572342842817,0.5433405171841383,0.13132836818695068,-0.132482864471541,0.4187564248718161,0.14313678020013754,-0.2879572342842817,0.5433405171841383,0.13132836818695068,0.404426,NO_PATTERN,0.0,0.0,0 long / 0 short; top=ERROR_CORRECTION_RESIDUAL,IMPACT_STRESS,MIXED,0.0,100.0,0.0,1.0440373420715332,CAPACITY_BELOW_ONE_PACKAGE,20.639869689941406,4.150000095367432,,,,,,Normalized USD/bbl package quote,2027-03-22,2027-03-16,144,DEMO ONLY - NOT VALIDATED,true,15,9,30,18,180,30,15,5,false,3
2026-09-01,2026-09-01T18:15:00.000+0000,Mar27/Apr27/May27 HOGO Fly,Mar/Apr/May HOGO Fly,HOH7 Comdty | HOJ7 Comdty | HOK7 Comdty | QSH7 Comdty | QSJ7 Comdty | QSK7 Comdty,2027-03-01 | 2027-04-01 | 2027-05-01,FLY.HOGO.M06_M07_M08,HOGO Relative Fly M6-M8,HOGO Fly,HO|QS,HOGO_CPG,USD/bbl,NO TRADE,NOT_ACTIONABLE,false,,,3,3,REGIME_ENSEMBLE,false,cpg,-0.3846130216151285,0.12586765590735818,11.997213006411279,4.127487242221832,-1.1099418551894689,0.3407158119592119,-0.16153746907835398,0.05286441548109044,5.038829462692737,1.7335446417331695,0.404302,NO_PATTERN,0.0,0.0,0 long / 0 short; top=STABILITY_REVERSION,NORMAL,MIXED,0.0,1040.8,0.0,0.8695668578147888,CAPACITY_BELOW_ONE_PACKAGE,1.4861712455749512,4.150000095367432,202.62949631676855,634.2355249005069,85.13228522154455,202.69591719415368,-0.3846130216151285,HO cpg minus gasoil cpg; gasoil cpg = USD/MT / 7.45 / 0.42,2027-02-26,2027-02-22,128,DEMO ONLY - NOT VALIDATED,true,15,9,30,18,180,30,15,5,false,3
2026-09-01,2026-09-01T18:15:00.000+0000,Jun27/Jul27/Aug27 HO Fly,Jun/Jul/Aug HO Fly,HOM7 Comdty | HON7 Comdty | HOQ7 Comdty,2027-06-01 | 2027-07-01 | 2027-08-01,FLY.HO.M09_M10_M11,HO M9-M10-M11 Fly,Fly,HO,HO_CPG,USD/bbl,NO TRADE,NOT_ACTIONABLE,false,,,3,3,REGIME_ENSEMBLE,false,cpg,-0.4239895117880873,-0.6879416656856026,0.8805167159374271,-0.056276443813528323,-0.932924968617499,0.08494594504132433,-0.17807559495099667,-0.28893549958795306,0.36981702069371936,-0.023636106401681897,0.404065,NO_PATTERN,0.0,0.0,0 long / 0 short; top=ROBUST_MEAN_REVERSION,NORMAL,MEAN_REVERTING,0.0,53.6,0.0,0.5370120406150818,CAPACITY_BELOW_ONE_PACKAGE,2.0536880493164062,4.849999904632568,198.73585480109512,,,,,HO cpg = normalized USD/bbl / 0.42 = native USD/gal x 100,2027-05-31,2027-05-25,194,DEMO ONLY - NOT VALIDATED,true,15,9,30,18,180,30,15,5,false,3
2026-09-01,2026-09-01T18:15:00.000+0000,Sep27/Oct27/Nov27 HO Fly,Sep/Oct/Nov HO Fly,HOU7 Comdty | HOV7 Comdty | HOX7 Comdty,2027-09-01 | 2027-10-01 | 2027-11-01,FLY.HO.M12_M13_M14,HO M12-M13-M14 Fly,Fly,HO,HO_CPG,USD/bbl,NO TRADE,NOT_ACTIONABLE,false,,,3,3,REGIME_ENSEMBLE,false,cpg,-0.44556960394200607,-1.5096229928235212,1.328171056260665,-0.1841571643238976,-1.0840225390189013,0.19288333113488912,-0.18713923365564256,-0.6340416569858789,0.5578318436294794,-0.07734600901603698,0.403783,NO_PATTERN,0.0,0.0,0 long / 0 short; top=ROBUST_MEAN_REVERSION,NORMAL,MEAN_REVERTING,0.0,53.6,0.0,0.8629820942878723,CAPACITY_BELOW_ONE_PACKAGE,1.2445814609527588,5.900000095367432,195.81080955696467,,,,,HO cpg = normalized USD/bbl / 0.42 = native USD/gal x 100,2027-08-31,2027-08-25,260,DEMO ONLY - NOT VALIDATED,true,15,9,30,18,180,30,15,5,false,3
2026-09-01,2026-09-01T18:15:00.000+0000,Aug27/Sep27/Oct27 HO Fly,Aug/Sep/Oct HO Fly,HOQ7 Comdty | HOU7 Comdty | HOV7 Comdty,2027-08-01 | 2027-09-01 | 2027-10-01,FLY.HO.M11_M12_M13,HO M11-M12-M13 Fly,Fly,HO,HO_CPG,USD/bbl,NO TRADE,NOT_ACTIONABLE,false,,,3,3,REGIME_ENSEMBLE,false,cpg,0.5594914090371801,-1.62106599875575,2.0366378132473852,0.31812856949511026,-0.037482990790595395,1.1564658088649555,0.23498639179561565,-0.6808477194774151,0.8553878815639019,0.1336139991879463,0.403619,NO_PATTERN,0.0,0.0,0 long / 0 short; top=ROBUST_MEAN_REVERSION,NORMAL,MIXED,0.0,53.6,0.0,0.9064749479293823,CAPACITY_BELOW_ONE_PACKAGE,1.9706616401672363,5.550000190734863,197.27707402411318,,,,,HO cpg = normalized USD/bbl / 0.42 = native USD/gal x 100,2027-07-30,2027-07-26,238,DEMO ONLY - NOT VALIDATED,true,15,9,30,18,180,30,15,5,false,3
2026-09-01,2026-09-01T18:15:00.000+0000,Jul27/Aug27/Sep27 HOGO Fly,Jul/Aug/Sep HOGO Fly,HON7 Comdty | HOQ7 Comdty | HOU7 Comdty | QSN7 Comdty | QSQ7 Comdty | QSU7 Comdty,2027-07-01 | 2027-08-01 | 2027-09-01,FLY.HOGO.M10_M11_M12,HOGO Relative Fly M10-M12,HOGO Fly,HO|QS,HOGO_CPG,USD/bbl,NO TRADE,NOT_ACTIONABLE,false,,,3,3,REGIME_ENSEMBLE,false,cpg,0.16978048783951885,-1.5922318116369694,13.253081292038871,4.139275400056725,-0.5341947600005678,0.8737557356796054,0.07130780489259791,-0.6687373608875271,5.566294142656326,1.7384956680238246,0.403539,NO_PATTERN,0.0,0.0,0 long / 0 short; top=STABILITY_REVERSION,NORMAL,MIXED,0.0,1040.8,0.0,1.1155624389648438,INSUFFICIENT_EXECUTABLE_CAPACITY,0.6201452612876892,5.550000190734863,198.21845916849819,620.1839351595681,83.24616579323062,198.2051566505491,0.16978048783951885,HO cpg minus gasoil cpg; gasoil cpg = USD/MT / 7.45 / 0.42,2027-06-30,2027-06-24,216,DEMO ONLY - NOT VALIDATED,true,15,9,30,18,180,30,15,5,false,3
2026-09-01,2026-09-01T18:15:00.000+0000,Jul27/Aug27/Sep27 HO Fly,Jul/Aug/Sep HO Fly,HON7 Comdty | HOQ7 Comdty | HOU7 Comdty,2027-07-01 | 2027-08-01 | 2027-09-01,FLY.HO.M10_M11_M12,HO M10-M11-M12 Fly,Fly,HO,HO_CPG,USD/bbl,NO TRADE,NOT_ACTIONABLE,false,,,3,3,REGIME_ENSEMBLE,false,cpg,-0.5248793227635369,-1.4286471564684595,1.0764134017314229,-0.27798041169132504,-1.018231491136236,-0.031527154390837656,-0.22044931556068548,-0.600031805716753,0.4520936287271976,-0.11675177291035652,0.403411,NO_PATTERN,0.0,0.0,0 long / 0 short; top=ROBUST_MEAN_REVERSION,NORMAL,MIXED,0.0,53.6,0.0,0.8340902924537659,CAPACITY_BELOW_ONE_PACKAGE,2.1331398487091064,5.199999809265137,198.21845916849819,,,,,HO cpg = normalized USD/bbl / 0.42 = native USD/gal x 100,2027-06-30,2027-06-24,216,DEMO ONLY - NOT VALIDATED,true,15,9,30,18,180,30,15,5,false,3
2026-09-01,2026-09-01T18:15:00.000+0000,Jul27/Aug27 Brent/WTI Box,Jul/Aug Brent/WTI Box,CON7 Comdty | CLN7 Comdty | COQ7 Comdty | CLQ7 Comdty,2027-07-01 | 2027-08-01,BOX.CURVE.CO_CL.M09_M10,Brent-WTI Curve Box M9-M10,Relative Box,CO|CL,NORMALIZED_USD_BBL,USD/bbl,NO TRADE,NOT_ACTIONABLE,false,,,3,3,REGIME_ENSEMBLE,false,USD/bbl,-0.0841696291203391,-0.6552997430700063,0.5247626503843068,-0.07241341695189475,-0.3180115959579837,0.14967233771730548,-0.0841696291203391,-0.6552997430700063,0.5247626503843068,-0.07241341695189475,0.403114,NO_PATTERN,0.0,0.0,0 long / 0 short; top=TREND_BREAKOUT,NORMAL,MIXED,0.0,100.0,0.0,1.026268482208252,CAPACITY_BELOW_ONE_PACKAGE,13.729813575744629,4.849999904632568,,,,,,Normalized USD/bbl package quote,2027-05-31,2027-05-25,194,DEMO ONLY - NOT VALIDATED,true,15,9,30,18,180,30,15,5,false,3
2026-09-01,2026-09-01T18:15:00.000+0000,Aug27/Sep27/Oct27 Gasoil Fly,Aug/Sep/Oct Gasoil Fly,QSQ7 Comdty | QSU7 Comdty | QSV7 Comdty,2027-08-01 | 2027-09-01 | 2027-10-01,FLY.QS.M12_M13_M14,QS M12-M13-M14 Fly,Fly,QS,NORMALIZED_USD_BBL,USD/bbl,NO TRADE,NOT_ACTIONABLE,false,,,3,3,REGIME_ENSEMBLE,false,USD/bbl,0.09379056261545315,-0.3573997699791193,0.45333730514585974,0.06383388191461563,-0.16917896477812633,0.35676009000903264,0.09379056261545315,-0.3573997699791193,0.45333730514585974,0.06383388191461563,0.402618,NO_PATTERN,0.0,0.0,0 long / 0 short; top=ROBUST_MEAN_REVERSION,NORMAL,MIXED,0.0,220.0,0.0,0.9532003402709961,CAPACITY_BELOW_ONE_PACKAGE,1.5289113521575928,5.900000095367432,,618.2097992234408,82.98118110381755,197.5742407233751,,Normalized USD/bbl package quote,2027-08-11,2027-08-05,246,DEMO ONLY - NOT VALIDATED,true,15,9,30,18,180,30,15,5,false,3
2026-09-01,2026-09-01T18:15:00.000+0000,Apr27/May27 HOGO Box,Apr/May HOGO Box,HOJ7 Comdty | QSJ7 Comdty | HOK7 Comdty | QSK7 Comdty,2027-04-01 | 2027-05-01,BOX.CURVE.HO_QS.M07_M08,HO-Gasoil Curve Box M7-M8,Relative Box,HO|QS,HOGO_CPG,USD/bbl,NO TRADE,NOT_ACTIONABLE,false,,,3,3,REGIME_ENSEMBLE,false,cpg,0.3181921442300149,-1.0911896552039044,1.0338801218675715,0.08200825258557286,-0.17850112170477028,0.8148854101648001,0.13364070057660626,-0.45829965518563986,0.43422965118438006,0.0344434660859406,0.402414,NO_PATTERN,0.0,0.0,0 long / 0 short; top=FLOW_DIVERGENCE,NORMAL,MIXED,0.0,520.4,0.0,0.7790829539299011,CAPACITY_BELOW_ONE_PACKAGE,2.078563928604126,4.150000095367432,201.89873608127266,631.819530263043,84.80799063933463,201.92378723651103,0.3181921442300149,HO cpg minus gasoil cpg; gasoil cpg = USD/MT / 7.45 / 0.42,2027-03-31,2027-03-24,151,DEMO ONLY - NOT VALIDATED,true,15,9,30,18,180,30,15,5,false,3
2026-09-01,2026-09-01T18:15:00.000+0000,Aug27/Sep27 HOGO Box,Aug/Sep HOGO Box,HOQ7 Comdty | QSQ7 Comdty | HOU7 Comdty | QSU7 Comdty,2027-08-01 | 2027-09-01,BOX.CURVE.HO_QS.M11_M12,HO-Gasoil Curve Box M11-M12,Relative Box,HO|QS,HOGO_CPG,USD/bbl,NO TRADE,NOT_ACTIONABLE,false,,,3,3,REGIME_ENSEMBLE,false,cpg,-0.15647796989042495,-1.5135586773185503,1.7730448019476164,0.05404303737339519,-0.6157979261363015,0.3028419863554515,-0.06572074735397848,-0.6356946444737911,0.7446788168179989,0.02269807569682598,0.402315,NO_PATTERN,0.0,0.0,0 long / 0 short; top=TREND_BREAKOUT,NORMAL,MIXED,0.0,520.4,0.0,0.8992384076118469,INSUFFICIENT_EXECUTABLE_CAPACITY,0.7644556760787964,5.550000190734863,197.27707402411318,618.2097992234408,82.98118110381755,197.5742407233751,-0.15647796989042495,HO cpg minus gasoil cpg; gasoil cpg = USD/MT / 7.45 / 0.42,2027-07-30,2027-07-26,238,DEMO ONLY - NOT VALIDATED,true,15,9,30,18,180,30,15,5,false,3
2026-09-01,2026-09-01T18:15:00.000+0000,Jul27/Aug27/Sep27 Brent Fly,Jul/Aug/Sep Brent Fly,CON7 Comdty | COQ7 Comdty | COU7 Comdty,2027-07-01 | 2027-08-01 | 2027-09-01,FLY.CO.M09_M10_M11,CO M9-M10-M11 Fly,Fly,CO,NORMALIZED_USD_BBL,USD/bbl,NO TRADE,NOT_ACTIONABLE,false,,,3,3,REGIME_ENSEMBLE,false,USD/bbl,0.010458755919700025,-1.1563253801423312,1.175832948471904,0.009650450944900512,-0.26307977395319426,0.2839972857925943,0.010458755919700025,-1.1563253801423312,1.175832948471904,0.009650450944900512,0.400007,NO_PATTERN,0.0,0.0,0 long / 0 short; top=ROBUST_MEAN_REVERSION,NORMAL,MIXED,0.0,100.0,0.0,0.9996321201324463,CAPACITY_BELOW_ONE_PACKAGE,6.8649067878723145,4.849999904632568,,,,,,Normalized USD/bbl package quote,2027-05-31,2027-05-25,194,DEMO ONLY - NOT VALIDATED,true,15,9,30,18,180,30,15,5,false,3
2026-09-01,2026-09-01T18:15:00.000+0000,Nov27 HO/WTI/Gasoil/Brent Box,Nov HO/WTI/Gasoil/Brent Box,HOX7 Comdty | CLX7 Comdty | QSX7 Comdty | COX7 Comdty,2027-11-01,BOX.CRACK.TRANSATL.M13,US-Europe Crack Relative Box M13,Relative Box,HO|CL|QS|CO,NORMALIZED_USD_BBL,USD/bbl,NO TRADE,NOT_ACTIONABLE,false,,,3,3,REGIME_ENSEMBLE,false,USD/bbl,3.717650350162188,3.043255244860649,8.930385197033882,5.308465671539307,3.4905963279096284,3.9447043724147477,3.717650350162188,3.043255244860649,8.930385197033882,5.308465671539307,0.399914,NO_PATTERN,0.0,0.0,0 long / 0 short; top=TREND_BREAKOUT,NORMAL,TRENDING,0.0,410.2,0.0,1.0485183000564575,INSUFFICIENT_EXECUTABLE_CAPACITY,0.49344608187675476,6.25,193.55169383679996,605.7851916305661,81.31344854101559,193.60344890717997,,Normalized USD/bbl package quote,2027-09-30,2027-09-24,282,DEMO ONLY - NOT VALIDATED,true,15,9,30,18,180,30,15,5,false,3
2026-09-01,2026-09-01T18:15:00.000+0000,Jun27 HO/WTI/Gasoil/Brent Box,Jun HO/WTI/Gasoil/Brent Box,HOM7 Comdty | CLM7 Comdty | QSM7 Comdty | COM7 Comdty,2027-06-01,BOX.CRACK.TRANSATL.M08,US-Europe Crack Relative Box M8,Relative Box,HO|CL|QS|CO,NORMALIZED_USD_BBL,USD/bbl,NO TRADE,NOT_ACTIONABLE,false,,,3,3,REGIME_ENSEMBLE,false,USD/bbl,3.00622972975259,3.5256703478503226,8.408940018970966,5.075303387641906,2.7166493361700077,3.2958101233351726,3.00622972975259,3.5256703478503226,8.408940018970966,5.075303387641906,0.399297,NO_PATTERN,0.0,0.0,0 long / 0 short; top=FLOW_DIVERGENCE,NORMAL,MIXED,0.0,410.2,0.0,0.6847526431083679,CAPACITY_BELOW_ONE_PACKAGE,1.4555257558822632,4.5,198.73585480109512,624.4341228795072,83.8166607891956,199.5634780695133,,Normalized USD/bbl package quote,2027-04-30,2027-04-26,173,DEMO ONLY - NOT VALIDATED,true,15,9,30,18,180,30,15,5,false,3
2026-09-01,2026-09-01T18:15:00.000+0000,Mar27/Apr27 HOGO Box,Mar/Apr HOGO Box,HOH7 Comdty | QSH7 Comdty | HOJ7 Comdty | QSJ7 Comdty,2027-03-01 | 2027-04-01,BOX.CURVE.HO_QS.M06_M07,HO-Gasoil Curve Box M6-M7,Relative Box,HO|QS,HOGO_CPG,USD/bbl,NO TRADE,NOT_ACTIONABLE,false,,,3,3,REGIME_ENSEMBLE,false,cpg,-0.04136972214674356,-1.197316775597277,0.8092674058306785,-0.14491392609973747,-0.5090443514660253,0.42630490717253827,-0.017375283301632294,-0.5028730457508563,0.33989231044888496,-0.06086384896188974,0.398424,NO_PATTERN,0.0,0.0,0 long / 0 short; top=FLOW_DIVERGENCE,NORMAL,MIXED,0.0,520.4,0.0,0.8520081043243408,CAPACITY_BELOW_ONE_PACKAGE,2.9723424911499023,3.799999952316284,202.62949631676855,634.2355249005069,85.13228522154455,202.69591719415368,-0.04136972214674356,HO cpg minus gasoil cpg; gasoil cpg = USD/MT / 7.45 / 0.42,2027-02-26,2027-02-22,128,DEMO ONLY - NOT VALIDATED,true,15,9,30,18,180,30,15,5,false,3
2026-09-01,2026-09-01T18:15:00.000+0000,Apr27/May27 Brent/WTI Box,Apr/May Brent/WTI Box,COJ7 Comdty | CLJ7 Comdty | COK7 Comdty | CLK7 Comdty,2027-04-01 | 2027-05-01,BOX.CURVE.CO_CL.M06_M07,Brent-WTI Curve Box M6-M7,Relative Box,CO|CL,NORMALIZED_USD_BBL,USD/bbl,NO TRADE,NOT_ACTIONABLE,false,,,3,3,REGIME_ENSEMBLE,false,USD/bbl,-0.088250711762484,-0.4517324639594555,0.35196046513676643,-0.05849524997174739,-0.29030434807496874,0.11380292455000074,-0.088250711762484,-0.4517324639594555,0.35196046513676643,-0.05849524997174739,0.398302,NO_PATTERN,0.0,0.0,0 long / 0 short; top=FLOW_DIVERGENCE,NORMAL,MIXED,0.0,100.0,0.0,0.8953213095664978,CAPACITY_BELOW_ONE_PACKAGE,25.638769149780273,3.799999952316284,,,,,,Normalized USD/bbl package quote,2027-02-26,2027-02-22,128,DEMO ONLY - NOT VALIDATED,true,15,9,30,18,180,30,15,5,false,3
2026-09-01,2026-09-01T18:15:00.000+0000,Jul27/Aug27 HO/WTI Crack Box,Jul/Aug HO/WTI Crack Box,HON7 Comdty | CLN7 Comdty | HOQ7 Comdty | CLQ7 Comdty,2027-07-01 | 2027-08-01,BOX.CRKCAL.HO_CL.M10_M11,HO/WTI Crack Calendar Box M10-M11,Crack Curve,HO|CL,CRACK_USD_BBL,USD/bbl,NO TRADE,NOT_ACTIONABLE,false,,,3,3,REGIME_ENSEMBLE,false,USD/bbl,-0.16680283924732464,-0.49546015013098715,0.24846176553606986,-0.13998036757111548,-0.357551337091067,0.02394565859641773,-0.16680283924732464,-0.49546015013098715,0.24846176553606986,-0.13998036757111548,0.397727,NO_PATTERN,0.0,0.0,0 long / 0 short; top=ERROR_CORRECTION_RESIDUAL,NORMAL,MIXED,0.0,76.8,0.0,0.8689846992492676,CAPACITY_BELOW_ONE_PACKAGE,4.1073760986328125,4.849999904632568,198.21845916849819,,,,,Crack USD/bbl; HO USD/gal x 42 and gasoil USD/MT / 7.45 before leg weighting,2027-06-22,2027-06-15,210,DEMO ONLY - NOT VALIDATED,true,15,9,30,18,180,30,15,5,false,3
2026-09-01,2026-09-01T18:15:00.000+0000,May27/Jun27 Gasoil/Brent Crack Box,May/Jun Gasoil/Brent Crack Box,QSK7 Comdty | COK7 Comdty | QSM7 Comdty | COM7 Comdty,2027-05-01 | 2027-06-01,BOX.CRKCAL.QS_CO.M07_M08,Gasoil/Brent Crack Calendar Box M7-M8,Crack Curve,QS|CO,CRACK_USD_BBL,USD/bbl,NO TRADE,NOT_ACTIONABLE,false,,,3,3,REGIME_ENSEMBLE,false,USD/bbl,-0.2422340880267484,-0.7519967242717742,0.6165109112501144,-0.12082131281495093,-0.42066394492314885,-0.06380423113034794,-0.2422340880267484,-0.7519967242717742,0.6165109112501144,-0.12082131281495093,0.396968,NO_PATTERN,0.0,0.0,0 long / 0 short; top=ERROR_CORRECTION_RESIDUAL,IMPACT_STRESS,MIXED,0.0,590.0,0.0,0.745466947555542,CAPACITY_BELOW_ONE_PACKAGE,1.4555257558822632,4.5,,627.4163201110251,84.21695571960069,200.5165612371445,,Crack USD/bbl; HO USD/gal x 42 and gasoil USD/MT / 7.45 before leg weighting,2027-03-31,2027-03-23,151,DEMO ONLY - NOT VALIDATED,true,15,9,30,18,180,30,15,5,false,3
2026-09-01,2026-09-01T18:15:00.000+0000,Nov26/Dec26 Brent/WTI Box,Nov/Dec Brent/WTI Box,COX6 Comdty | COZ6 Comdty | CLX6 Comdty | CLZ6 Comdty,2026-11-01 | 2026-12-01,CRUDE_BASIS_BOX,Brent/WTI M1-M2 Calendar Box,Box,CO|CL,NORMALIZED_USD_BBL,USD/bbl,NO TRADE,NOT_ACTIONABLE,false,,,3,3,REGIME_ENSEMBLE,false,USD/bbl,-0.25705407352198506,-0.9333096889162064,0.7761260566616058,-0.13167910948395728,-0.4736287237798109,-0.04047942326415921,-0.25705407352198506,-0.9333096889162064,0.7761260566616058,-0.13167910948395728,0.396841,NO_PATTERN,0.0,0.0,0 long / 0 short; top=ERROR_CORRECTION_RESIDUAL,NORMAL,MIXED,0.0,100.0,0.0,0.7803057432174683,CAPACITY_BELOW_ONE_PACKAGE,86.74261474609375,2.049999952316284,,,,,,Normalized USD/bbl package quote,2026-09-30,2026-09-24,21,DEMO ONLY - NOT VALIDATED,true,15,9,30,18,180,30,15,5,false,3
2026-09-01,2026-09-01T18:15:00.000+0000,Dec26/Jan27/Feb27 Gasoil Fly,Dec26/Jan27/Feb27 Gasoil Fly,QSZ6 Comdty | QSF7 Comdty | QSG7 Comdty,2026-12-01 | 2027-01-01 | 2027-02-01,FLY.QS.M04_M05_M06,QS M4-M5-M6 Fly,Fly,QS,NORMALIZED_USD_BBL,USD/bbl,NO TRADE,NOT_ACTIONABLE,false,,,3,3,REGIME_ENSEMBLE,false,USD/bbl,-0.02215339751784029,-0.3630198958879709,0.41554581854403017,0.012774639017879962,-0.2952299541408223,0.25092315910514174,-0.02215339751784029,-0.3630198958879709,0.41554581854403017,0.012774639017879962,0.396493,NO_PATTERN,0.0,0.0,0 long / 0 short; top=ROBUST_MEAN_REVERSION,NORMAL,MEAN_REVERTING,0.0,220.0,0.0,0.8420552015304565,CAPACITY_BELOW_ONE_PACKAGE,9.900065422058105,3.0999999046325684,,644.8643985620192,86.55897967275426,206.092808744653,,Normalized USD/bbl package quote,2026-12-10,2026-12-04,72,DEMO ONLY - NOT VALIDATED,true,15,9,30,18,180,30,15,5,false,3
2026-09-01,2026-09-01T18:15:00.000+0000,Nov26/Dec26 HO/WTI Crack Box,Nov/Dec HO/WTI Crack Box,HOX6 Comdty | CLX6 Comdty | HOZ6 Comdty | CLZ6 Comdty,2026-11-01 | 2026-12-01,BOX.CRKCAL.HO_CL.M02_M03,HO/WTI Crack Calendar Box M2-M3,Crack Curve,HO|CL,CRACK_USD_BBL,USD/bbl,NO TRADE,NOT_ACTIONABLE,false,,,3,3,REGIME_ENSEMBLE,false,USD/bbl,0.11256003168324469,-0.2647634940856695,0.3261821317189932,0.051452101767063135,-0.08182144376536371,0.3069415071318531,0.11256003168324469,-0.2647634940856695,0.3261821317189932,0.051452101767063135,0.396138,NO_PATTERN,0.0,0.0,0 long / 0 short; top=ERROR_CORRECTION_RESIDUAL,NORMAL,MIXED,0.0,76.8,0.0,0.7140269875526428,CAPACITY_BELOW_ONE_PACKAGE,33.53203201293945,2.049999952316284,207.3982126402968,,,,,Crack USD/bbl; HO USD/gal x 42 and gasoil USD/MT / 7.45 before leg weighting,2026-10-20,2026-10-14,35,DEMO ONLY - NOT VALIDATED,true,15,9,30,18,180,30,15,5,false,3
2026-09-01,2026-09-01T18:15:00.000+0000,Feb28 HO/WTI/Gasoil/Brent Box,Feb HO/WTI/Gasoil/Brent Box,HOG8 Comdty | CLG8 Comdty | QSG8 Comdty | COG8 Comdty,2028-02-01,BOX.CRACK.TRANSATL.M16,US-Europe Crack Relative Box M16,Relative Box,HO|CL|QS|CO,NORMALIZED_USD_BBL,USD/bbl,NO TRADE,NOT_ACTIONABLE,false,,,3,3,REGIME_ENSEMBLE,false,USD/bbl,3.205069153151996,3.5164547165846827,8.424896220304966,5.139565968513488,2.931758406154401,3.4783799001495908,3.205069153151996,3.5164547165846827,8.424896220304966,5.139565968513488,0.395961,NO_PATTERN,0.0,0.0,0 long / 0 short; top=TREND_BREAKOUT,NORMAL,MIXED,0.0,410.2,0.0,0.6978484392166138,INSUFFICIENT_EXECUTABLE_CAPACITY,0.16685763001441956,7.300000190734863,190.15750421713886,597.8251907208613,80.24499204306863,191.05950486444914,,Normalized USD/bbl package quote,2027-12-31,2027-12-23,348,DEMO ONLY - NOT VALIDATED,true,15,9,30,18,180,30,15,5,false,3
2026-09-01,2026-09-01T18:15:00.000+0000,Feb27/Mar27/Apr27 Brent Fly,Feb/Mar/Apr Brent Fly,COG7 Comdty | COH7 Comdty | COJ7 Comdty,2027-02-01 | 2027-03-01 | 2027-04-01,FLY.CO.M04_M05_M06,CO M4-M5-M6 Fly,Fly,CO,NORMALIZED_USD_BBL,USD/bbl,NO TRADE,NOT_ACTIONABLE,false,,,3,3,REGIME_ENSEMBLE,false,USD/bbl,0.03170430597501195,-1.4027636112385988,1.360138970028758,-0.0033762598410248743,-0.23301804500979983,0.29642665695982373,0.03170430597501195,-1.4027636112385988,1.360138970028758,-0.0033762598410248743,0.395924,NO_PATTERN,0.0,0.0,0 long / 0 short; top=ROBUST_MEAN_REVERSION,NORMAL,MIXED,0.0,100.0,0.0,0.9013670086860657,CAPACITY_BELOW_ONE_PACKAGE,25.638769149780273,3.0999999046325684,,,,,,Normalized USD/bbl package quote,2026-12-31,2026-12-24,87,DEMO ONLY - NOT VALIDATED,true,15,9,30,18,180,30,15,5,false,3
2026-09-01,2026-09-01T18:15:00.000+0000,Apr27/May27/Jun27 HOGO Fly,Apr/May/Jun HOGO Fly,HOJ7 Comdty | HOK7 Comdty | HOM7 Comdty | QSJ7 Comdty | QSK7 Comdty | QSM7 Comdty,2027-04-01 | 2027-05-01 | 2027-06-01,FLY.HOGO.M07_M08_M09,HOGO Relative Fly M7-M9,HOGO Fly,HO|QS,HOGO_CPG,USD/bbl,NO TRADE,NOT_ACTIONABLE,false,,,3,3,REGIME_ENSEMBLE,false,cpg,-0.5094311241882178,-0.3512881021386101,13.315249521743684,4.366975561493918,-1.2185773410547338,0.19971509267829815,-0.21396107215905147,-0.14754100289821626,5.592404799132347,1.8341297358274458,0.395856,NO_PATTERN,0.0,0.0,0 long / 0 short; top=STABILITY_REVERSION,NORMAL,MIXED,0.0,1040.8,0.0,0.7790829539299011,CAPACITY_BELOW_ONE_PACKAGE,1.039281964302063,4.5,201.89873608127266,631.819530263043,84.80799063933463,201.92378723651103,-0.5094311241882178,HO cpg minus gasoil cpg; gasoil cpg = USD/MT / 7.45 / 0.42,2027-03-31,2027-03-24,151,DEMO ONLY - NOT VALIDATED,true,15,9,30,18,180,30,15,5,false,3
2026-09-01,2026-09-01T18:15:00.000+0000,Jan27/Feb27/Mar27 Gasoil Fly,Jan/Feb/Mar Gasoil Fly,QSF7 Comdty | QSG7 Comdty | QSH7 Comdty,2027-01-01 | 2027-02-01 | 2027-03-01,FLY.QS.M05_M06_M07,QS M5-M6-M7 Fly,Fly,QS,NORMALIZED_USD_BBL,USD/bbl,NO TRADE,NOT_ACTIONABLE,false,,,3,3,REGIME_ENSEMBLE,false,USD/bbl,0.2475777784353852,-0.3025671075642109,0.5544734429180622,0.1631563499569893,-0.025487416052186518,0.5206429729229569,0.2475777784353852,-0.3025671075642109,0.5544734429180622,0.1631563499569893,0.395285,NO_PATTERN,0.0,0.0,0 long / 0 short; top=ERROR_CORRECTION_RESIDUAL,IMPACT_STRESS,MIXED,0.0,220.0,0.0,0.6943613290786743,CAPACITY_BELOW_ONE_PACKAGE,7.193077087402344,3.450000047683716,,640.8166510660725,86.01565786121779,204.7991853838519,,Normalized USD/bbl package quote,2027-01-12,2027-01-06,95,DEMO ONLY - NOT VALIDATED,true,15,9,30,18,180,30,15,5,false,3
2026-09-01,2026-09-01T18:15:00.000+0000,Jul27/Aug27/Sep27 WTI Fly,Jul/Aug/Sep WTI Fly,CLN7 Comdty | CLQ7 Comdty | CLU7 Comdty,2027-07-01 | 2027-08-01 | 2027-09-01,FLY.CL.M10_M11_M12,CL M10-M11-M12 Fly,Fly,CL,NORMALIZED_USD_BBL,USD/bbl,NO TRADE,NOT_ACTIONABLE,false,,,3,3,REGIME_ENSEMBLE,false,USD/bbl,0.22906162688160947,-0.49925710860133166,0.7952087730491161,0.17015354782342912,-0.020686472713698834,0.4788097264769178,0.22906162688160947,-0.49925710860133166,0.7952087730491161,0.17015354782342912,0.394952,NO_PATTERN,0.0,0.0,0 long / 0 short; top=ROBUST_MEAN_REVERSION,IMPACT_STRESS,MIXED,0.0,100.0,0.0,0.8156437873840332,CAPACITY_BELOW_ONE_PACKAGE,7.432060241699219,5.199999809265137,,,,,,Normalized USD/bbl package quote,2027-06-22,2027-06-15,210,DEMO ONLY - NOT VALIDATED,true,15,9,30,18,180,30,15,5,false,3
2026-09-01,2026-09-01T18:15:00.000+0000,Nov26/Dec26/Jan27 Gasoil Fly,Nov26/Dec26/Jan27 Gasoil Fly,QSX6 Comdty | QSZ6 Comdty | QSF7 Comdty,2026-11-01 | 2026-12-01 | 2027-01-01,FLY.QS.M03_M04_M05,QS M3-M4-M5 Fly,Fly,QS,NORMALIZED_USD_BBL,USD/bbl,NO TRADE,NOT_ACTIONABLE,false,,,3,3,REGIME_ENSEMBLE,false,USD/bbl,-0.014176320395833386,-0.5532929806298017,0.3587694375103712,-0.07224872689694166,-0.27233159925735606,0.2439789584656893,-0.014176320395833386,-0.5532929806298017,0.3587694375103712,-0.07224872689694166,0.394842,NO_PATTERN,0.0,0.0,0 long / 0 short; top=ROBUST_MEAN_REVERSION,NORMAL,MIXED,0.0,220.0,0.0,0.7682732939720154,CAPACITY_BELOW_ONE_PACKAGE,14.173906326293945,2.75,,648.806532471017,87.0881251638949,207.35267896165453,,Normalized USD/bbl package quote,2026-11-11,2026-11-05,51,DEMO ONLY - NOT VALIDATED,true,15,9,30,18,180,30,15,5,false,3
2026-09-01,2026-09-01T18:15:00.000+0000,Jan27/Feb27 HOGO Box,Jan/Feb HOGO Box,HOF7 Comdty | QSF7 Comdty | HOG7 Comdty | QSG7 Comdty,2027-01-01 | 2027-02-01,BOX.CURVE.HO_QS.M04_M05,HO-Gasoil Curve Box M4-M5,Relative Box,HO|QS,HOGO_CPG,USD/bbl,NO TRADE,NOT_ACTIONABLE,false,,,3,3,REGIME_ENSEMBLE,false,cpg,-0.5746437259635142,-1.1852153743193263,0.7180109298541433,-0.34288355459769565,-1.106763970452344,-0.04252348147468459,-0.24135036490467598,-0.4977904572141171,0.3015645905387402,-0.14401109293103218,0.394504,NO_PATTERN,0.0,0.0,0 long / 0 short; top=ERROR_CORRECTION_RESIDUAL,VOLUME_DRYNESS,MIXED,0.0,520.4,0.0,0.6216887831687927,CAPACITY_BELOW_ONE_PACKAGE,3.596538543701172,3.0999999046325684,204.71279671667193,640.8166510660725,86.01565786121779,204.7991853838519,-0.5746437259635142,HO cpg minus gasoil cpg; gasoil cpg = USD/MT / 7.45 / 0.42,2026-12-31,2026-12-24,87,DEMO ONLY - NOT VALIDATED,true,15,9,30,18,180,30,15,5,false,3
2026-09-01,2026-09-01T18:15:00.000+0000,Apr27 HO/WTI/Gasoil/Brent Box,Apr HO/WTI/Gasoil/Brent Box,HOJ7 Comdty | CLJ7 Comdty | QSJ7 Comdty | COJ7 Comdty,2027-04-01,BOX.CRACK.TRANSATL.M06,US-Europe Crack Relative Box M6,Relative Box,HO|CL|QS|CO,NORMALIZED_USD_BBL,USD/bbl,NO TRADE,NOT_ACTIONABLE,false,,,3,3,REGIME_ENSEMBLE,false,USD/bbl,3.5644206352275063,3.2658276603746415,8.952151770777702,5.34359347820282,3.300268216405456,3.8285730540495564,3.5644206352275063,3.2658276603746415,8.952151770777702,5.34359347820282,0.394079,NO_PATTERN,0.0,0.0,0 long / 0 short; top=FLOW_DIVERGENCE,NORMAL,MIXED,0.0,410.2,0.0,0.8520081043243408,CAPACITY_BELOW_ONE_PACKAGE,2.9723424911499023,3.799999952316284,201.89873608127266,631.819530263043,84.80799063933463,201.92378723651103,,Normalized USD/bbl package quote,2027-02-26,2027-02-22,128,DEMO ONLY - NOT VALIDATED,true,15,9,30,18,180,30,15,5,false,3
2026-09-01,2026-09-01T18:15:00.000+0000,Feb27/Mar27 HOGO Box,Feb/Mar HOGO Box,HOG7 Comdty | QSG7 Comdty | HOH7 Comdty | QSH7 Comdty,2027-02-01 | 2027-03-01,BOX.CURVE.HO_QS.M05_M06,HO-Gasoil Curve Box M5-M6,Relative Box,HO|QS,HOGO_CPG,USD/bbl,NO TRADE,NOT_ACTIONABLE,false,,,3,3,REGIME_ENSEMBLE,false,cpg,0.5546759361686714,-0.2194390887383903,1.0657914104993853,0.46746675457273207,0.084335728594758,1.0250161437425849,0.232963893190842,-0.09216441727012392,0.44763239240974184,0.19633603692054746,0.393415,NO_PATTERN,0.0,0.0,0 long / 0 short; top=FLOW_DIVERGENCE,NORMAL,MEAN_REVERTING,0.0,520.4,0.0,0.726552426815033,CAPACITY_BELOW_ONE_PACKAGE,3.590714931488037,3.450000047683716,203.94107089726802,636.6038607586179,85.45018265216348,203.45281583848447,0.5546759361686714,HO cpg minus gasoil cpg; gasoil cpg = USD/MT / 7.45 / 0.42,2027-01-29,2027-01-25,108,DEMO ONLY - NOT VALIDATED,true,15,9,30,18,180,30,15,5,false,3
2026-09-01,2026-09-01T18:15:00.000+0000,May27/Jun27/Jul27 Gasoil Fly,May/Jun/Jul Gasoil Fly,QSK7 Comdty | QSM7 Comdty | QSN7 Comdty,2027-05-01 | 2027-06-01 | 2027-07-01,FLY.QS.M09_M10_M11,QS M9-M10-M11 Fly,Fly,QS,NORMALIZED_USD_BBL,USD/bbl,NO TRADE,NOT_ACTIONABLE,false,,,3,3,REGIME_ENSEMBLE,false,USD/bbl,-0.17020006555988232,-0.6408464877426624,0.31655499027371403,-0.16863235384225844,-0.46091935489251057,0.12051922377274593,-0.17020006555988232,-0.6408464877426624,0.31655499027371403,-0.16863235384225844,0.393277,NO_PATTERN,0.0,0.0,0 long / 0 short; top=ROBUST_MEAN_REVERSION,IMPACT_STRESS,MIXED,0.0,220.0,0.0,0.8744837045669556,CAPACITY_BELOW_ONE_PACKAGE,2.9110515117645264,4.849999904632568,,627.4163201110251,84.21695571960069,200.5165612371445,,Normalized USD/bbl package quote,2027-05-12,2027-05-06,181,DEMO ONLY - NOT VALIDATED,true,15,9,30,18,180,30,15,5,false,3
2026-09-01,2026-09-01T18:15:00.000+0000,May27/Jun27 HOGO Box,May/Jun HOGO Box,HOK7 Comdty | QSK7 Comdty | HOM7 Comdty | QSM7 Comdty,2027-05-01 | 2027-06-01,BOX.CURVE.HO_QS.M08_M09,HO-Gasoil Curve Box M8-M9,Relative Box,HO|QS,HOGO_CPG,USD/bbl,NO TRADE,NOT_ACTIONABLE,false,,,3,3,REGIME_ENSEMBLE,false,cpg,0.48437996894984775,-0.7606280966897805,1.354690951536099,0.3517456015660649,0.009310771434201115,0.9594491664654944,0.20343958695893605,-0.3194638006097078,0.5689701996451616,0.14773315265774725,0.39323,NO_PATTERN,0.0,0.0,0 long / 0 short; top=FLOW_DIVERGENCE,NORMAL,MIXED,0.0,520.4,0.0,0.745466947555542,CAPACITY_BELOW_ONE_PACKAGE,1.4555257558822632,4.5,200.17331793767613,627.4163201110251,84.21695571960069,200.5165612371445,0.48437996894984775,HO cpg minus gasoil cpg; gasoil cpg = USD/MT / 7.45 / 0.42,2027-04-30,2027-04-26,173,DEMO ONLY - NOT VALIDATED,true,15,9,30,18,180,30,15,5,false,3
2026-09-01,2026-09-01T18:15:00.000+0000,Mar27 HO/WTI/Gasoil/Brent Box,Mar HO/WTI/Gasoil/Brent Box,HOH7 Comdty | CLH7 Comdty | QSH7 Comdty | COH7 Comdty,2027-03-01,BOX.CRACK.TRANSATL.M05,US-Europe Crack Relative Box M5,Relative Box,HO|CL|QS|CO,NORMALIZED_USD_BBL,USD/bbl,NO TRADE,NOT_ACTIONABLE,false,,,3,3,REGIME_ENSEMBLE,false,USD/bbl,3.486144328825887,3.5326544333815573,8.289064736235142,5.187483119964599,3.1967981069914657,3.775490550660308,3.486144328825887,3.5326544333815573,8.289064736235142,5.187483119964599,0.392532,NO_PATTERN,0.0,0.0,0 long / 0 short; top=FLOW_DIVERGENCE,IMPACT_STRESS,MIXED,0.0,410.2,0.0,0.726552426815033,CAPACITY_BELOW_ONE_PACKAGE,3.590714931488037,3.450000047683716,202.62949631676855,634.2355249005069,85.13228522154455,202.69591719415368,,Normalized USD/bbl package quote,2027-01-29,2027-01-25,108,DEMO ONLY - NOT VALIDATED,true,15,9,30,18,180,30,15,5,false,3
2026-09-01,2026-09-01T18:15:00.000+0000,Apr27/May27/Jun27/Jul27 Brent Condor,Apr/May/Jun/Jul Brent Condor,COJ7 Comdty | COK7 Comdty | COM7 Comdty | CON7 Comdty,2027-04-01 | 2027-05-01 | 2027-06-01 | 2027-07-01,CDR.CO.M06_M07_M08_M09,CO M6-M9 Condor,Condor,CO,NORMALIZED_USD_BBL,USD/bbl,NO TRADE,NOT_ACTIONABLE,false,,,3,3,REGIME_ENSEMBLE,false,USD/bbl,0.013428028955075888,-0.5421306354510784,0.4828096715319157,-0.014830434881150722,-0.22083636717596278,0.24769242508611455,0.013428028955075888,-0.5421306354510784,0.4828096715319157,-0.014830434881150722,0.392338,NO_PATTERN,0.0,0.0,0 long / 0 short; top=ERROR_CORRECTION_RESIDUAL,NORMAL,MIXED,0.0,100.0,0.0,1.4716979265213013,CAPACITY_BELOW_ONE_PACKAGE,22.203983306884766,4.150000095367432,,,,,,Normalized USD/bbl package quote,2027-02-26,2027-02-22,128,DEMO ONLY - NOT VALIDATED,true,15,9,30,18,180,30,15,5,false,3
2026-09-01,2026-09-01T18:15:00.000+0000,Feb27/Mar27/Apr27 HOGO Fly,Feb/Mar/Apr HOGO Fly,HOG7 Comdty | HOH7 Comdty | HOJ7 Comdty | QSG7 Comdty | QSH7 Comdty | QSJ7 Comdty,2027-02-01 | 2027-03-01 | 2027-04-01,FLY.HOGO.M05_M06_M07,HOGO Relative Fly M5-M7,HOGO Fly,HO|QS,HOGO_CPG,USD/bbl,NO TRADE,NOT_ACTIONABLE,false,,,3,3,REGIME_ENSEMBLE,false,cpg,0.5296247809303013,0.5127112647408532,13.036162454974084,4.886025921219871,-0.12290957408000379,1.1821591359406065,0.22244240799072657,0.21533873119115832,5.475188231089115,2.052130886912346,0.391463,NO_PATTERN,0.0,0.0,0 long / 0 short; top=STABILITY_REVERSION,NORMAL,MIXED,0.0,1040.8,0.0,0.726552426815033,CAPACITY_BELOW_ONE_PACKAGE,1.7953574657440186,3.799999952316284,203.94107089726802,636.6038607586179,85.45018265216348,203.45281583848447,0.5296247809303013,HO cpg minus gasoil cpg; gasoil cpg = USD/MT / 7.45 / 0.42,2027-01-29,2027-01-25,108,DEMO ONLY - NOT VALIDATED,true,15,9,30,18,180,30,15,5,false,3
2026-09-01,2026-09-01T18:15:00.000+0000,Jan27/Feb27 Gasoil/Brent Crack Box,Jan/Feb Gasoil/Brent Crack Box,QSF7 Comdty | COF7 Comdty | QSG7 Comdty | COG7 Comdty,2027-01-01 | 2027-02-01,BOX.CRKCAL.QS_CO.M03_M04,Gasoil/Brent Crack Calendar Box M3-M4,Crack Curve,QS|CO,CRACK_USD_BBL,USD/bbl,NO TRADE,NOT_ACTIONABLE,false,,,3,3,REGIME_ENSEMBLE,false,USD/bbl,0.3093075247045931,-0.8886258108210563,0.979561026175022,0.12538770213723183,0.08188980236019461,0.5367252470489916,0.3093075247045931,-0.8886258108210563,0.979561026175022,0.12538770213723183,0.390859,NO_PATTERN,0.0,0.0,0 long / 0 short; top=ERROR_CORRECTION_RESIDUAL,NORMAL,MIXED,0.0,590.0,0.0,0.6216887831687927,CAPACITY_BELOW_ONE_PACKAGE,3.596538543701172,3.0999999046325684,,640.8166510660725,86.01565786121779,204.7991853838519,,Crack USD/bbl; HO USD/gal x 42 and gasoil USD/MT / 7.45 before leg weighting,2026-11-30,2026-11-24,64,DEMO ONLY - NOT VALIDATED,true,15,9,30,18,180,30,15,5,false,3
2026-09-01,2026-09-01T18:15:00.000+0000,Sep27 HO/WTI/Gasoil/Brent Box,Sep HO/WTI/Gasoil/Brent Box,HOU7 Comdty | CLU7 Comdty | QSU7 Comdty | COU7 Comdty,2027-09-01,BOX.CRACK.TRANSATL.M11,US-Europe Crack Relative Box M11,Relative Box,HO|CL|QS|CO,NORMALIZED_USD_BBL,USD/bbl,NO TRADE,NOT_ACTIONABLE,false,,,3,3,REGIME_ENSEMBLE,false,USD/bbl,3.3590363919314044,2.7334108031463624,9.203573259048461,5.1900578260421755,3.1112349427815573,3.6068378410812514,3.3590363919314044,2.7334108031463624,9.203573259048461,5.1900578260421755,0.3908,NO_PATTERN,0.0,0.0,0 long / 0 short; top=TREND_BREAKOUT,NORMAL,TRENDING,0.0,410.2,0.0,0.8680375814437866,INSUFFICIENT_EXECUTABLE_CAPACITY,0.7644556760787964,5.550000190734863,195.81080955696467,613.1322381379458,82.29962928026119,195.95149828633615,,Normalized USD/bbl package quote,2027-07-30,2027-07-26,238,DEMO ONLY - NOT VALIDATED,true,15,9,30,18,180,30,15,5,false,3
2026-09-01,2026-09-01T18:15:00.000+0000,Jul27/Aug27/Sep27/Oct27 WTI Condor,Jul/Aug/Sep/Oct WTI Condor,CLN7 Comdty | CLQ7 Comdty | CLU7 Comdty | CLV7 Comdty,2027-07-01 | 2027-08-01 | 2027-09-01 | 2027-10-01,CDR.CL.M10_M11_M12_M13,CL M10-M13 Condor,Condor,CL,NORMALIZED_USD_BBL,USD/bbl,NO TRADE,NOT_ACTIONABLE,false,,,3,3,REGIME_ENSEMBLE,false,USD/bbl,-0.14569942575721484,-0.30200314739882944,0.5079934767836332,0.03013699129223823,-0.3435544363859151,0.052155584871485416,-0.14569942575721484,-0.30200314739882944,0.5079934767836332,0.03013699129223823,0.390373,NO_PATTERN,0.0,0.0,0 long / 0 short; top=ERROR_CORRECTION_RESIDUAL,NORMAL,MIXED,0.0,100.0,0.0,1.0149662494659424,CAPACITY_BELOW_ONE_PACKAGE,10.054718017578125,5.550000190734863,,,,,,Normalized USD/bbl package quote,2027-06-22,2027-06-15,210,DEMO ONLY - NOT VALIDATED,true,15,9,30,18,180,30,15,5,false,3
2026-09-01,2026-09-01T18:15:00.000+0000,Mar27/Apr27 Brent/WTI Box,Mar/Apr Brent/WTI Box,COH7 Comdty | CLH7 Comdty | COJ7 Comdty | CLJ7 Comdty,2027-03-01 | 2027-04-01,BOX.CURVE.CO_CL.M05_M06,Brent-WTI Curve Box M5-M6,Relative Box,CO|CL,NORMALIZED_USD_BBL,USD/bbl,NO TRADE,NOT_ACTIONABLE,false,,,3,3,REGIME_ENSEMBLE,false,USD/bbl,-0.06090102309998713,-0.4518135868417844,0.45398983368042856,-0.018200507631991058,-0.27546420286115847,0.1536621566611842,-0.06090102309998713,-0.4518135868417844,0.45398983368042856,-0.018200507631991058,0.389137,NO_PATTERN,0.0,0.0,0 long / 0 short; top=FLOW_DIVERGENCE,NORMAL,MIXED,0.0,100.0,0.0,0.7094604969024658,CAPACITY_BELOW_ONE_PACKAGE,25.638769149780273,3.450000047683716,,,,,,Normalized USD/bbl package quote,2027-01-29,2027-01-25,108,DEMO ONLY - NOT VALIDATED,true,15,9,30,18,180,30,15,5,false,3
2026-09-01,2026-09-01T18:15:00.000+0000,Mar27/Apr27/May27/Jun27 HO Condor,Mar/Apr/May/Jun HO Condor,HOH7 Comdty | HOJ7 Comdty | HOK7 Comdty | HOM7 Comdty,2027-03-01 | 2027-04-01 | 2027-05-01 | 2027-06-01,CDR.HO.M06_M07_M08_M09,HO M6-M9 Condor,Condor,HO,HO_CPG,USD/bbl,NO TRADE,NOT_ACTIONABLE,false,,,3,3,REGIME_ENSEMBLE,false,cpg,-0.7067029010851148,-0.9096120508199647,0.503299463104634,-0.35504426629770364,-1.1650490487074958,-0.24835675346273384,-0.2968152184557482,-0.38203706134438514,0.2113857745039463,-0.14911859184503554,0.389057,NO_PATTERN,0.0,0.0,0 long / 0 short; top=ERROR_CORRECTION_RESIDUAL,NORMAL,MIXED,0.0,53.6,0.0,0.9140524864196777,CAPACITY_BELOW_ONE_PACKAGE,8.36109733581543,4.150000095367432,202.62949631676855,,,,,HO cpg = normalized USD/bbl / 0.42 = native USD/gal x 100,2027-02-26,2027-02-22,128,DEMO ONLY - NOT VALIDATED,true,15,9,30,18,180,30,15,5,false,3
2026-09-01,2026-09-01T18:15:00.000+0000,Jan28/Feb28 Brent/WTI Box,Jan/Feb Brent/WTI Box,COF8 Comdty | CLF8 Comdty | COG8 Comdty | CLG8 Comdty,2028-01-01 | 2028-02-01,BOX.CURVE.CO_CL.M15_M16,Brent-WTI Curve Box M15-M16,Relative Box,CO|CL,NORMALIZED_USD_BBL,USD/bbl,NO TRADE,NOT_ACTIONABLE,false,,,3,3,REGIME_ENSEMBLE,false,USD/bbl,-0.03818848663267005,-0.47699862796366216,0.37681964862644673,-0.04971439614892006,-0.25287216090854514,0.17649518764320504,-0.03818848663267005,-0.47699862796366216,0.37681964862644673,-0.04971439614892006,0.388868,NO_PATTERN,0.0,0.0,0 long / 0 short; top=TREND_BREAKOUT,NORMAL,MIXED,0.0,100.0,0.0,0.7921679615974426,CAPACITY_BELOW_ONE_PACKAGE,1.8126258850097656,6.949999809265137,,,,,,Normalized USD/bbl package quote,2027-11-30,2027-11-24,325,DEMO ONLY - NOT VALIDATED,true,15,9,30,18,180,30,15,5,false,3
2026-09-01,2026-09-01T18:15:00.000+0000,Nov26/Dec26/Jan27 HO Fly,Nov26/Dec26/Jan27 HO Fly,HOX6 Comdty | HOZ6 Comdty | HOF7 Comdty,2026-11-01 | 2026-12-01 | 2027-01-01,FLY.HO.M02_M03_M04,HO M2-M3-M4 Fly,Fly,HO,HO_CPG,USD/bbl,NO TRADE,NOT_ACTIONABLE,false,,,3,3,REGIME_ENSEMBLE,false,cpg,-0.07420714195504952,-0.8071520526082742,1.1189280193774473,0.08292759280829201,-0.604494676663118,0.456080392753019,-0.031166999621120794,-0.3390038620954752,0.46994976813852785,0.03482958897948264,0.388804,NO_PATTERN,0.0,0.0,0 long / 0 short; top=ROBUST_MEAN_REVERSION,VOLUME_DRYNESS,MEAN_REVERTING,0.0,53.6,0.0,0.6222593784332275,CAPACITY_BELOW_ONE_PACKAGE,16.766016006469727,2.4000000953674316,207.3982126402968,,,,,HO cpg = normalized USD/bbl / 0.42 = native USD/gal x 100,2026-10-30,2026-10-26,43,DEMO ONLY - NOT VALIDATED,true,15,9,30,18,180,30,15,5,false,3
2026-09-01,2026-09-01T18:15:00.000+0000,Nov26/Dec26 HOGO Box,Nov/Dec HOGO Box,HOX6 Comdty | QSX6 Comdty | HOZ6 Comdty | QSZ6 Comdty,2026-11-01 | 2026-12-01,BOX.CURVE.HO_QS.M02_M03,HO-Gasoil Curve Box M2-M3,Relative Box,HO|QS,HOGO_CPG,USD/bbl,NO TRADE,NOT_ACTIONABLE,false,,,3,3,REGIME_ENSEMBLE,false,cpg,0.04573417383340262,-0.6689430536571002,0.9581792401728175,0.12342377255360283,-0.35832243129561225,0.4497907789624175,0.0192083530100291,-0.2809560825359821,0.40243528087258335,0.05183798447251319,0.388753,NO_PATTERN,0.0,0.0,0 long / 0 short; top=ERROR_CORRECTION_RESIDUAL,NORMAL,MIXED,0.0,520.4,0.0,0.7153178453445435,CAPACITY_BELOW_ONE_PACKAGE,7.086953163146973,2.4000000953674316,207.3982126402968,648.806532471017,87.0881251638949,207.35267896165453,0.04573417383340262,HO cpg minus gasoil cpg; gasoil cpg = USD/MT / 7.45 / 0.42,2026-10-30,2026-10-26,43,DEMO ONLY - NOT VALIDATED,true,15,9,30,18,180,30,15,5,false,3
2026-09-01,2026-09-01T18:15:00.000+0000,Oct26/Nov26/Dec26 HO/Brent Crack Box,Oct/Nov/Dec HO/Brent Crack Box,HOV6 Comdty | COX6 Comdty | HOX6 Comdty | COZ6 Comdty,2026-10-01 | 2026-11-01 | 2026-12-01,HO_BRENT_CRACK_CAL,HO/Brent Expiry Crack M1-M2 Calendar,Crack Curve,HO|CO,CRACK_USD_BBL,USD/bbl,NO TRADE,NOT_ACTIONABLE,false,,,3,3,REGIME_ENSEMBLE,false,USD/bbl,0.17707118508097608,-0.9964315914852172,1.002265967459008,0.051481844787485895,-0.008994343460827281,0.36313671362277944,0.17707118508097608,-0.9964315914852172,1.002265967459008,0.051481844787485895,0.387969,NO_PATTERN,0.0,0.0,0 long / 0 short; top=ERROR_CORRECTION_RESIDUAL,VOLUME_DRYNESS,MIXED,0.0,76.8,0.0,0.6600712537765503,CAPACITY_BELOW_ONE_PACKAGE,42.52259826660156,1.7000000476837158,208.2453815070264,,,,,Crack USD/bbl; HO USD/gal x 42 and gasoil USD/MT / 7.45 before leg weighting,2026-09-30,2026-09-24,21,DEMO ONLY - NOT VALIDATED,true,15,9,30,18,180,30,15,5,false,3
2026-09-01,2026-09-01T18:15:00.000+0000,Feb27/Mar27 Gasoil/Brent Crack Box,Feb/Mar Gasoil/Brent Crack Box,QSG7 Comdty | COG7 Comdty | QSH7 Comdty | COH7 Comdty,2027-02-01 | 2027-03-01,BOX.CRKCAL.QS_CO.M04_M05,Gasoil/Brent Crack Calendar Box M4-M5,Crack Curve,QS|CO,CRACK_USD_BBL,USD/bbl,NO TRADE,NOT_ACTIONABLE,false,,,3,3,REGIME_ENSEMBLE,false,USD/bbl,-0.19421546472499074,-1.2409335660243035,1.0628035353922844,-0.11676600724458694,-0.41523030711600484,0.02679937766602336,-0.19421546472499074,-1.2409335660243035,1.0628035353922844,-0.11676600724458694,0.387856,NO_PATTERN,0.0,0.0,0 long / 0 short; top=ERROR_CORRECTION_RESIDUAL,NORMAL,MIXED,0.0,590.0,0.0,0.7245696187019348,CAPACITY_BELOW_ONE_PACKAGE,3.590714931488037,3.450000047683716,,636.6038607586179,85.45018265216348,203.45281583848447,,Crack USD/bbl; HO USD/gal x 42 and gasoil USD/MT / 7.45 before leg weighting,2026-12-31,2026-12-24,87,DEMO ONLY - NOT VALIDATED,true,15,9,30,18,180,30,15,5,false,3
2026-09-01,2026-09-01T18:15:00.000+0000,Dec26/Jan27 HO/WTI Crack Box,Dec26/Jan27 HO/WTI Crack Box,HOZ6 Comdty | CLZ6 Comdty | HOF7 Comdty | CLF7 Comdty,2026-12-01 | 2027-01-01,BOX.CRKCAL.HO_CL.M03_M04,HO/WTI Crack Calendar Box M3-M4,Crack Curve,HO|CL,CRACK_USD_BBL,USD/bbl,NO TRADE,NOT_ACTIONABLE,false,,,3,3,REGIME_ENSEMBLE,false,USD/bbl,0.0644220693671258,-0.32504175067842006,0.3619766293555498,0.03231907580047846,-0.16115833980207128,0.2900024785363229,0.0644220693671258,-0.32504175067842006,0.3619766293555498,0.03231907580047846,0.387801,NO_PATTERN,0.0,0.0,0 long / 0 short; top=ERROR_CORRECTION_RESIDUAL,IMPACT_STRESS,MEAN_REVERTING,0.0,76.8,0.0,0.689653217792511,CAPACITY_BELOW_ONE_PACKAGE,23.809200286865234,2.4000000953674316,206.0926082494619,,,,,Crack USD/bbl; HO USD/gal x 42 and gasoil USD/MT / 7.45 before leg weighting,2026-11-20,2026-11-16,58,DEMO ONLY - NOT VALIDATED,true,15,9,30,18,180,30,15,5,false,3
2026-09-01,2026-09-01T18:15:00.000+0000,Mar27/Apr27/May27 Brent Fly,Mar/Apr/May Brent Fly,COH7 Comdty | COJ7 Comdty | COK7 Comdty,2027-03-01 | 2027-04-01 | 2027-05-01,FLY.CO.M05_M06_M07,CO M5-M6-M7 Fly,Fly,CO,NORMALIZED_USD_BBL,USD/bbl,NO TRADE,NOT_ACTIONABLE,false,,,3,3,REGIME_ENSEMBLE,false,USD/bbl,0.09235483220126639,-0.7863799494040011,0.7471819158923625,0.010830831155180931,-0.13657587954494943,0.3212855439474822,0.09235483220126639,-0.7863799494040011,0.7471819158923625,0.010830831155180931,0.387562,NO_PATTERN,0.0,0.0,0 long / 0 short; top=ERROR_CORRECTION_RESIDUAL,NORMAL,MIXED,0.0,100.0,0.0,0.6758888959884644,CAPACITY_BELOW_ONE_PACKAGE,12.819384574890137,3.450000047683716,,,,,,Normalized USD/bbl package quote,2027-01-29,2027-01-25,108,DEMO ONLY - NOT VALIDATED,true,15,9,30,18,180,30,15,5,false,3
2026-09-01,2026-09-01T18:15:00.000+0000,Jun27/Jul27/Aug27/Sep27 HO Condor,Jun/Jul/Aug/Sep HO Condor,HOM7 Comdty | HON7 Comdty | HOQ7 Comdty | HOU7 Comdty,2027-06-01 | 2027-07-01 | 2027-08-01 | 2027-09-01,CDR.HO.M09_M10_M11_M12,HO M9-M12 Condor,Condor,HO,HO_CPG,USD/bbl,NO TRADE,NOT_ACTIONABLE,false,,,3,3,REGIME_ENSEMBLE,false,cpg,-0.9488688345516242,-1.4603782758471513,1.3010168850067116,-0.3489680517287481,-1.4144310025282079,-0.4833066665750404,-0.39852491051168215,-0.6133588758558035,0.5464270917028189,-0.1465665817260742,0.387473,NO_PATTERN,0.0,0.0,0 long / 0 short; top=ERROR_CORRECTION_RESIDUAL,NORMAL,MIXED,0.0,53.6,0.0,0.9542678594589233,CAPACITY_BELOW_ONE_PACKAGE,3.9413232803344727,5.199999809265137,198.73585480109512,,,,,HO cpg = normalized USD/bbl / 0.42 = native USD/gal x 100,2027-05-31,2027-05-25,194,DEMO ONLY - NOT VALIDATED,true,15,9,30,18,180,30,15,5,false,3
2026-09-01,2026-09-01T18:15:00.000+0000,May27/Jun27/Jul27 HOGO Fly,May/Jun/Jul HOGO Fly,HOK7 Comdty | HOM7 Comdty | HON7 Comdty | QSK7 Comdty | QSM7 Comdty | QSN7 Comdty,2027-05-01 | 2027-06-01 | 2027-07-01,FLY.HOGO.M08_M09_M10,HOGO Relative Fly M8-M10,HOGO Fly,HO|QS,HOGO_CPG,USD/bbl,NO TRADE,NOT_ACTIONABLE,false,,,3,3,REGIME_ENSEMBLE,false,cpg,0.4976824868989416,0.04533817478588635,12.55277447649411,4.563934100525719,-0.21915547876262953,1.2145204525605127,0.20902664449755548,0.019042033410072268,5.272165280127526,1.916852322220802,0.38714,NO_PATTERN,0.0,0.0,0 long / 0 short; top=STABILITY_REVERSION,NORMAL,MIXED,0.0,1040.8,0.0,0.7101954221725464,INSUFFICIENT_EXECUTABLE_CAPACITY,0.7277628779411316,4.849999904632568,200.17331793767613,627.4163201110251,84.21695571960069,200.5165612371445,0.4976824868989416,HO cpg minus gasoil cpg; gasoil cpg = USD/MT / 7.45 / 0.42,2027-04-30,2027-04-26,173,DEMO ONLY - NOT VALIDATED,true,15,9,30,18,180,30,15,5,false,3
2026-09-01,2026-09-01T18:15:00.000+0000,Nov26/Dec26/Jan27 HOGO Fly,Nov26/Dec26/Jan27 HOGO Fly,HOX6 Comdty | HOZ6 Comdty | HOF7 Comdty | QSX6 Comdty | QSZ6 Comdty | QSF7 Comdty,2026-11-01 | 2026-12-01 | 2027-01-01,FLY.HOGO.M02_M03_M04,HOGO Relative Fly M2-M4,HOGO Fly,HO|QS,HOGO_CPG,USD/bbl,NO TRADE,NOT_ACTIONABLE,false,,,3,3,REGIME_ENSEMBLE,false,cpg,-0.04065449334655384,-0.388658660128003,13.141830807969683,4.444078466899338,-0.7414567251749256,0.6601477384818178,-0.017074887205552614,-0.16323663725376125,5.519568939347267,1.866512956097722,0.387083,NO_PATTERN,0.0,0.0,0 long / 0 short; top=FLOW_DIVERGENCE,NORMAL,MIXED,0.0,1040.8,0.0,0.6925281882286072,CAPACITY_BELOW_ONE_PACKAGE,3.5434765815734863,2.75,207.3982126402968,648.806532471017,87.0881251638949,207.35267896165453,-0.04065449334655384,HO cpg minus gasoil cpg; gasoil cpg = USD/MT / 7.45 / 0.42,2026-10-30,2026-10-26,43,DEMO ONLY - NOT VALIDATED,true,15,9,30,18,180,30,15,5,false,3
2026-09-01,2026-09-01T18:15:00.000+0000,Aug27/Sep27/Oct27/Nov27 Brent Condor,Aug/Sep/Oct/Nov Brent Condor,COQ7 Comdty | COU7 Comdty | COV7 Comdty | COX7 Comdty,2027-08-01 | 2027-09-01 | 2027-10-01 | 2027-11-01,CDR.CO.M10_M11_M12_M13,CO M10-M13 Condor,Condor,CO,NORMALIZED_USD_BBL,USD/bbl,NO TRADE,NOT_ACTIONABLE,false,,,3,3,REGIME_ENSEMBLE,false,USD/bbl,-0.13530775196436906,-0.5145824678325652,0.5590608209455012,-0.021753116510808468,-0.3421562466729071,0.071540742744169,-0.13530775196436906,-0.5145824678325652,0.5590608209455012,-0.021753116510808468,0.386866,NO_PATTERN,0.0,0.0,0 long / 0 short; top=ERROR_CORRECTION_RESIDUAL,NORMAL,MIXED,0.0,100.0,0.0,1.2129805088043213,CAPACITY_BELOW_ONE_PACKAGE,7.04519510269165,5.550000190734863,,,,,,Normalized USD/bbl package quote,2027-06-30,2027-06-24,216,DEMO ONLY - NOT VALIDATED,true,15,9,30,18,180,30,15,5,false,3
2026-09-01,2026-09-01T18:15:00.000+0000,Feb27/Mar27/Apr27/May27 Gasoil Condor,Feb/Mar/Apr/May Gasoil Condor,QSG7 Comdty | QSH7 Comdty | QSJ7 Comdty | QSK7 Comdty,2027-02-01 | 2027-03-01 | 2027-04-01 | 2027-05-01,CDR.QS.M06_M07_M08_M09,QS M6-M9 Condor,Condor,QS,NORMALIZED_USD_BBL,USD/bbl,NO TRADE,NOT_ACTIONABLE,false,,,3,3,REGIME_ENSEMBLE,false,USD/bbl,-0.27313748911501534,-0.407113025521338,0.20307108256727457,-0.14982629790902136,-0.5263440178382552,-0.019930960391775443,-0.27313748911501534,-0.407113025521338,0.20307108256727457,-0.14982629790902136,0.38683,NO_PATTERN,0.0,0.0,0 long / 0 short; top=ERROR_CORRECTION_RESIDUAL,NORMAL,MIXED,0.0,220.0,0.0,0.9984692931175232,CAPACITY_BELOW_ONE_PACKAGE,8.314255714416504,4.150000095367432,,636.6038607586179,85.45018265216348,203.45281583848447,,Normalized USD/bbl package quote,2027-02-10,2027-02-04,116,DEMO ONLY - NOT VALIDATED,true,15,9,30,18,180,30,15,5,false,3
2026-09-01,2026-09-01T18:15:00.000+0000,Jan27/Feb27/Mar27 WTI Fly,Jan/Feb/Mar WTI Fly,CLF7 Comdty | CLG7 Comdty | CLH7 Comdty,2027-01-01 | 2027-02-01 | 2027-03-01,FLY.CL.M04_M05_M06,CL M4-M5-M6 Fly,Fly,CL,NORMALIZED_USD_BBL,USD/bbl,NO TRADE,NOT_ACTIONABLE,false,,,3,3,REGIME_ENSEMBLE,false,USD/bbl,-0.05394838891045595,-0.5497068087047339,0.3365631023830175,-0.09041068330407141,-0.32054800680892015,0.21265122898800826,-0.05394838891045595,-0.5497068087047339,0.3365631023830175,-0.09041068330407141,0.386672,NO_PATTERN,0.0,0.0,0 long / 0 short; top=ROBUST_MEAN_REVERSION,IMPACT_STRESS,MIXED,0.0,100.0,0.0,0.6828702688217163,CAPACITY_BELOW_ONE_PACKAGE,31.486549377441406,3.0999999046325684,,,,,,Normalized USD/bbl package quote,2026-12-22,2026-12-16,80,DEMO ONLY - NOT VALIDATED,true,15,9,30,18,180,30,15,5,false,3
2026-09-01,2026-09-01T18:15:00.000+0000,Sep27/Oct27/Nov27/Dec27 Brent Condor,Sep/Oct/Nov/Dec Brent Condor,COU7 Comdty | COV7 Comdty | COX7 Comdty | COZ7 Comdty,2027-09-01 | 2027-10-01 | 2027-11-01 | 2027-12-01,CDR.CO.M11_M12_M13_M14,CO M11-M14 Condor,Condor,CO,NORMALIZED_USD_BBL,USD/bbl,NO TRADE,NOT_ACTIONABLE,false,,,3,3,REGIME_ENSEMBLE,false,USD/bbl,-0.11886576108542357,-0.5048872047564387,0.4964067099145054,-0.03622436868026853,-0.31645286746230994,0.0787213452914628,-0.11886576108542357,-0.5048872047564387,0.4964067099145054,-0.03622436868026853,0.386092,NO_PATTERN,0.0,0.0,0 long / 0 short; top=ERROR_CORRECTION_RESIDUAL,NORMAL,MIXED,0.0,100.0,0.0,1.251708984375,CAPACITY_BELOW_ONE_PACKAGE,5.441685676574707,5.900000095367432,,,,,,Normalized USD/bbl package quote,2027-07-30,2027-07-26,238,DEMO ONLY - NOT VALIDATED,true,15,9,30,18,180,30,15,5,false,3
2026-09-01,2026-09-01T18:15:00.000+0000,Dec26/Jan27 HOGO Box,Dec26/Jan27 HOGO Box,HOZ6 Comdty | QSZ6 Comdty | HOF7 Comdty | QSF7 Comdty,2026-12-01 | 2027-01-01,BOX.CURVE.HO_QS.M03_M04,HO-Gasoil Curve Box M3-M4,Relative Box,HO|QS,HOGO_CPG,USD/bbl,NO TRADE,NOT_ACTIONABLE,false,,,3,3,REGIME_ENSEMBLE,false,cpg,0.08618817198884883,-1.0168817924119178,0.809154460921174,-0.04298606000485874,-0.37849327527300686,0.5508696192507045,0.03619903223531651,-0.42709035281300545,0.3398448735868931,-0.01805414520204067,0.386087,NO_PATTERN,0.0,0.0,0 long / 0 short; top=ERROR_CORRECTION_RESIDUAL,NORMAL,MIXED,0.0,520.4,0.0,0.6015923023223877,CAPACITY_BELOW_ONE_PACKAGE,4.950032711029053,2.75,206.0926082494619,644.8643985620192,86.55897967275426,206.092808744653,0.08618817198884883,HO cpg minus gasoil cpg; gasoil cpg = USD/MT / 7.45 / 0.42,2026-11-30,2026-11-23,64,DEMO ONLY - NOT VALIDATED,true,15,9,30,18,180,30,15,5,false,3
2026-09-01,2026-09-01T18:15:00.000+0000,Dec26/Jan27/Feb27/Mar27 Brent Condor,Dec26/Jan27/Feb27/Mar27 Brent Condor,COZ6 Comdty | COF7 Comdty | COG7 Comdty | COH7 Comdty,2026-12-01 | 2027-01-01 | 2027-02-01 | 2027-03-01,CDR.CO.M02_M03_M04_M05,CO M2-M5 Condor,Condor,CO,NORMALIZED_USD_BBL,USD/bbl,NO TRADE,NOT_ACTIONABLE,false,,,3,3,REGIME_ENSEMBLE,false,USD/bbl,0.3581335689576548,-0.6426328106939793,0.6838747135519981,0.1251538312062621,0.1644871677907389,0.5517799701245707,0.3581335689576548,-0.6426328106939793,0.6838747135519981,0.1251538312062621,0.385557,NO_PATTERN,0.0,0.0,0 long / 0 short; top=ERROR_CORRECTION_RESIDUAL,NORMAL,MIXED,0.0,100.0,0.0,1.0188571214675903,CAPACITY_BELOW_ONE_PACKAGE,57.3011360168457,2.75,,,,,,Normalized USD/bbl package quote,2026-10-30,2026-10-26,43,DEMO ONLY - NOT VALIDATED,true,15,9,30,18,180,30,15,5,false,3
2026-09-01,2026-09-01T18:15:00.000+0000,Jan27/Feb27/Mar27/Apr27 Gasoil Condor,Jan/Feb/Mar/Apr Gasoil Condor,QSF7 Comdty | QSG7 Comdty | QSH7 Comdty | QSJ7 Comdty,2027-01-01 | 2027-02-01 | 2027-03-01 | 2027-04-01,CDR.QS.M05_M06_M07_M08,QS M5-M8 Condor,Condor,QS,NORMALIZED_USD_BBL,USD/bbl,NO TRADE,NOT_ACTIONABLE,false,,,3,3,REGIME_ENSEMBLE,false,USD/bbl,0.24118062684439678,-0.5451527784037591,0.4836373167502881,0.05315804537385702,-0.0024386065254304867,0.48479986021422405,0.24118062684439678,-0.5451527784037591,0.4836373167502881,0.05315804537385702,0.385488,NO_PATTERN,0.0,0.0,0 long / 0 short; top=ERROR_CORRECTION_RESIDUAL,NORMAL,MEAN_REVERTING,0.0,220.0,0.0,1.0018765926361084,CAPACITY_BELOW_ONE_PACKAGE,11.88936996459961,3.799999952316284,,640.8166510660725,86.01565786121779,204.7991853838519,,Normalized USD/bbl package quote,2027-01-12,2027-01-06,95,DEMO ONLY - NOT VALIDATED,true,15,9,30,18,180,30,15,5,false,3
2026-09-01,2026-09-01T18:15:00.000+0000,Jun27/Jul27/Aug27/Sep27 Gasoil Condor,Jun/Jul/Aug/Sep Gasoil Condor,QSM7 Comdty | QSN7 Comdty | QSQ7 Comdty | QSU7 Comdty,2027-06-01 | 2027-07-01 | 2027-08-01 | 2027-09-01,CDR.QS.M10_M11_M12_M13,QS M10-M13 Condor,Condor,QS,NORMALIZED_USD_BBL,USD/bbl,NO TRADE,NOT_ACTIONABLE,false,,,3,3,REGIME_ENSEMBLE,false,USD/bbl,-0.11105682759138347,-0.27190364917784926,0.3553925903704762,-0.0023590028285980225,-0.32021828054043056,0.09810462535766362,-0.11105682759138347,-0.27190364917784926,0.3553925903704762,-0.0023590028285980225,0.385335,NO_PATTERN,0.0,0.0,0 long / 0 short; top=ERROR_CORRECTION_RESIDUAL,NORMAL,MEAN_REVERTING,0.0,220.0,0.0,1.0325062274932861,CAPACITY_BELOW_ONE_PACKAGE,3.0578227043151855,5.550000190734863,,624.4341228795072,83.8166607891956,199.5634780695133,,Normalized USD/bbl package quote,2027-06-10,2027-06-04,202,DEMO ONLY - NOT VALIDATED,true,15,9,30,18,180,30,15,5,false,3
2026-09-01,2026-09-01T18:15:00.000+0000,Apr27/May27/Jun27/Jul27 WTI Condor,Apr/May/Jun/Jul WTI Condor,CLJ7 Comdty | CLK7 Comdty | CLM7 Comdty | CLN7 Comdty,2027-04-01 | 2027-05-01 | 2027-06-01 | 2027-07-01,CDR.CL.M07_M08_M09_M10,CL M7-M10 Condor,Condor,CL,NORMALIZED_USD_BBL,USD/bbl,NO TRADE,NOT_ACTIONABLE,false,,,3,3,REGIME_ENSEMBLE,false,USD/bbl,-0.012879027782858543,-0.24826790102779867,0.35733292707264425,0.034162155352532864,-0.2727234091450583,0.24696535357934124,-0.012879027782858543,-0.24826790102779867,0.35733292707264425,0.034162155352532864,0.383939,NO_PATTERN,0.0,0.0,0 long / 0 short; top=ERROR_CORRECTION_RESIDUAL,NORMAL,MIXED,0.0,100.0,0.0,1.2208753824234009,CAPACITY_BELOW_ONE_PACKAGE,27.358112335205078,4.5,,,,,,Normalized USD/bbl package quote,2027-03-22,2027-03-16,144,DEMO ONLY - NOT VALIDATED,true,15,9,30,18,180,30,15,5,false,3
2026-09-01,2026-09-01T18:15:00.000+0000,Nov27/Dec27/Jan28 HOGO Fly,Nov27/Dec27/Jan28 HOGO Fly,HOX7 Comdty | HOZ7 Comdty | HOF8 Comdty | QSX7 Comdty | QSZ7 Comdty | QSF8 Comdty,2027-11-01 | 2027-12-01 | 2028-01-01,FLY.HOGO.M14_M15_M16,HOGO Relative Fly M14-M16,HOGO Fly,HO|QS,HOGO_CPG,USD/bbl,NO TRADE,NOT_ACTIONABLE,false,,,3,3,REGIME_ENSEMBLE,false,cpg,0.7621211508751999,-1.684138982670648,12.580358508689063,4.037885133709226,0.08714138963233338,1.4371009121180665,0.32009088336758396,-0.7073383727216722,5.283750573649407,1.695911756157875,0.383517,NO_PATTERN,0.0,0.0,0 long / 0 short; top=STABILITY_REVERSION,IMPACT_STRESS,MIXED,0.0,1040.8,0.0,0.8663371205329895,INSUFFICIENT_EXECUTABLE_CAPACITY,0.15478193759918213,6.949999809265137,193.55169383679996,605.7851916305661,81.31344854101559,193.60344890717997,0.7621211508751999,HO cpg minus gasoil cpg; gasoil cpg = USD/MT / 7.45 / 0.42,2027-10-29,2027-10-25,303,DEMO ONLY - NOT VALIDATED,true,15,9,30,18,180,30,15,5,false,3
2026-09-01,2026-09-01T18:15:00.000+0000,Nov26/Dec26/Jan27/Feb27 Brent Condor,Nov26/Dec26/Jan27/Feb27 Brent Condor,COX6 Comdty | COZ6 Comdty | COF7 Comdty | COG7 Comdty,2026-11-01 | 2026-12-01 | 2027-01-01 | 2027-02-01,CO_CONDOR_1234,Brent M1-M2-M3-M4 Condor,Condor,CO,NORMALIZED_USD_BBL,USD/bbl,NO TRADE,NOT_ACTIONABLE,false,,,3,3,REGIME_ENSEMBLE,false,USD/bbl,-0.07742794540428122,-0.3415574890002608,0.30312097560614343,-0.03905250448733568,-0.28755273979805906,0.13269684898949663,-0.07742794540428122,-0.3415574890002608,0.30312097560614343,-0.03905250448733568,0.38319,NO_PATTERN,0.0,0.0,0 long / 0 short; top=ERROR_CORRECTION_RESIDUAL,NORMAL,MIXED,0.0,100.0,0.0,1.2420246601104736,CAPACITY_BELOW_ONE_PACKAGE,86.74261474609375,2.4000000953674316,,,,,,Normalized USD/bbl package quote,2026-09-30,2026-09-24,21,DEMO ONLY - NOT VALIDATED,true,15,9,30,18,180,30,15,5,false,3
2026-09-01,2026-09-01T18:15:00.000+0000,Jun27/Jul27/Aug27/Sep27 Brent Condor,Jun/Jul/Aug/Sep Brent Condor,COM7 Comdty | CON7 Comdty | COQ7 Comdty | COU7 Comdty,2027-06-01 | 2027-07-01 | 2027-08-01 | 2027-09-01,CDR.CO.M08_M09_M10_M11,CO M8-M11 Condor,Condor,CO,NORMALIZED_USD_BBL,USD/bbl,NO TRADE,NOT_ACTIONABLE,false,,,3,3,REGIME_ENSEMBLE,false,USD/bbl,-0.09293048663641912,-0.2947895624354481,0.3509025484934449,-0.007706823013722896,-0.3006726784875582,0.11481170521471995,-0.09293048663641912,-0.2947895624354481,0.3509025484934449,-0.007706823013722896,0.382594,NO_PATTERN,0.0,0.0,0 long / 0 short; top=ERROR_CORRECTION_RESIDUAL,IMPACT_STRESS,MIXED,0.0,100.0,0.0,1.0767583847045898,CAPACITY_BELOW_ONE_PACKAGE,11.365784645080566,4.849999904632568,,,,,,Normalized USD/bbl package quote,2027-04-30,2027-04-26,173,DEMO ONLY - NOT VALIDATED,true,15,9,30,18,180,30,15,5,false,3
2026-09-01,2026-09-01T18:15:00.000+0000,Jan27/Feb27/Mar27 HOGO Fly,Jan/Feb/Mar HOGO Fly,HOF7 Comdty | HOG7 Comdty | HOH7 Comdty | QSF7 Comdty | QSG7 Comdty | QSH7 Comdty,2027-01-01 | 2027-02-01 | 2027-03-01,FLY.HOGO.M04_M05_M06,HOGO Relative Fly M4-M6,HOGO Fly,HO|QS,HOGO_CPG,USD/bbl,NO TRADE,NOT_ACTIONABLE,false,,,3,3,REGIME_ENSEMBLE,false,cpg,-0.6410646033486278,-1.0896369363921021,13.05090290907451,4.002198576927185,-1.4213661266991617,0.13923692000190613,-0.2692471334064237,-0.4576475132846829,5.481379221811294,1.6809234023094177,0.381663,NO_PATTERN,0.0,0.0,0 long / 0 short; top=FLOW_DIVERGENCE,VOLUME_DRYNESS,MIXED,0.0,1040.8,0.0,0.6118108630180359,CAPACITY_BELOW_ONE_PACKAGE,1.798269271850586,3.450000047683716,204.71279671667193,640.8166510660725,86.01565786121779,204.7991853838519,-0.6410646033486278,HO cpg minus gasoil cpg; gasoil cpg = USD/MT / 7.45 / 0.42,2026-12-31,2026-12-24,87,DEMO ONLY - NOT VALIDATED,true,15,9,30,18,180,30,15,5,false,3
2026-09-01,2026-09-01T18:15:00.000+0000,Dec26/Jan27/Feb27 HOGO Fly,Dec26/Jan27/Feb27 HOGO Fly,HOZ6 Comdty | HOF7 Comdty | HOG7 Comdty | QSZ6 Comdty | QSF7 Comdty | QSG7 Comdty,2026-12-01 | 2027-01-01 | 2027-02-01,FLY.HOGO.M03_M04_M05,HOGO Relative Fly M3-M5,HOGO Fly,HO|QS,HOGO_CPG,USD/bbl,NO TRADE,NOT_ACTIONABLE,false,,,3,3,REGIME_ENSEMBLE,false,cpg,0.5744432307724067,0.22888488346622143,11.883619076552844,4.410518585216431,-0.1246609782589709,1.273547439803784,0.24126615692441078,0.096131651055813,4.991120012152194,1.8524178057909009,0.380412,NO_PATTERN,0.0,0.0,0 long / 0 short; top=FLOW_DIVERGENCE,NORMAL,MIXED,0.0,1040.8,0.0,0.5876437425613403,CAPACITY_BELOW_ONE_PACKAGE,2.4750163555145264,3.0999999046325684,206.0926082494619,644.8643985620192,86.55897967275426,206.092808744653,0.5744432307724067,HO cpg minus gasoil cpg; gasoil cpg = USD/MT / 7.45 / 0.42,2026-11-30,2026-11-23,64,DEMO ONLY - NOT VALIDATED,true,15,9,30,18,180,30,15,5,false,3
2026-09-01,2026-09-01T18:15:00.000+0000,Jan27 HO/WTI/Gasoil/Brent Box,Jan HO/WTI/Gasoil/Brent Box,HOF7 Comdty | CLF7 Comdty | QSF7 Comdty | COF7 Comdty,2027-01-01,BOX.CRACK.TRANSATL.M03,US-Europe Crack Relative Box M3,Relative Box,HO|CL|QS|CO,NORMALIZED_USD_BBL,USD/bbl,NO TRADE,NOT_ACTIONABLE,false,,,3,3,REGIME_ENSEMBLE,false,USD/bbl,3.424442022956171,3.2486050348329543,8.665840842242241,5.193682074546814,3.1659910678036596,3.6828929781086828,3.424442022956171,3.2486050348329543,8.665840842242241,5.193682074546814,0.380143,NO_PATTERN,0.0,0.0,0 long / 0 short; top=ERROR_CORRECTION_RESIDUAL,NORMAL,MIXED,0.0,410.2,0.0,0.5876437425613403,CAPACITY_BELOW_ONE_PACKAGE,4.950032711029053,2.75,204.71279671667193,640.8166510660725,86.01565786121779,204.7991853838519,,Normalized USD/bbl package quote,2026-11-30,2026-11-24,64,DEMO ONLY - NOT VALIDATED,true,15,9,30,18,180,30,15,5,false,3
2026-09-01,2026-09-01T18:15:00.000+0000,Oct26/Nov26/Dec26/Jan27 Gasoil Condor,Oct26/Nov26/Dec26/Jan27 Gasoil Condor,QSV6 Comdty | QSX6 Comdty | QSZ6 Comdty | QSF7 Comdty,2026-10-01 | 2026-11-01 | 2026-12-01 | 2027-01-01,CDR.QS.M02_M03_M04_M05,QS M2-M5 Condor,Condor,QS,NORMALIZED_USD_BBL,USD/bbl,NO TRADE,NOT_ACTIONABLE,false,,,3,3,REGIME_ENSEMBLE,false,USD/bbl,0.1867978364165026,-0.4348625004148483,0.33427817224025724,0.019710531830787657,-0.021249568468789448,0.39484524130179466,0.1867978364165026,-0.4348625004148483,0.33427817224025724,0.019710531830787657,0.379781,NO_PATTERN,0.0,0.0,0 long / 0 short; top=ERROR_CORRECTION_RESIDUAL,NORMAL,MIXED,0.0,220.0,0.0,0.8364852070808411,CAPACITY_BELOW_ONE_PACKAGE,19.80013084411621,2.75,,654.2459238482667,87.81824481184788,209.09105907582827,,Normalized USD/bbl package quote,2026-10-12,2026-10-06,29,DEMO ONLY - NOT VALIDATED,true,15,9,30,18,180,30,15,5,false,3
2026-09-01,2026-09-01T18:15:00.000+0000,Apr27/May27/Jun27/Jul27 Gasoil Condor,Apr/May/Jun/Jul Gasoil Condor,QSJ7 Comdty | QSK7 Comdty | QSM7 Comdty | QSN7 Comdty,2027-04-01 | 2027-05-01 | 2027-06-01 | 2027-07-01,CDR.QS.M08_M09_M10_M11,QS M8-M11 Condor,Condor,QS,NORMALIZED_USD_BBL,USD/bbl,NO TRADE,NOT_ACTIONABLE,false,,,3,3,REGIME_ENSEMBLE,false,USD/bbl,0.02053992376896474,-0.4050512030774355,0.3439278096014261,-0.01729168193414807,-0.21073570920852092,0.2518155567464504,0.02053992376896474,-0.4050512030774355,0.3439278096014261,-0.01729168193414807,0.379276,NO_PATTERN,0.0,0.0,0 long / 0 short; top=ERROR_CORRECTION_RESIDUAL,NORMAL,MIXED,0.0,220.0,0.0,1.212098240852356,CAPACITY_BELOW_ONE_PACKAGE,5.822103023529053,4.849999904632568,,631.819530263043,84.80799063933463,201.92378723651103,,Normalized USD/bbl package quote,2027-04-12,2027-04-06,159,DEMO ONLY - NOT VALIDATED,true,15,9,30,18,180,30,15,5,false,3
2026-09-01,2026-09-01T18:15:00.000+0000,May27/Jun27/Jul27/Aug27 Brent Condor,May/Jun/Jul/Aug Brent Condor,COK7 Comdty | COM7 Comdty | CON7 Comdty | COQ7 Comdty,2027-05-01 | 2027-06-01 | 2027-07-01 | 2027-08-01,CDR.CO.M07_M08_M09_M10,CO M7-M10 Condor,Condor,CO,NORMALIZED_USD_BBL,USD/bbl,NO TRADE,NOT_ACTIONABLE,false,,,3,3,REGIME_ENSEMBLE,false,USD/bbl,0.16451404766316102,-0.4278231517113745,0.4396696074567735,0.050698419893160464,-0.04548188893919303,0.3745099842655151,0.16451404766316102,-0.4278231517113745,0.4396696074567735,0.050698419893160464,0.379126,NO_PATTERN,0.0,0.0,0 long / 0 short; top=ERROR_CORRECTION_RESIDUAL,NORMAL,MEAN_REVERTING,0.0,100.0,0.0,1.026268482208252,CAPACITY_BELOW_ONE_PACKAGE,13.729813575744629,4.5,,,,,,Normalized USD/bbl package quote,2027-03-31,2027-03-23,151,DEMO ONLY - NOT VALIDATED,true,15,9,30,18,180,30,15,5,false,3
2026-09-01,2026-09-01T18:15:00.000+0000,Oct27/Nov27/Dec27/Jan28 Brent Condor,Oct27/Nov27/Dec27/Jan28 Brent Condor,COV7 Comdty | COX7 Comdty | COZ7 Comdty | COF8 Comdty,2027-10-01 | 2027-11-01 | 2027-12-01 | 2028-01-01,CDR.CO.M12_M13_M14_M15,CO M12-M15 Condor,Condor,CO,NORMALIZED_USD_BBL,USD/bbl,NO TRADE,NOT_ACTIONABLE,false,,,3,3,REGIME_ENSEMBLE,false,USD/bbl,0.09404589254739193,-0.9021920996046067,0.5841472881174088,-0.08250180110335349,-0.10126724075195881,0.28935902584674267,0.09404589254739193,-0.9021920996046067,0.5841472881174088,-0.08250180110335349,0.378937,NO_PATTERN,0.0,0.0,0 long / 0 short; top=ERROR_CORRECTION_RESIDUAL,NORMAL,MIXED,0.0,100.0,0.0,1.0431989431381226,CAPACITY_BELOW_ONE_PACKAGE,2.991971254348755,6.25,,,,,,Normalized USD/bbl package quote,2027-08-31,2027-08-24,260,DEMO ONLY - NOT VALIDATED,true,15,9,30,18,180,30,15,5,false,3
2026-09-01,2026-09-01T18:15:00.000+0000,Dec26/Jan27/Feb27/Mar27 WTI Condor,Dec26/Jan27/Feb27/Mar27 WTI Condor,CLZ6 Comdty | CLF7 Comdty | CLG7 Comdty | CLH7 Comdty,2026-12-01 | 2027-01-01 | 2027-02-01 | 2027-03-01,CDR.CL.M03_M04_M05_M06,CL M3-M6 Condor,Condor,CL,NORMALIZED_USD_BBL,USD/bbl,NO TRADE,NOT_ACTIONABLE,false,,,3,3,REGIME_ENSEMBLE,false,USD/bbl,0.07732637302467538,-0.43448572962820525,0.2737875690990686,-0.031752227246761314,-0.1130270764093666,0.26767982245871735,0.07732637302467538,-0.43448572962820525,0.2737875690990686,-0.031752227246761314,0.378671,NO_PATTERN,0.0,0.0,0 long / 0 short; top=ERROR_CORRECTION_RESIDUAL,NORMAL,MIXED,0.0,100.0,0.0,0.9549927711486816,CAPACITY_BELOW_ONE_PACKAGE,62.97309875488281,3.0999999046325684,,,,,,Normalized USD/bbl package quote,2026-11-20,2026-11-16,58,DEMO ONLY - NOT VALIDATED,true,15,9,30,18,180,30,15,5,false,3
2026-09-01,2026-09-01T18:15:00.000+0000,Oct26/Nov26/Dec26 HOGO Fly,Oct/Nov/Dec HOGO Fly,HOV6 Comdty | HOX6 Comdty | HOZ6 Comdty | QSV6 Comdty | QSX6 Comdty | QSZ6 Comdty,2026-10-01 | 2026-11-01 | 2026-12-01,HOGO_FLY_BOX,HO-QS Relative Fly Box,HOGO Fly,HO|QS,HOGO_CPG,USD/bbl,NO TRADE,NOT_ACTIONABLE,false,,,3,3,REGIME_ENSEMBLE,false,cpg,-0.9369454212775944,-2.3660943592332657,1.8300965399004163,-0.4719279529083343,-1.7000521576764729,-0.17383868487871587,-0.39351707693658966,-0.9937596308779716,0.7686405467581748,-0.1982097402215004,0.378507,NO_PATTERN,0.0,0.0,0 long / 0 short; top=FLOW_DIVERGENCE,NORMAL,MIXED,0.0,1040.8,0.0,1.0533795356750488,CAPACITY_BELOW_ONE_PACKAGE,7.086953163146973,2.4000000953674316,208.2453815070264,654.2459238482667,87.81824481184788,209.09105907582827,-0.9369454212775944,HO cpg minus gasoil cpg; gasoil cpg = USD/MT / 7.45 / 0.42,2026-09-30,2026-09-24,21,DEMO ONLY - NOT VALIDATED,true,15,9,30,18,180,30,15,5,false,3
2026-09-01,2026-09-01T18:15:00.000+0000,Mar27/Apr27/May27/Jun27 WTI Condor,Mar/Apr/May/Jun WTI Condor,CLH7 Comdty | CLJ7 Comdty | CLK7 Comdty | CLM7 Comdty,2027-03-01 | 2027-04-01 | 2027-05-01 | 2027-06-01,CDR.CL.M06_M07_M08_M09,CL M6-M9 Condor,Condor,CL,NORMALIZED_USD_BBL,USD/bbl,NO TRADE,NOT_ACTIONABLE,false,,,3,3,REGIME_ENSEMBLE,false,USD/bbl,0.20814192373890705,-0.2583780196413398,0.35169291318506,0.09577262215316296,0.008326032055805399,0.4079578154220087,0.20814192373890705,-0.2583780196413398,0.35169291318506,0.09577262215316296,0.376741,NO_PATTERN,0.0,0.0,0 long / 0 short; top=ERROR_CORRECTION_RESIDUAL,NORMAL,MIXED,0.0,100.0,0.0,0.8555012941360474,CAPACITY_BELOW_ONE_PACKAGE,27.358112335205078,4.150000095367432,,,,,,Normalized USD/bbl package quote,2027-02-22,2027-02-16,124,DEMO ONLY - NOT VALIDATED,true,15,9,30,18,180,30,15,5,false,3
2026-09-01,2026-09-01T18:15:00.000+0000,Feb27 HO/WTI/Gasoil/Brent Box,Feb HO/WTI/Gasoil/Brent Box,HOG7 Comdty | CLG7 Comdty | QSG7 Comdty | COG7 Comdty,2027-02-01,BOX.CRACK.TRANSATL.M04,US-Europe Crack Relative Box M4,Relative Box,HO|CL|QS|CO,NORMALIZED_USD_BBL,USD/bbl,NO TRADE,NOT_ACTIONABLE,false,,,3,3,REGIME_ENSEMBLE,false,USD/bbl,3.7934487159806594,3.359722678537369,8.499376709585189,5.2821409702301025,3.5392547059315547,4.047642726029764,3.7934487159806594,3.359722678537369,8.499376709585189,5.2821409702301025,0.375672,NO_PATTERN,0.0,0.0,0 long / 0 short; top=ERROR_CORRECTION_RESIDUAL,COMPOUND_STRESS,MIXED,0.0,410.2,0.0,0.5962291955947876,CAPACITY_BELOW_ONE_PACKAGE,3.596538543701172,3.0999999046325684,203.94107089726802,636.6038607586179,85.45018265216348,203.45281583848447,,Normalized USD/bbl package quote,2026-12-31,2026-12-24,87,DEMO ONLY - NOT VALIDATED,true,15,9,30,18,180,30,15,5,false,3
2026-09-01,2026-09-01T18:15:00.000+0000,Feb27/Mar27/Apr27/May27 HO Condor,Feb/Mar/Apr/May HO Condor,HOG7 Comdty | HOH7 Comdty | HOJ7 Comdty | HOK7 Comdty,2027-02-01 | 2027-03-01 | 2027-04-01 | 2027-05-01,CDR.HO.M05_M06_M07_M08,HO M5-M8 Condor,Condor,HO,HO_CPG,USD/bbl,NO TRADE,NOT_ACTIONABLE,false,,,3,3,REGIME_ENSEMBLE,false,cpg,-0.4138435630970943,-0.9789181018230461,1.3096901753190018,-0.005170780987966618,-0.9271196927033185,0.0994325665091299,-0.17381429650077962,-0.41114560276567935,0.5500698736339807,-0.0021717280149459797,0.371924,NO_PATTERN,0.0,0.0,0 long / 0 short; top=ERROR_CORRECTION_RESIDUAL,NORMAL,MEAN_REVERTING,0.0,53.6,0.0,0.7937832474708557,CAPACITY_BELOW_ONE_PACKAGE,9.587576866149902,3.799999952316284,203.94107089726802,,,,,HO cpg = normalized USD/bbl / 0.42 = native USD/gal x 100,2027-01-29,2027-01-25,108,DEMO ONLY - NOT VALIDATED,true,15,9,30,18,180,30,15,5,false,3
2026-09-01,2026-09-01T18:15:00.000+0000,Jan27/Feb27/Mar27/Apr27 WTI Condor,Jan/Feb/Mar/Apr WTI Condor,CLF7 Comdty | CLG7 Comdty | CLH7 Comdty | CLJ7 Comdty,2027-01-01 | 2027-02-01 | 2027-03-01 | 2027-04-01,CDR.CL.M04_M05_M06_M07,CL M4-M7 Condor,Condor,CL,NORMALIZED_USD_BBL,USD/bbl,NO TRADE,NOT_ACTIONABLE,false,,,3,3,REGIME_ENSEMBLE,false,USD/bbl,-0.15748559999936163,-0.3178405070656538,0.2375475669258833,-0.07829595357179642,-0.3561069400953585,0.04113574009663523,-0.15748559999936163,-0.3178405070656538,0.2375475669258833,-0.07829595357179642,0.371611,NO_PATTERN,0.0,0.0,0 long / 0 short; top=ERROR_CORRECTION_RESIDUAL,NORMAL,MIXED,0.0,100.0,0.0,0.8554725050926208,CAPACITY_BELOW_ONE_PACKAGE,45.613807678222656,3.450000047683716,,,,,,Normalized USD/bbl package quote,2026-12-22,2026-12-16,80,DEMO ONLY - NOT VALIDATED,true,15,9,30,18,180,30,15,5,false,3
2026-09-01,2026-09-01T18:15:00.000+0000,Nov26/Dec26/Jan27 Gasoil/Brent Crack Fly,Nov26/Dec26/Jan27 Gasoil/Brent Crack Fly,QSX6 Comdty | COX6 Comdty | QSZ6 Comdty | COZ6 Comdty | QSF7 Comdty | COF7 Comdty,2026-11-01 | 2026-12-01 | 2027-01-01,QS_BRENT_CRACK_FLY,QS/Brent Crack M1-M2-M3 Fly,Crack Fly,QS|CO,CRACK_USD_BBL,USD/bbl,NO TRADE,NOT_ACTIONABLE,false,,,3,3,REGIME_ENSEMBLE,false,USD/bbl,0.6773304049603155,-1.0389079718053342,1.080812197750807,0.21411840245127678,0.3275001276961973,1.0271606822244337,0.6773304049603155,-1.0389079718053342,1.080812197750807,0.21411840245127678,0.371278,NO_PATTERN,0.0,0.0,0 long / 0 short; top=TREND_BREAKOUT,NORMAL,MIXED,0.0,1180.0,0.0,0.6925281882286072,CAPACITY_BELOW_ONE_PACKAGE,3.5434765815734863,2.75,,648.806532471017,87.0881251638949,207.35267896165453,,Crack USD/bbl; HO USD/gal x 42 and gasoil USD/MT / 7.45 before leg weighting,2026-09-30,2026-09-24,21,DEMO ONLY - NOT VALIDATED,true,15,9,30,18,180,30,15,5,false,3
2026-09-01,2026-09-01T18:15:00.000+0000,Mar27/Apr27/May27/Jun27 Gasoil Condor,Mar/Apr/May/Jun Gasoil Condor,QSH7 Comdty | QSJ7 Comdty | QSK7 Comdty | QSM7 Comdty,2027-03-01 | 2027-04-01 | 2027-05-01 | 2027-06-01,CDR.QS.M07_M08_M09_M10,QS M7-M10 Condor,Condor,QS,NORMALIZED_USD_BBL,USD/bbl,NO TRADE,NOT_ACTIONABLE,false,,,3,3,REGIME_ENSEMBLE,false,USD/bbl,-0.07600034819517987,-0.35707043834865093,0.5391748023861647,0.03969317674636841,-0.2897170488682832,0.13771635247792346,-0.07600034819517987,-0.35707043834865093,0.5391748023861647,0.03969317674636841,0.369092,NO_PATTERN,0.0,0.0,0 long / 0 short; top=ERROR_CORRECTION_RESIDUAL,IMPACT_STRESS,MIXED,0.0,220.0,0.0,0.853308379650116,CAPACITY_BELOW_ONE_PACKAGE,5.822103023529053,4.5,,634.2355249005069,85.13228522154455,202.69591719415368,,Normalized USD/bbl package quote,2027-03-10,2027-03-04,136,DEMO ONLY - NOT VALIDATED,true,15,9,30,18,180,30,15,5,false,3
2026-09-01,2026-09-01T18:15:00.000+0000,Aug27/Sep27/Oct27/Nov27 WTI Condor,Aug/Sep/Oct/Nov WTI Condor,CLQ7 Comdty | CLU7 Comdty | CLV7 Comdty | CLX7 Comdty,2027-08-01 | 2027-09-01 | 2027-10-01 | 2027-11-01,CDR.CL.M11_M12_M13_M14,CL M11-M14 Condor,Condor,CL,NORMALIZED_USD_BBL,USD/bbl,NO TRADE,NOT_ACTIONABLE,false,,,3,3,REGIME_ENSEMBLE,false,USD/bbl,-0.27162782296800714,-0.6931333410835266,0.33139689446449283,-0.2056317493319511,-0.4880684931602488,-0.05518715277576547,-0.27162782296800714,-0.6931333410835266,0.33139689446449283,-0.2056317493319511,0.368414,NO_PATTERN,0.0,0.0,0 long / 0 short; top=ERROR_CORRECTION_RESIDUAL,IMPACT_STRESS,MIXED,0.0,100.0,0.0,0.9984966516494751,CAPACITY_BELOW_ONE_PACKAGE,8.362472534179688,5.900000095367432,,,,,,Normalized USD/bbl package quote,2027-07-20,2027-07-14,230,DEMO ONLY - NOT VALIDATED,true,15,9,30,18,180,30,15,5,false,3
2026-09-01,2026-09-01T18:15:00.000+0000,Aug27/Sep27/Oct27/Nov27 HO Condor,Aug/Sep/Oct/Nov HO Condor,HOQ7 Comdty | HOU7 Comdty | HOV7 Comdty | HOX7 Comdty,2027-08-01 | 2027-09-01 | 2027-10-01 | 2027-11-01,CDR.HO.M11_M12_M13_M14,HO M11-M14 Condor,Condor,HO,HO_CPG,USD/bbl,NO TRADE,NOT_ACTIONABLE,false,,,3,3,REGIME_ENSEMBLE,false,cpg,0.11392180509517402,-1.0740029617849558,1.0430944033559588,0.019059926382310334,-0.36917925135003854,0.5970228615403866,0.04784715813997309,-0.45108124394968147,0.4380996494095027,0.00800516908057034,0.367202,NO_PATTERN,0.0,0.0,0 long / 0 short; top=ERROR_CORRECTION_RESIDUAL,NORMAL,MIXED,0.0,53.6,0.0,1.0222599506378174,CAPACITY_BELOW_ONE_PACKAGE,2.4891629219055176,5.900000095367432,197.27707402411318,,,,,HO cpg = normalized USD/bbl / 0.42 = native USD/gal x 100,2027-07-30,2027-07-26,238,DEMO ONLY - NOT VALIDATED,true,15,9,30,18,180,30,15,5,false,3
2026-09-01,2026-09-01T18:15:00.000+0000,Jun27/Jul27/Aug27/Sep27 WTI Condor,Jun/Jul/Aug/Sep WTI Condor,CLM7 Comdty | CLN7 Comdty | CLQ7 Comdty | CLU7 Comdty,2027-06-01 | 2027-07-01 | 2027-08-01 | 2027-09-01,CDR.CL.M09_M10_M11_M12,CL M9-M12 Condor,Condor,CL,NORMALIZED_USD_BBL,USD/bbl,NO TRADE,NOT_ACTIONABLE,false,,,3,3,REGIME_ENSEMBLE,false,USD/bbl,0.15606052370556966,-0.430188863850832,0.6086284959089756,0.10841332599520682,-0.08257581724038943,0.39469686465152876,0.15606052370556966,-0.430188863850832,0.6086284959089756,0.10841332599520682,0.367052,NO_PATTERN,0.0,0.0,0 long / 0 short; top=ERROR_CORRECTION_RESIDUAL,IMPACT_STRESS,MIXED,0.0,100.0,0.0,1.0145883560180664,CAPACITY_BELOW_ONE_PACKAGE,14.174663543701172,5.199999809265137,,,,,,Normalized USD/bbl package quote,2027-05-20,2027-05-14,187,DEMO ONLY - NOT VALIDATED,true,15,9,30,18,180,30,15,5,false,3
2026-09-01,2026-09-01T18:15:00.000+0000,Nov26/Dec26/Jan27/Feb27 HO Condor,Nov26/Dec26/Jan27/Feb27 HO Condor,HOX6 Comdty | HOZ6 Comdty | HOF7 Comdty | HOG7 Comdty,2026-11-01 | 2026-12-01 | 2027-01-01 | 2027-02-01,CDR.HO.M02_M03_M04_M05,HO M2-M5 Condor,Condor,HO,HO_CPG,USD/bbl,NO TRADE,NOT_ACTIONABLE,false,,,3,3,REGIME_ENSEMBLE,false,cpg,0.5338785714310271,-1.1354770847119038,1.4583964946113883,0.26306477863164174,0.07747463051496577,0.9902825123470885,0.2242290000010314,-0.47690037557899956,0.6125265277367831,0.11048720702528952,0.365596,NO_PATTERN,0.0,0.0,0 long / 0 short; top=ERROR_CORRECTION_RESIDUAL,NORMAL,MIXED,0.0,53.6,0.0,0.8635398745536804,CAPACITY_BELOW_ONE_PACKAGE,23.809200286865234,2.75,207.3982126402968,,,,,HO cpg = normalized USD/bbl / 0.42 = native USD/gal x 100,2026-10-30,2026-10-26,43,DEMO ONLY - NOT VALIDATED,true,15,9,30,18,180,30,15,5,false,3
2026-09-01,2026-09-01T18:15:00.000+0000,Jul27/Aug27/Sep27/Oct27 Brent Condor,Jul/Aug/Sep/Oct Brent Condor,CON7 Comdty | COQ7 Comdty | COU7 Comdty | COV7 Comdty,2027-07-01 | 2027-08-01 | 2027-09-01 | 2027-10-01,CDR.CO.M09_M10_M11_M12,CO M9-M12 Condor,Condor,CO,NORMALIZED_USD_BBL,USD/bbl,NO TRADE,NOT_ACTIONABLE,false,,,3,3,REGIME_ENSEMBLE,false,USD/bbl,0.08950593741474222,-0.49420683558940887,0.43966667454600333,0.01050772089511156,-0.14496452314915587,0.3239763979786403,0.08950593741474222,-0.49420683558940887,0.43966667454600333,0.01050772089511156,0.365451,NO_PATTERN,0.0,0.0,0 long / 0 short; top=ERROR_CORRECTION_RESIDUAL,NORMAL,MIXED,0.0,100.0,0.0,0.8907765746116638,CAPACITY_BELOW_ONE_PACKAGE,7.04519510269165,5.199999809265137,,,,,,Normalized USD/bbl package quote,2027-05-31,2027-05-25,194,DEMO ONLY - NOT VALIDATED,true,15,9,30,18,180,30,15,5,false,3
2026-09-01,2026-09-01T18:15:00.000+0000,Oct27/Nov27/Dec27/Jan28 WTI Condor,Oct27/Nov27/Dec27/Jan28 WTI Condor,CLV7 Comdty | CLX7 Comdty | CLZ7 Comdty | CLF8 Comdty,2027-10-01 | 2027-11-01 | 2027-12-01 | 2028-01-01,CDR.CL.M13_M14_M15_M16,CL M13-M16 Condor,Condor,CL,NORMALIZED_USD_BBL,USD/bbl,NO TRADE,NOT_ACTIONABLE,false,,,3,3,REGIME_ENSEMBLE,false,USD/bbl,0.027419878925030616,-0.3451815599477291,0.5584261173284053,0.08540126793086529,-0.17041602096443853,0.22525577881449976,0.027419878925030616,-0.3451815599477291,0.5584261173284053,0.08540126793086529,0.365049,NO_PATTERN,0.0,0.0,0 long / 0 short; top=ERROR_CORRECTION_RESIDUAL,NORMAL,MIXED,0.0,100.0,0.0,0.9439150094985962,CAPACITY_BELOW_ONE_PACKAGE,4.529295444488525,6.599999904632568,,,,,,Normalized USD/bbl package quote,2027-09-21,2027-09-15,275,DEMO ONLY - NOT VALIDATED,true,15,9,30,18,180,30,15,5,false,3
2026-09-01,2026-09-01T18:15:00.000+0000,Feb27/Mar27/Apr27/May27 WTI Condor,Feb/Mar/Apr/May WTI Condor,CLG7 Comdty | CLH7 Comdty | CLJ7 Comdty | CLK7 Comdty,2027-02-01 | 2027-03-01 | 2027-04-01 | 2027-05-01,CDR.CL.M05_M06_M07_M08,CL M5-M8 Condor,Condor,CL,NORMALIZED_USD_BBL,USD/bbl,NO TRADE,NOT_ACTIONABLE,false,,,3,3,REGIME_ENSEMBLE,false,USD/bbl,-0.03853206755013616,-0.40704549828052516,0.36371494063615795,-0.0321539431810379,-0.26983888120741994,0.19277474610714762,-0.03853206755013616,-0.40704549828052516,0.36371494063615795,-0.0321539431810379,0.364743,NO_PATTERN,0.0,0.0,0 long / 0 short; top=ERROR_CORRECTION_RESIDUAL,NORMAL,MIXED,0.0,100.0,0.0,1.0440373420715332,CAPACITY_BELOW_ONE_PACKAGE,41.27973937988281,3.799999952316284,,,,,,Normalized USD/bbl package quote,2027-01-20,2027-01-13,101,DEMO ONLY - NOT VALIDATED,true,15,9,30,18,180,30,15,5,false,3
2026-09-01,2026-09-01T18:15:00.000+0000,Oct26/Nov26/Dec26/Jan27 HO Condor,Oct26/Nov26/Dec26/Jan27 HO Condor,HOV6 Comdty | HOX6 Comdty | HOZ6 Comdty | HOF7 Comdty,2026-10-01 | 2026-11-01 | 2026-12-01 | 2027-01-01,HO_CONDOR_1234,HO M1-M2-M3-M4 Condor,Condor,HO,HO_CPG,USD/bbl,NO TRADE,NOT_ACTIONABLE,false,,,3,3,REGIME_ENSEMBLE,false,cpg,-0.5326426660604154,-0.984803399652686,0.9829590876992081,-0.16603262449193387,-1.0593357834661024,-0.00594954865472833,-0.22370991974537446,-0.41361742785412814,0.4128428168336674,-0.06973370228661223,0.364182,NO_PATTERN,0.0,0.0,0 long / 0 short; top=ERROR_CORRECTION_RESIDUAL,VOLUME_DRYNESS,MEAN_REVERTING,0.0,53.6,0.0,0.6373627781867981,CAPACITY_BELOW_ONE_PACKAGE,23.809200286865234,2.4000000953674316,208.2453815070264,,,,,HO cpg = normalized USD/bbl / 0.42 = native USD/gal x 100,2026-09-30,2026-09-24,21,DEMO ONLY - NOT VALIDATED,true,15,9,30,18,180,30,15,5,false,3
2026-09-01,2026-09-01T18:15:00.000+0000,Sep27/Oct27/Nov27/Dec27 HO Condor,Sep/Oct/Nov/Dec HO Condor,HOU7 Comdty | HOV7 Comdty | HOX7 Comdty | HOZ7 Comdty,2027-09-01 | 2027-10-01 | 2027-11-01 | 2027-12-01,CDR.HO.M12_M13_M14_M15,HO M12-M15 Condor,Condor,HO,HO_CPG,USD/bbl,NO TRADE,NOT_ACTIONABLE,false,,,3,3,REGIME_ENSEMBLE,false,cpg,-0.45471570797011346,-0.8725525182939711,0.6463388062261399,-0.21515367463940666,-0.9721592843542718,0.06272786841404489,-0.19098059734744766,-0.36647205768346786,0.2714622986149788,-0.09036454334855079,0.363788,NO_PATTERN,0.0,0.0,0 long / 0 short; top=ERROR_CORRECTION_RESIDUAL,NORMAL,MIXED,0.0,53.6,0.0,0.7032768130302429,CAPACITY_BELOW_ONE_PACKAGE,1.319187879562378,6.25,195.81080955696467,,,,,HO cpg = normalized USD/bbl / 0.42 = native USD/gal x 100,2027-08-31,2027-08-25,260,DEMO ONLY - NOT VALIDATED,true,15,9,30,18,180,30,15,5,false,3
2026-09-01,2026-09-01T18:15:00.000+0000,May27/Jun27/Jul27/Aug27 WTI Condor,May/Jun/Jul/Aug WTI Condor,CLK7 Comdty | CLM7 Comdty | CLN7 Comdty | CLQ7 Comdty,2027-05-01 | 2027-06-01 | 2027-07-01 | 2027-08-01,CDR.CL.M08_M09_M10_M11,CL M8-M11 Condor,Condor,CL,NORMALIZED_USD_BBL,USD/bbl,NO TRADE,NOT_ACTIONABLE,false,,,3,3,REGIME_ENSEMBLE,false,USD/bbl,-0.22901691115903589,-0.4590571577298641,0.21668378064513205,-0.15184601843357085,-0.45265251390146943,-0.005381308416602337,-0.22901691115903589,-0.4590571577298641,0.21668378064513205,-0.15184601843357085,0.363587,NO_PATTERN,0.0,0.0,0 long / 0 short; top=ERROR_CORRECTION_RESIDUAL,NORMAL,MIXED,0.0,100.0,0.0,0.8044704794883728,CAPACITY_BELOW_ONE_PACKAGE,14.864120483398438,4.849999904632568,,,,,,Normalized USD/bbl package quote,2027-04-20,2027-04-14,165,DEMO ONLY - NOT VALIDATED,true,15,9,30,18,180,30,15,5,false,3
2026-09-01,2026-09-01T18:15:00.000+0000,Mar27/Apr27/May27/Jun27 Brent Condor,Mar/Apr/May/Jun Brent Condor,COH7 Comdty | COJ7 Comdty | COK7 Comdty | COM7 Comdty,2027-03-01 | 2027-04-01 | 2027-05-01 | 2027-06-01,CDR.CO.M05_M06_M07_M08,CO M5-M8 Condor,Condor,CO,NORMALIZED_USD_BBL,USD/bbl,NO TRADE,NOT_ACTIONABLE,false,,,3,3,REGIME_ENSEMBLE,false,USD/bbl,-0.1621204290629379,-1.0650753323212265,1.0408395230993628,-0.053949480783194295,-0.3630990211010925,0.038858162975216715,-0.1621204290629379,-1.0650753323212265,1.0408395230993628,-0.053949480783194295,0.363447,NO_PATTERN,0.0,0.0,0 long / 0 short; top=ERROR_CORRECTION_RESIDUAL,NORMAL,MIXED,0.0,100.0,0.0,0.9434764385223389,CAPACITY_BELOW_ONE_PACKAGE,22.203983306884766,3.799999952316284,,,,,,Normalized USD/bbl package quote,2027-01-29,2027-01-25,108,DEMO ONLY - NOT VALIDATED,true,15,9,30,18,180,30,15,5,false,3
2026-09-01,2026-09-01T18:15:00.000+0000,Dec26/Jan27/Feb27/Mar27 Gasoil Condor,Dec26/Jan27/Feb27/Mar27 Gasoil Condor,QSZ6 Comdty | QSF7 Comdty | QSG7 Comdty | QSH7 Comdty,2026-12-01 | 2027-01-01 | 2027-02-01 | 2027-03-01,CDR.QS.M04_M05_M06_M07,QS M4-M7 Condor,Condor,QS,NORMALIZED_USD_BBL,USD/bbl,NO TRADE,NOT_ACTIONABLE,false,,,3,3,REGIME_ENSEMBLE,false,USD/bbl,0.2254243809175449,-0.3047580821675062,0.6573534114521742,0.18985265046358107,0.004311619271035738,0.4465371425640541,0.2254243809175449,-0.3047580821675062,0.6573534114521742,0.18985265046358107,0.363429,NO_PATTERN,0.0,0.0,0 long / 0 short; top=ERROR_CORRECTION_RESIDUAL,NORMAL,MIXED,0.0,220.0,0.0,0.9754489064216614,CAPACITY_BELOW_ONE_PACKAGE,14.362859725952148,3.450000047683716,,644.8643985620192,86.55897967275426,206.092808744653,,Normalized USD/bbl package quote,2026-12-10,2026-12-04,72,DEMO ONLY - NOT VALIDATED,true,15,9,30,18,180,30,15,5,false,3
2026-09-01,2026-09-01T18:15:00.000+0000,Oct26/Nov26/Dec26 HO/WTI Crack Fly,Oct/Nov/Dec HO/WTI Crack Fly,HOV6 Comdty | CLV6 Comdty | HOX6 Comdty | CLX6 Comdty | HOZ6 Comdty | CLZ6 Comdty,2026-10-01 | 2026-11-01 | 2026-12-01,HO_WTI_CRACK_FLY,HO/WTI Crack M1-M2-M3 Fly,Crack Fly,HO|CL,CRACK_USD_BBL,USD/bbl,NO TRADE,NOT_ACTIONABLE,false,,,3,3,REGIME_ENSEMBLE,false,USD/bbl,-0.2841344579524616,-0.618667231425196,0.6317228903244436,-0.08047348777763545,-0.5994444816774944,0.03117556577257119,-0.2841344579524616,-0.618667231425196,0.6317228903244436,-0.08047348777763545,0.363423,NO_PATTERN,0.0,0.0,0 long / 0 short; top=TREND_BREAKOUT,NORMAL,MEAN_REVERTING,0.0,153.60000000000002,0.0,0.6851109862327576,CAPACITY_BELOW_ONE_PACKAGE,21.26129913330078,2.049999952316284,208.2453815070264,,,,,Crack USD/bbl; HO USD/gal x 42 and gasoil USD/MT / 7.45 before leg weighting,2026-09-22,2026-09-16,15,DEMO ONLY - NOT VALIDATED,true,15,9,30,18,180,30,15,5,false,3
2026-09-01,2026-09-01T18:15:00.000+0000,Feb27/Mar27/Apr27/May27 Brent Condor,Feb/Mar/Apr/May Brent Condor,COG7 Comdty | COH7 Comdty | COJ7 Comdty | COK7 Comdty,2027-02-01 | 2027-03-01 | 2027-04-01 | 2027-05-01,CDR.CO.M04_M05_M06_M07,CO M4-M7 Condor,Condor,CO,NORMALIZED_USD_BBL,USD/bbl,NO TRADE,NOT_ACTIONABLE,false,,,3,3,REGIME_ENSEMBLE,false,USD/bbl,0.12405913817627834,-0.7927241941356659,0.7308456396126747,0.014926482364535334,-0.10486751300351216,0.35298578935606884,0.12405913817627834,-0.7927241941356659,0.7308456396126747,0.014926482364535334,0.36318,NO_PATTERN,0.0,0.0,0 long / 0 short; top=ERROR_CORRECTION_RESIDUAL,NORMAL,MIXED,0.0,100.0,0.0,0.8902280330657959,CAPACITY_BELOW_ONE_PACKAGE,25.638769149780273,3.450000047683716,,,,,,Normalized USD/bbl package quote,2026-12-31,2026-12-24,87,DEMO ONLY - NOT VALIDATED,true,15,9,30,18,180,30,15,5,false,3
2026-09-01,2026-09-01T18:15:00.000+0000,May27/Jun27/Jul27/Aug27 HO Condor,May/Jun/Jul/Aug HO Condor,HOK7 Comdty | HOM7 Comdty | HON7 Comdty | HOQ7 Comdty,2027-05-01 | 2027-06-01 | 2027-07-01 | 2027-08-01,CDR.HO.M08_M09_M10_M11,HO M8-M11 Condor,Condor,HO,HO_CPG,USD/bbl,NO TRADE,NOT_ACTIONABLE,false,,,3,3,REGIME_ENSEMBLE,false,cpg,0.4960779921960339,-0.8653702840393497,1.3885794656092212,0.3278671542093867,0.05395508468520829,0.9382008997068594,0.20835275672233422,-0.36345551929652686,0.5832033755558729,0.13770420476794243,0.362126,NO_PATTERN,0.0,0.0,0 long / 0 short; top=ERROR_CORRECTION_RESIDUAL,NORMAL,MIXED,0.0,53.6,0.0,0.8689846992492676,CAPACITY_BELOW_ONE_PACKAGE,4.1073760986328125,4.849999904632568,200.17331793767613,,,,,HO cpg = normalized USD/bbl / 0.42 = native USD/gal x 100,2027-04-30,2027-04-26,173,DEMO ONLY - NOT VALIDATED,true,15,9,30,18,180,30,15,5,false,3
2026-09-01,2026-09-01T18:15:00.000+0000,Jul27/Aug27/Sep27/Oct27 HO Condor,Jul/Aug/Sep/Oct HO Condor,HON7 Comdty | HOQ7 Comdty | HOU7 Comdty | HOV7 Comdty,2027-07-01 | 2027-08-01 | 2027-09-01 | 2027-10-01,CDR.HO.M10_M11_M12_M13,HO M10-M13 Condor,Condor,HO,HO_CPG,USD/bbl,NO TRADE,NOT_ACTIONABLE,false,,,3,3,REGIME_ENSEMBLE,false,cpg,0.03461208627364326,-0.8412429031658739,0.7316624069284824,-0.019996393294561477,-0.4452979485900785,0.5145221211373651,0.014537076234930169,-0.35332201932966706,0.3072982109099626,-0.008398485183715821,0.357981,NO_PATTERN,0.0,0.0,0 long / 0 short; top=ERROR_CORRECTION_RESIDUAL,NORMAL,MIXED,0.0,53.6,0.0,0.8754113912582397,CAPACITY_BELOW_ONE_PACKAGE,2.4891629219055176,5.550000190734863,198.21845916849819,,,,,HO cpg = normalized USD/bbl / 0.42 = native USD/gal x 100,2027-06-30,2027-06-24,216,DEMO ONLY - NOT VALIDATED,true,15,9,30,18,180,30,15,5,false,3
2026-09-01,2026-09-01T18:15:00.000+0000,Nov27/Dec27/Jan28/Feb28 Brent Condor,Nov27/Dec27/Jan28/Feb28 Brent Condor,COX7 Comdty | COZ7 Comdty | COF8 Comdty | COG8 Comdty,2027-11-01 | 2027-12-01 | 2028-01-01 | 2028-02-01,CDR.CO.M13_M14_M15_M16,CO M13-M16 Condor,Condor,CO,NORMALIZED_USD_BBL,USD/bbl,NO TRADE,NOT_ACTIONABLE,false,,,3,3,REGIME_ENSEMBLE,false,USD/bbl,0.11577123992270799,-0.22635000259071586,0.4179731091895699,0.10386384204030036,-0.07335157848768858,0.30489405833310457,0.11577123992270799,-0.22635000259071586,0.4179731091895699,0.10386384204030036,0.350081,NO_PATTERN,0.0,0.0,0 long / 0 short; top=ERROR_CORRECTION_RESIDUAL,NORMAL,MIXED,0.0,100.0,0.0,0.7851215600967407,CAPACITY_BELOW_ONE_PACKAGE,1.8126258850097656,6.599999904632568,,,,,,Normalized USD/bbl package quote,2027-09-30,2027-09-24,282,DEMO ONLY - NOT VALIDATED,true,15,9,30,18,180,30,15,5,false,3
2026-09-01,2026-09-01T18:15:00.000+0000,Nov26/Dec26/Jan27/Feb27 WTI Condor,Nov26/Dec26/Jan27/Feb27 WTI Condor,CLX6 Comdty | CLZ6 Comdty | CLF7 Comdty | CLG7 Comdty,2026-11-01 | 2026-12-01 | 2027-01-01 | 2027-02-01,CDR.CL.M02_M03_M04_M05,CL M2-M5 Condor,Condor,CL,NORMALIZED_USD_BBL,USD/bbl,NO TRADE,NOT_ACTIONABLE,false,,,3,3,REGIME_ENSEMBLE,false,USD/bbl,0.05196979999789164,-0.22729595402419567,0.46014053026378154,0.09729627259075642,-0.1463120171403034,0.2502516171360867,0.05196979999789164,-0.22729595402419567,0.46014053026378154,0.09729627259075642,0.349973,NO_PATTERN,0.0,0.0,0 long / 0 short; top=ERROR_CORRECTION_RESIDUAL,NORMAL,MIXED,0.0,100.0,0.0,0.6828702688217163,CAPACITY_BELOW_ONE_PACKAGE,62.97309875488281,2.75,,,,,,Normalized USD/bbl package quote,2026-10-20,2026-10-14,35,DEMO ONLY - NOT VALIDATED,true,15,9,30,18,180,30,15,5,false,3
2026-09-01,2026-09-01T18:15:00.000+0000,Jan27/Feb27/Mar27/Apr27 HO Condor,Jan/Feb/Mar/Apr HO Condor,HOF7 Comdty | HOG7 Comdty | HOH7 Comdty | HOJ7 Comdty,2027-01-01 | 2027-02-01 | 2027-03-01 | 2027-04-01,CDR.HO.M04_M05_M06_M07,HO M4-M7 Condor,Condor,HO,HO_CPG,USD/bbl,NO TRADE,NOT_ACTIONABLE,false,,,3,3,REGIME_ENSEMBLE,false,cpg,0.040965583907983556,-0.6517995839275065,0.712942378892785,0.028896450419865903,-0.42965184735230705,0.5115830151682742,0.017205545241353093,-0.2737558252495527,0.2994357991349697,0.01213650917634368,0.344427,NO_PATTERN,0.0,0.0,0 long / 0 short; top=ERROR_CORRECTION_RESIDUAL,NORMAL,MIXED,0.0,53.6,0.0,0.7282718420028687,CAPACITY_BELOW_ONE_PACKAGE,11.143938064575195,3.450000047683716,204.71279671667193,,,,,HO cpg = normalized USD/bbl / 0.42 = native USD/gal x 100,2026-12-31,2026-12-24,87,DEMO ONLY - NOT VALIDATED,true,15,9,30,18,180,30,15,5,false,3
2026-09-01,2026-09-01T18:15:00.000+0000,Nov26/Dec26/Jan27/Feb27 Gasoil Condor,Nov26/Dec26/Jan27/Feb27 Gasoil Condor,QSX6 Comdty | QSZ6 Comdty | QSF7 Comdty | QSG7 Comdty,2026-11-01 | 2026-12-01 | 2027-01-01 | 2027-02-01,CDR.QS.M03_M04_M05_M06,QS M3-M6 Condor,Condor,QS,NORMALIZED_USD_BBL,USD/bbl,NO TRADE,NOT_ACTIONABLE,false,,,3,3,REGIME_ENSEMBLE,false,USD/bbl,-0.036329717913673676,-0.39465753032326695,0.30517025335192677,-0.045033861324191085,-0.25316906867365674,0.1805096328463094,-0.036329717913673676,-0.39465753032326695,0.30517025335192677,-0.045033861324191085,0.343942,NO_PATTERN,0.0,0.0,0 long / 0 short; top=ERROR_CORRECTION_RESIDUAL,NORMAL,MIXED,0.0,220.0,0.0,0.7131270170211792,CAPACITY_BELOW_ONE_PACKAGE,14.386154174804688,3.0999999046325684,,648.806532471017,87.0881251638949,207.35267896165453,,Normalized USD/bbl package quote,2026-11-11,2026-11-05,51,DEMO ONLY - NOT VALIDATED,true,15,9,30,18,180,30,15,5,false,3
2026-09-01,2026-09-01T18:15:00.000+0000,Nov26/Dec26 WTI Calendar,Nov/Dec WTI Calendar,CLX6 Comdty | CLZ6 Comdty,2026-11-01 | 2026-12-01,CAL.CL.M02_M03,CL M2-M3 Calendar,Calendar,CL,NORMALIZED_USD_BBL,USD/bbl,WATCH,WATCH_ONLY,false,,,3,3,REGIME_ENSEMBLE,false,USD/bbl,0.43579381246742344,0.2412499891012907,0.796477247646451,0.4983172535896301,0.28786730308708286,0.583720321847764,0.43579381246742344,0.2412499891012907,0.796477247646451,0.4983172535896301,0.559654,BULLISH_FRAGMENT,0.190995,0.14285714285714285,1 long / 0 short; top=ERROR_CORRECTION_RESIDUAL,NORMAL,MIXED,0.0,50.0,0.0,1.0881866216659546,PASS,196.12957763671875,2.049999952316284,,,,,,Normalized USD/bbl package quote,2026-10-20,2026-10-14,35,DEMO ONLY - NOT VALIDATED,true,15,9,30,18,180,30,15,5,false,3
